id,material_id,material_series_code,rental_code,material_care_type,lease_type,commitment_duration,adjusted_commitment_duration,dist_value_m01,dist_value_r01,dist_value_r02,dist_value_r03,dist_value_s01,dist_ratio_m01,dist_ratio_r01,dist_ratio_r02,dist_ratio_r03,dist_ratio_s01,dist_price_m01,dist_price_r01,dist_price_r02,dist_price_r03,dist_price_s01,start_date
1,WP_113627,NECOA_ROCT,N0000A,SELF_CARE,OPERATING_LEASE,0,60,1180,,,,600,0.6629,,,,0.3371,43.0885,,,,21.9115,2024-01-01
2,WP_113627,NECOA_ROCT,N3000A,SELF_CARE,FINANCIAL_LEASE,36,36,1180,,,,252,0.824,,,,0.176,37.08,,,,7.92,2024-01-01
3,WP_113627,NECOA_ROCT,N3N00A,SELF_CARE,OPERATING_LEASE,0,60,1180,,,,600,0.6629,,,,0.3371,29.8305,,,,15.1695,2024-01-01
4,WP_113627,NECOA_ROCT,N3200A,SELF_CARE,FINANCIAL_LEASE,24,24,1180,,,,168,0.8754,,,,0.1246,28.0128,,,,3.9872,2024-01-01
5,WP_113627,NECOA_ROCT,N32N0A,SELF_CARE,OPERATING_LEASE,0,60,1180,,,,600,0.6629,,,,0.3371,21.2128,,,,10.7872,2024-01-01
6,WP_113627,NECOA_ROCT,N5000A,SELF_CARE,FINANCIAL_LEASE,60,60,1180,,,,420,0.7375,,,,0.2625,25.8125,,,,9.1875,2024-01-01
7,WP_113627,NECOA_ROCT,N5N00A,SELF_CARE,OPERATING_LEASE,0,60,1180,,,,600,0.6629,,,,0.3371,23.2015,,,,11.7985,2024-01-01
8,WP_113627,NECOA_ROCT,30000A,SELF_CARE,FINANCIAL_LEASE,36,36,1180,,,,252,0.824,,,,0.176,37.08,,,,7.92,2024-01-01
9,WP_113627,NECOA_ROCT,3N000A,SELF_CARE,OPERATING_LEASE,0,60,1180,,,,600,0.6629,,,,0.3371,29.8305,,,,15.1695,2024-01-01
10,WP_113627,NECOA_ROCT,32000A,SELF_CARE,FINANCIAL_LEASE,24,24,1180,,,,168,0.8754,,,,0.1246,28.0128,,,,3.9872,2024-01-01
11,WP_113627,NECOA_ROCT,32N00A,SELF_CARE,OPERATING_LEASE,0,60,1180,,,,600,0.6629,,,,0.3371,21.2128,,,,10.7872,2024-01-01
12,WP_113627,NECOA_ROCT,32200A,SELF_CARE,FINANCIAL_LEASE,24,24,1180,,,,168,0.8754,,,,0.1246,21.885,,,,3.115,2024-01-01
13,WP_113627,NECOA_ROCT,34000A,SELF_CARE,FINANCIAL_LEASE,48,48,1180,,,,336,0.7784,,,,0.2216,19.46,,,,5.54,2024-01-01
14,WP_113627,NECOA_ROCT,50000A,SELF_CARE,FINANCIAL_LEASE,60,60,1180,,,,420,0.7375,,,,0.2625,25.8125,,,,9.1875,2024-01-01
15,WP_113627,NECOA_ROCT,5N000A,SELF_CARE,OPERATING_LEASE,0,60,1180,,,,600,0.6629,,,,0.3371,23.2015,,,,11.7985,2024-01-01
16,WP_113627,NECOA_ROCT,52000A,SELF_CARE,FINANCIAL_LEASE,24,24,1180,,,,168,0.8754,,,,0.1246,20.1342,,,,2.8658,2024-01-01
17,WP_113627,NECOA_ROCT,70000A,SELF_CARE,FINANCIAL_LEASE,84,84,1180,,,,588,0.6674,,,,0.3326,20.022,,,,9.978,2024-01-01
18,WP_113627,NECOA_ROCT,N0000A,HOME_CARE,OPERATING_LEASE,0,60,1180,,,,600,0.6629,,,,0.3371,49.7175,,,,25.2825,2024-01-01
19,WP_113627,NECOA_ROCT,N3000A,HOME_CARE,FINANCIAL_LEASE,36,36,1180,,,,252,0.824,,,,0.176,45.32,,,,9.68,2024-01-01
20,WP_113627,NECOA_ROCT,N3N00A,HOME_CARE,OPERATING_LEASE,0,60,1180,,,,600,0.6629,,,,0.3371,36.4595,,,,18.5405,2024-01-01
21,WP_113627,NECOA_ROCT,N3200A,HOME_CARE,FINANCIAL_LEASE,24,24,1180,,,,168,0.8754,,,,0.1246,36.7668,,,,5.2332,2024-01-01
22,WP_113627,NECOA_ROCT,N32N0A,HOME_CARE,OPERATING_LEASE,0,60,1180,,,,600,0.6629,,,,0.3371,27.8418,,,,14.1582,2024-01-01
23,WP_113627,NECOA_ROCT,N5000A,HOME_CARE,FINANCIAL_LEASE,60,60,1180,,,,420,0.7375,,,,0.2625,33.1875,,,,11.8125,2024-01-01
24,WP_113627,NECOA_ROCT,N5N00A,HOME_CARE,OPERATING_LEASE,0,60,1180,,,,600,0.6629,,,,0.3371,29.8305,,,,15.1695,2024-01-01
25,WP_113627,NECOA_ROCT,30000A,HOME_CARE,FINANCIAL_LEASE,36,36,1180,,,,252,0.824,,,,0.176,45.32,,,,9.68,2024-01-01
26,WP_113627,NECOA_ROCT,3N000A,HOME_CARE,OPERATING_LEASE,0,60,1180,,,,600,0.6629,,,,0.3371,36.4595,,,,18.5405,2024-01-01
27,WP_113627,NECOA_ROCT,32000A,HOME_CARE,FINANCIAL_LEASE,24,24,1180,,,,168,0.8754,,,,0.1246,36.7668,,,,5.2332,2024-01-01
28,WP_113627,NECOA_ROCT,32N00A,HOME_CARE,OPERATING_LEASE,0,60,1180,,,,600,0.6629,,,,0.3371,27.8418,,,,14.1582,2024-01-01
29,WP_113627,NECOA_ROCT,32200A,HOME_CARE,FINANCIAL_LEASE,24,24,1180,,,,168,0.8754,,,,0.1246,30.639,,,,4.361,2024-01-01
30,WP_113627,NECOA_ROCT,34000A,HOME_CARE,FINANCIAL_LEASE,48,48,1180,,,,336,0.7784,,,,0.2216,27.244,,,,7.756,2024-01-01
31,WP_113627,NECOA_ROCT,50000A,HOME_CARE,FINANCIAL_LEASE,60,60,1180,,,,420,0.7375,,,,0.2625,33.1875,,,,11.8125,2024-01-01
32,WP_113627,NECOA_ROCT,5N000A,HOME_CARE,OPERATING_LEASE,0,60,1180,,,,600,0.6629,,,,0.3371,29.8305,,,,15.1695,2024-01-01
33,WP_113627,NECOA_ROCT,52000A,HOME_CARE,FINANCIAL_LEASE,24,24,1180,,,,168,0.8754,,,,0.1246,28.8882,,,,4.1118,2024-01-01
34,WP_113627,NECOA_ROCT,70000A,HOME_CARE,FINANCIAL_LEASE,84,84,1180,,,,588,0.6674,,,,0.3326,26.696,,,,13.304,2024-01-01
35,WP_113729,NECOA_ROCT,N0000A,SELF_CARE,OPERATING_LEASE,0,60,1180,,,,600,0.6629,,,,0.3371,43.0885,,,,21.9115,2024-01-01
36,WP_113729,NECOA_ROCT,N3000A,SELF_CARE,FINANCIAL_LEASE,36,36,1180,,,,252,0.824,,,,0.176,37.08,,,,7.92,2024-01-01
37,WP_113729,NECOA_ROCT,N3N00A,SELF_CARE,OPERATING_LEASE,0,60,1180,,,,600,0.6629,,,,0.3371,29.8305,,,,15.1695,2024-01-01
38,WP_113729,NECOA_ROCT,N3200A,SELF_CARE,FINANCIAL_LEASE,24,24,1180,,,,168,0.8754,,,,0.1246,28.0128,,,,3.9872,2024-01-01
39,WP_113729,NECOA_ROCT,N32N0A,SELF_CARE,OPERATING_LEASE,0,60,1180,,,,600,0.6629,,,,0.3371,21.2128,,,,10.7872,2024-01-01
40,WP_113729,NECOA_ROCT,N5000A,SELF_CARE,FINANCIAL_LEASE,60,60,1180,,,,420,0.7375,,,,0.2625,25.8125,,,,9.1875,2024-01-01
41,WP_113729,NECOA_ROCT,N5N00A,SELF_CARE,OPERATING_LEASE,0,60,1180,,,,600,0.6629,,,,0.3371,23.2015,,,,11.7985,2024-01-01
42,WP_113729,NECOA_ROCT,30000A,SELF_CARE,FINANCIAL_LEASE,36,36,1180,,,,252,0.824,,,,0.176,37.08,,,,7.92,2024-01-01
43,WP_113729,NECOA_ROCT,3N000A,SELF_CARE,OPERATING_LEASE,0,60,1180,,,,600,0.6629,,,,0.3371,29.8305,,,,15.1695,2024-01-01
44,WP_113729,NECOA_ROCT,32000A,SELF_CARE,FINANCIAL_LEASE,24,24,1180,,,,168,0.8754,,,,0.1246,28.0128,,,,3.9872,2024-01-01
45,WP_113729,NECOA_ROCT,32N00A,SELF_CARE,OPERATING_LEASE,0,60,1180,,,,600,0.6629,,,,0.3371,21.2128,,,,10.7872,2024-01-01
46,WP_113729,NECOA_ROCT,32200A,SELF_CARE,FINANCIAL_LEASE,24,24,1180,,,,168,0.8754,,,,0.1246,21.885,,,,3.115,2024-01-01
47,WP_113729,NECOA_ROCT,34000A,SELF_CARE,FINANCIAL_LEASE,48,48,1180,,,,336,0.7784,,,,0.2216,19.46,,,,5.54,2024-01-01
48,WP_113729,NECOA_ROCT,50000A,SELF_CARE,FINANCIAL_LEASE,60,60,1180,,,,420,0.7375,,,,0.2625,25.8125,,,,9.1875,2024-01-01
49,WP_113729,NECOA_ROCT,5N000A,SELF_CARE,OPERATING_LEASE,0,60,1180,,,,600,0.6629,,,,0.3371,23.2015,,,,11.7985,2024-01-01
50,WP_113729,NECOA_ROCT,52000A,SELF_CARE,FINANCIAL_LEASE,24,24,1180,,,,168,0.8754,,,,0.1246,20.1342,,,,2.8658,2024-01-01
51,WP_113729,NECOA_ROCT,70000A,SELF_CARE,FINANCIAL_LEASE,84,84,1180,,,,588,0.6674,,,,0.3326,20.022,,,,9.978,2024-01-01
52,WP_113729,NECOA_ROCT,N0000A,HOME_CARE,OPERATING_LEASE,0,60,1180,,,,600,0.6629,,,,0.3371,49.7175,,,,25.2825,2024-01-01
53,WP_113729,NECOA_ROCT,N3000A,HOME_CARE,FINANCIAL_LEASE,36,36,1180,,,,252,0.824,,,,0.176,45.32,,,,9.68,2024-01-01
54,WP_113729,NECOA_ROCT,N3N00A,HOME_CARE,OPERATING_LEASE,0,60,1180,,,,600,0.6629,,,,0.3371,36.4595,,,,18.5405,2024-01-01
55,WP_113729,NECOA_ROCT,N3200A,HOME_CARE,FINANCIAL_LEASE,24,24,1180,,,,168,0.8754,,,,0.1246,36.7668,,,,5.2332,2024-01-01
56,WP_113729,NECOA_ROCT,N32N0A,HOME_CARE,OPERATING_LEASE,0,60,1180,,,,600,0.6629,,,,0.3371,27.8418,,,,14.1582,2024-01-01
57,WP_113729,NECOA_ROCT,N5000A,HOME_CARE,FINANCIAL_LEASE,60,60,1180,,,,420,0.7375,,,,0.2625,33.1875,,,,11.8125,2024-01-01
58,WP_113729,NECOA_ROCT,N5N00A,HOME_CARE,OPERATING_LEASE,0,60,1180,,,,600,0.6629,,,,0.3371,29.8305,,,,15.1695,2024-01-01
59,WP_113729,NECOA_ROCT,30000A,HOME_CARE,FINANCIAL_LEASE,36,36,1180,,,,252,0.824,,,,0.176,45.32,,,,9.68,2024-01-01
60,WP_113729,NECOA_ROCT,3N000A,HOME_CARE,OPERATING_LEASE,0,60,1180,,,,600,0.6629,,,,0.3371,36.4595,,,,18.5405,2024-01-01
61,WP_113729,NECOA_ROCT,32000A,HOME_CARE,FINANCIAL_LEASE,24,24,1180,,,,168,0.8754,,,,0.1246,36.7668,,,,5.2332,2024-01-01
62,WP_113729,NECOA_ROCT,32N00A,HOME_CARE,OPERATING_LEASE,0,60,1180,,,,600,0.6629,,,,0.3371,27.8418,,,,14.1582,2024-01-01
63,WP_113729,NECOA_ROCT,32200A,HOME_CARE,FINANCIAL_LEASE,24,24,1180,,,,168,0.8754,,,,0.1246,30.639,,,,4.361,2024-01-01
64,WP_113729,NECOA_ROCT,34000A,HOME_CARE,FINANCIAL_LEASE,48,48,1180,,,,336,0.7784,,,,0.2216,27.244,,,,7.756,2024-01-01
65,WP_113729,NECOA_ROCT,50000A,HOME_CARE,FINANCIAL_LEASE,60,60,1180,,,,420,0.7375,,,,0.2625,33.1875,,,,11.8125,2024-01-01
66,WP_113729,NECOA_ROCT,5N000A,HOME_CARE,OPERATING_LEASE,0,60,1180,,,,600,0.6629,,,,0.3371,29.8305,,,,15.1695,2024-01-01
67,WP_113729,NECOA_ROCT,52000A,HOME_CARE,FINANCIAL_LEASE,24,24,1180,,,,168,0.8754,,,,0.1246,28.8882,,,,4.1118,2024-01-01
68,WP_113729,NECOA_ROCT,70000A,HOME_CARE,FINANCIAL_LEASE,84,84,1180,,,,588,0.6674,,,,0.3326,26.696,,,,13.304,2024-01-01
69,WP_113785,NECOA_ROCT,N0000A,SELF_CARE,OPERATING_LEASE,0,60,1180,,,,600,0.6629,,,,0.3371,43.0885,,,,21.9115,2024-01-01
70,WP_113785,NECOA_ROCT,N3000A,SELF_CARE,FINANCIAL_LEASE,36,36,1180,,,,252,0.824,,,,0.176,37.08,,,,7.92,2024-01-01
71,WP_113785,NECOA_ROCT,N3N00A,SELF_CARE,OPERATING_LEASE,0,60,1180,,,,600,0.6629,,,,0.3371,29.8305,,,,15.1695,2024-01-01
72,WP_113785,NECOA_ROCT,N3200A,SELF_CARE,FINANCIAL_LEASE,24,24,1180,,,,168,0.8754,,,,0.1246,28.0128,,,,3.9872,2024-01-01
73,WP_113785,NECOA_ROCT,N32N0A,SELF_CARE,OPERATING_LEASE,0,60,1180,,,,600,0.6629,,,,0.3371,21.2128,,,,10.7872,2024-01-01
74,WP_113785,NECOA_ROCT,N5000A,SELF_CARE,FINANCIAL_LEASE,60,60,1180,,,,420,0.7375,,,,0.2625,25.8125,,,,9.1875,2024-01-01
75,WP_113785,NECOA_ROCT,N5N00A,SELF_CARE,OPERATING_LEASE,0,60,1180,,,,600,0.6629,,,,0.3371,23.2015,,,,11.7985,2024-01-01
76,WP_113785,NECOA_ROCT,30000A,SELF_CARE,FINANCIAL_LEASE,36,36,1180,,,,252,0.824,,,,0.176,37.08,,,,7.92,2024-01-01
77,WP_113785,NECOA_ROCT,3N000A,SELF_CARE,OPERATING_LEASE,0,60,1180,,,,600,0.6629,,,,0.3371,29.8305,,,,15.1695,2024-01-01
78,WP_113785,NECOA_ROCT,32000A,SELF_CARE,FINANCIAL_LEASE,24,24,1180,,,,168,0.8754,,,,0.1246,28.0128,,,,3.9872,2024-01-01
79,WP_113785,NECOA_ROCT,32N00A,SELF_CARE,OPERATING_LEASE,0,60,1180,,,,600,0.6629,,,,0.3371,21.2128,,,,10.7872,2024-01-01
80,WP_113785,NECOA_ROCT,32200A,SELF_CARE,FINANCIAL_LEASE,24,24,1180,,,,168,0.8754,,,,0.1246,21.885,,,,3.115,2024-01-01
81,WP_113785,NECOA_ROCT,34000A,SELF_CARE,FINANCIAL_LEASE,48,48,1180,,,,336,0.7784,,,,0.2216,19.46,,,,5.54,2024-01-01
82,WP_113785,NECOA_ROCT,50000A,SELF_CARE,FINANCIAL_LEASE,60,60,1180,,,,420,0.7375,,,,0.2625,25.8125,,,,9.1875,2024-01-01
83,WP_113785,NECOA_ROCT,5N000A,SELF_CARE,OPERATING_LEASE,0,60,1180,,,,600,0.6629,,,,0.3371,23.2015,,,,11.7985,2024-01-01
84,WP_113785,NECOA_ROCT,52000A,SELF_CARE,FINANCIAL_LEASE,24,24,1180,,,,168,0.8754,,,,0.1246,20.1342,,,,2.8658,2024-01-01
85,WP_113785,NECOA_ROCT,70000A,SELF_CARE,FINANCIAL_LEASE,84,84,1180,,,,588,0.6674,,,,0.3326,20.022,,,,9.978,2024-01-01
86,WP_113785,NECOA_ROCT,N0000A,HOME_CARE,OPERATING_LEASE,0,60,1180,,,,600,0.6629,,,,0.3371,49.7175,,,,25.2825,2024-01-01
87,WP_113785,NECOA_ROCT,N3000A,HOME_CARE,FINANCIAL_LEASE,36,36,1180,,,,252,0.824,,,,0.176,45.32,,,,9.68,2024-01-01
88,WP_113785,NECOA_ROCT,N3N00A,HOME_CARE,OPERATING_LEASE,0,60,1180,,,,600,0.6629,,,,0.3371,36.4595,,,,18.5405,2024-01-01
89,WP_113785,NECOA_ROCT,N3200A,HOME_CARE,FINANCIAL_LEASE,24,24,1180,,,,168,0.8754,,,,0.1246,36.7668,,,,5.2332,2024-01-01
90,WP_113785,NECOA_ROCT,N32N0A,HOME_CARE,OPERATING_LEASE,0,60,1180,,,,600,0.6629,,,,0.3371,27.8418,,,,14.1582,2024-01-01
91,WP_113785,NECOA_ROCT,N5000A,HOME_CARE,FINANCIAL_LEASE,60,60,1180,,,,420,0.7375,,,,0.2625,33.1875,,,,11.8125,2024-01-01
92,WP_113785,NECOA_ROCT,N5N00A,HOME_CARE,OPERATING_LEASE,0,60,1180,,,,600,0.6629,,,,0.3371,29.8305,,,,15.1695,2024-01-01
93,WP_113785,NECOA_ROCT,30000A,HOME_CARE,FINANCIAL_LEASE,36,36,1180,,,,252,0.824,,,,0.176,45.32,,,,9.68,2024-01-01
94,WP_113785,NECOA_ROCT,3N000A,HOME_CARE,OPERATING_LEASE,0,60,1180,,,,600,0.6629,,,,0.3371,36.4595,,,,18.5405,2024-01-01
95,WP_113785,NECOA_ROCT,32000A,HOME_CARE,FINANCIAL_LEASE,24,24,1180,,,,168,0.8754,,,,0.1246,36.7668,,,,5.2332,2024-01-01
96,WP_113785,NECOA_ROCT,32N00A,HOME_CARE,OPERATING_LEASE,0,60,1180,,,,600,0.6629,,,,0.3371,27.8418,,,,14.1582,2024-01-01
97,WP_113785,NECOA_ROCT,32200A,HOME_CARE,FINANCIAL_LEASE,24,24,1180,,,,168,0.8754,,,,0.1246,30.639,,,,4.361,2024-01-01
98,WP_113785,NECOA_ROCT,34000A,HOME_CARE,FINANCIAL_LEASE,48,48,1180,,,,336,0.7784,,,,0.2216,27.244,,,,7.756,2024-01-01
99,WP_113785,NECOA_ROCT,50000A,HOME_CARE,FINANCIAL_LEASE,60,60,1180,,,,420,0.7375,,,,0.2625,33.1875,,,,11.8125,2024-01-01
100,WP_113785,NECOA_ROCT,5N000A,HOME_CARE,OPERATING_LEASE,0,60,1180,,,,600,0.6629,,,,0.3371,29.8305,,,,15.1695,2024-01-01
101,WP_113785,NECOA_ROCT,52000A,HOME_CARE,FINANCIAL_LEASE,24,24,1180,,,,168,0.8754,,,,0.1246,28.8882,,,,4.1118,2024-01-01
102,WP_113785,NECOA_ROCT,70000A,HOME_CARE,FINANCIAL_LEASE,84,84,1180,,,,588,0.6674,,,,0.3326,26.696,,,,13.304,2024-01-01
103,WP_113786,NECOA_ROCT,N0000A,SELF_CARE,OPERATING_LEASE,0,60,1180,,,,600,0.6629,,,,0.3371,43.0885,,,,21.9115,2024-01-01
104,WP_113786,NECOA_ROCT,N3000A,SELF_CARE,FINANCIAL_LEASE,36,36,1180,,,,252,0.824,,,,0.176,37.08,,,,7.92,2024-01-01
105,WP_113786,NECOA_ROCT,N3N00A,SELF_CARE,OPERATING_LEASE,0,60,1180,,,,600,0.6629,,,,0.3371,29.8305,,,,15.1695,2024-01-01
106,WP_113786,NECOA_ROCT,N3200A,SELF_CARE,FINANCIAL_LEASE,24,24,1180,,,,168,0.8754,,,,0.1246,28.0128,,,,3.9872,2024-01-01
107,WP_113786,NECOA_ROCT,N32N0A,SELF_CARE,OPERATING_LEASE,0,60,1180,,,,600,0.6629,,,,0.3371,21.2128,,,,10.7872,2024-01-01
108,WP_113786,NECOA_ROCT,N5000A,SELF_CARE,FINANCIAL_LEASE,60,60,1180,,,,420,0.7375,,,,0.2625,25.8125,,,,9.1875,2024-01-01
109,WP_113786,NECOA_ROCT,N5N00A,SELF_CARE,OPERATING_LEASE,0,60,1180,,,,600,0.6629,,,,0.3371,23.2015,,,,11.7985,2024-01-01
110,WP_113786,NECOA_ROCT,30000A,SELF_CARE,FINANCIAL_LEASE,36,36,1180,,,,252,0.824,,,,0.176,37.08,,,,7.92,2024-01-01
111,WP_113786,NECOA_ROCT,3N000A,SELF_CARE,OPERATING_LEASE,0,60,1180,,,,600,0.6629,,,,0.3371,29.8305,,,,15.1695,2024-01-01
112,WP_113786,NECOA_ROCT,32000A,SELF_CARE,FINANCIAL_LEASE,24,24,1180,,,,168,0.8754,,,,0.1246,28.0128,,,,3.9872,2024-01-01
113,WP_113786,NECOA_ROCT,32N00A,SELF_CARE,OPERATING_LEASE,0,60,1180,,,,600,0.6629,,,,0.3371,21.2128,,,,10.7872,2024-01-01
114,WP_113786,NECOA_ROCT,32200A,SELF_CARE,FINANCIAL_LEASE,24,24,1180,,,,168,0.8754,,,,0.1246,21.885,,,,3.115,2024-01-01
115,WP_113786,NECOA_ROCT,34000A,SELF_CARE,FINANCIAL_LEASE,48,48,1180,,,,336,0.7784,,,,0.2216,19.46,,,,5.54,2024-01-01
116,WP_113786,NECOA_ROCT,50000A,SELF_CARE,FINANCIAL_LEASE,60,60,1180,,,,420,0.7375,,,,0.2625,25.8125,,,,9.1875,2024-01-01
117,WP_113786,NECOA_ROCT,5N000A,SELF_CARE,OPERATING_LEASE,0,60,1180,,,,600,0.6629,,,,0.3371,23.2015,,,,11.7985,2024-01-01
118,WP_113786,NECOA_ROCT,52000A,SELF_CARE,FINANCIAL_LEASE,24,24,1180,,,,168,0.8754,,,,0.1246,20.1342,,,,2.8658,2024-01-01
119,WP_113786,NECOA_ROCT,70000A,SELF_CARE,FINANCIAL_LEASE,84,84,1180,,,,588,0.6674,,,,0.3326,20.022,,,,9.978,2024-01-01
120,WP_113786,NECOA_ROCT,N0000A,HOME_CARE,OPERATING_LEASE,0,60,1180,,,,600,0.6629,,,,0.3371,49.7175,,,,25.2825,2024-01-01
121,WP_113786,NECOA_ROCT,N3000A,HOME_CARE,FINANCIAL_LEASE,36,36,1180,,,,252,0.824,,,,0.176,45.32,,,,9.68,2024-01-01
122,WP_113786,NECOA_ROCT,N3N00A,HOME_CARE,OPERATING_LEASE,0,60,1180,,,,600,0.6629,,,,0.3371,36.4595,,,,18.5405,2024-01-01
123,WP_113786,NECOA_ROCT,N3200A,HOME_CARE,FINANCIAL_LEASE,24,24,1180,,,,168,0.8754,,,,0.1246,36.7668,,,,5.2332,2024-01-01
124,WP_113786,NECOA_ROCT,N32N0A,HOME_CARE,OPERATING_LEASE,0,60,1180,,,,600,0.6629,,,,0.3371,27.8418,,,,14.1582,2024-01-01
125,WP_113786,NECOA_ROCT,N5000A,HOME_CARE,FINANCIAL_LEASE,60,60,1180,,,,420,0.7375,,,,0.2625,33.1875,,,,11.8125,2024-01-01
126,WP_113786,NECOA_ROCT,N5N00A,HOME_CARE,OPERATING_LEASE,0,60,1180,,,,600,0.6629,,,,0.3371,29.8305,,,,15.1695,2024-01-01
127,WP_113786,NECOA_ROCT,30000A,HOME_CARE,FINANCIAL_LEASE,36,36,1180,,,,252,0.824,,,,0.176,45.32,,,,9.68,2024-01-01
128,WP_113786,NECOA_ROCT,3N000A,HOME_CARE,OPERATING_LEASE,0,60,1180,,,,600,0.6629,,,,0.3371,36.4595,,,,18.5405,2024-01-01
129,WP_113786,NECOA_ROCT,32000A,HOME_CARE,FINANCIAL_LEASE,24,24,1180,,,,168,0.8754,,,,0.1246,36.7668,,,,5.2332,2024-01-01
130,WP_113786,NECOA_ROCT,32N00A,HOME_CARE,OPERATING_LEASE,0,60,1180,,,,600,0.6629,,,,0.3371,27.8418,,,,14.1582,2024-01-01
131,WP_113786,NECOA_ROCT,32200A,HOME_CARE,FINANCIAL_LEASE,24,24,1180,,,,168,0.8754,,,,0.1246,30.639,,,,4.361,2024-01-01
132,WP_113786,NECOA_ROCT,34000A,HOME_CARE,FINANCIAL_LEASE,48,48,1180,,,,336,0.7784,,,,0.2216,27.244,,,,7.756,2024-01-01
133,WP_113786,NECOA_ROCT,50000A,HOME_CARE,FINANCIAL_LEASE,60,60,1180,,,,420,0.7375,,,,0.2625,33.1875,,,,11.8125,2024-01-01
134,WP_113786,NECOA_ROCT,5N000A,HOME_CARE,OPERATING_LEASE,0,60,1180,,,,600,0.6629,,,,0.3371,29.8305,,,,15.1695,2024-01-01
135,WP_113786,NECOA_ROCT,52000A,HOME_CARE,FINANCIAL_LEASE,24,24,1180,,,,168,0.8754,,,,0.1246,28.8882,,,,4.1118,2024-01-01
136,WP_113786,NECOA_ROCT,70000A,HOME_CARE,FINANCIAL_LEASE,84,84,1180,,,,588,0.6674,,,,0.3326,26.696,,,,13.304,2024-01-01
137,WP_113643,NECOA_NTCT,N0000A,SELF_CARE,OPERATING_LEASE,0,60,1870,,,,600,0.7571,,,,0.2429,70.4103,,,,22.5897,2024-01-01
138,WP_113643,NECOA_NTCT,N3000A,SELF_CARE,FINANCIAL_LEASE,36,36,1870,,,,252,0.8812,,,,0.1188,57.278,,,,7.722,2024-01-01
139,WP_113643,NECOA_NTCT,N3N00A,SELF_CARE,OPERATING_LEASE,0,60,1870,,,,600,0.7571,,,,0.2429,49.2115,,,,15.7885,2024-01-01
140,WP_113643,NECOA_NTCT,N3200A,SELF_CARE,FINANCIAL_LEASE,24,24,1870,,,,168,0.9176,,,,0.0824,42.2096,,,,3.7904,2024-01-01
141,WP_113643,NECOA_NTCT,N32N0A,SELF_CARE,OPERATING_LEASE,0,60,1870,,,,600,0.7571,,,,0.2429,34.8266,,,,11.1734,2024-01-01
142,WP_113643,NECOA_NTCT,N5000A,SELF_CARE,FINANCIAL_LEASE,60,60,1870,,,,420,0.8166,,,,0.1834,29.3976,,,,6.6024,2024-01-01
143,WP_113643,NECOA_NTCT,N5N00A,SELF_CARE,OPERATING_LEASE,0,60,1870,,,,600,0.7571,,,,0.2429,37.855,,,,12.145,2024-01-01
144,WP_113643,NECOA_NTCT,30000A,SELF_CARE,FINANCIAL_LEASE,36,36,1870,,,,252,0.8812,,,,0.1188,57.278,,,,7.722,2024-01-01
145,WP_113643,NECOA_NTCT,3N000A,SELF_CARE,OPERATING_LEASE,0,60,1870,,,,600,0.7571,,,,0.2429,49.2115,,,,15.7885,2024-01-01
146,WP_113643,NECOA_NTCT,32000A,SELF_CARE,FINANCIAL_LEASE,24,24,1870,,,,168,0.9176,,,,0.0824,42.2096,,,,3.7904,2024-01-01
147,WP_113643,NECOA_NTCT,32N00A,SELF_CARE,OPERATING_LEASE,0,60,1870,,,,600,0.7571,,,,0.2429,34.8266,,,,11.1734,2024-01-01
148,WP_113643,NECOA_NTCT,32200A,SELF_CARE,FINANCIAL_LEASE,24,24,1870,,,,168,0.9176,,,,0.0824,33.0336,,,,2.9664,2024-01-01
149,WP_113643,NECOA_NTCT,34000A,SELF_CARE,FINANCIAL_LEASE,48,48,1870,,,,336,0.8477,,,,0.1523,30.5172,,,,5.4828,2024-01-01
150,WP_113643,NECOA_NTCT,50000A,SELF_CARE,FINANCIAL_LEASE,60,60,1870,,,,420,0.8166,,,,0.1834,29.3976,,,,6.6024,2024-01-01
151,WP_113643,NECOA_NTCT,5N000A,SELF_CARE,OPERATING_LEASE,0,60,1870,,,,600,0.7571,,,,0.2429,37.855,,,,12.145,2024-01-01
152,WP_113643,NECOA_NTCT,52000A,SELF_CARE,FINANCIAL_LEASE,24,24,1870,,,,168,0.9176,,,,0.0824,30.2808,,,,2.7192,2024-01-01
153,WP_113643,NECOA_NTCT,70000A,SELF_CARE,FINANCIAL_LEASE,84,84,1870,,,,588,0.7608,,,,0.2392,32.7144,,,,10.2856,2024-01-01
154,WP_113643,NECOA_NTCT,N0000A,HOME_CARE,OPERATING_LEASE,0,60,1870,,,,600,0.7571,,,,0.2429,77.9813,,,,25.0187,2024-01-01
155,WP_113643,NECOA_NTCT,N3000A,HOME_CARE,FINANCIAL_LEASE,36,36,1870,,,,252,0.8812,,,,0.1188,66.09,,,,8.91,2024-01-01
156,WP_113643,NECOA_NTCT,N3N00A,HOME_CARE,OPERATING_LEASE,0,60,1870,,,,600,0.7571,,,,0.2429,56.7825,,,,18.2175,2024-01-01
157,WP_113643,NECOA_NTCT,N3200A,HOME_CARE,FINANCIAL_LEASE,24,24,1870,,,,168,0.9176,,,,0.0824,51.3856,,,,4.6144,2024-01-01
158,WP_113643,NECOA_NTCT,N32N0A,HOME_CARE,OPERATING_LEASE,0,60,1870,,,,600,0.7571,,,,0.2429,42.3976,,,,13.6024,2024-01-01
159,WP_113643,NECOA_NTCT,N5000A,HOME_CARE,FINANCIAL_LEASE,60,60,1870,,,,420,0.8166,,,,0.1834,37.5636,,,,8.4364,2024-01-01
160,WP_113643,NECOA_NTCT,N5N00A,HOME_CARE,OPERATING_LEASE,0,60,1870,,,,600,0.7571,,,,0.2429,45.426,,,,14.574,2024-01-01
161,WP_113643,NECOA_NTCT,30000A,HOME_CARE,FINANCIAL_LEASE,36,36,1870,,,,252,0.8812,,,,0.1188,66.09,,,,8.91,2024-01-01
162,WP_113643,NECOA_NTCT,3N000A,HOME_CARE,OPERATING_LEASE,0,60,1870,,,,600,0.7571,,,,0.2429,56.7825,,,,18.2175,2024-01-01
163,WP_113643,NECOA_NTCT,32000A,HOME_CARE,FINANCIAL_LEASE,24,24,1870,,,,168,0.9176,,,,0.0824,51.3856,,,,4.6144,2024-01-01
164,WP_113643,NECOA_NTCT,32N00A,HOME_CARE,OPERATING_LEASE,0,60,1870,,,,600,0.7571,,,,0.2429,42.3976,,,,13.6024,2024-01-01
165,WP_113643,NECOA_NTCT,32200A,HOME_CARE,FINANCIAL_LEASE,24,24,1870,,,,168,0.9176,,,,0.0824,42.2096,,,,3.7904,2024-01-01
166,WP_113643,NECOA_NTCT,34000A,HOME_CARE,FINANCIAL_LEASE,48,48,1870,,,,336,0.8477,,,,0.1523,38.9942,,,,7.0058,2024-01-01
167,WP_113643,NECOA_NTCT,50000A,HOME_CARE,FINANCIAL_LEASE,60,60,1870,,,,420,0.8166,,,,0.1834,37.5636,,,,8.4364,2024-01-01
168,WP_113643,NECOA_NTCT,5N000A,HOME_CARE,OPERATING_LEASE,0,60,1870,,,,600,0.7571,,,,0.2429,45.426,,,,14.574,2024-01-01
169,WP_113643,NECOA_NTCT,52000A,HOME_CARE,FINANCIAL_LEASE,24,24,1870,,,,168,0.9176,,,,0.0824,39.4568,,,,3.5432,2024-01-01
170,WP_113643,NECOA_NTCT,70000A,HOME_CARE,FINANCIAL_LEASE,84,84,1870,,,,588,0.7608,,,,0.2392,40.3224,,,,12.6776,2024-01-01
171,WP_113725,NECOA_NTCT,N0000A,SELF_CARE,OPERATING_LEASE,0,60,1870,,,,600,0.7571,,,,0.2429,70.4103,,,,22.5897,2024-01-01
172,WP_113725,NECOA_NTCT,N3000A,SELF_CARE,FINANCIAL_LEASE,36,36,1870,,,,252,0.8812,,,,0.1188,57.278,,,,7.722,2024-01-01
173,WP_113725,NECOA_NTCT,N3N00A,SELF_CARE,OPERATING_LEASE,0,60,1870,,,,600,0.7571,,,,0.2429,49.2115,,,,15.7885,2024-01-01
174,WP_113725,NECOA_NTCT,N3200A,SELF_CARE,FINANCIAL_LEASE,24,24,1870,,,,168,0.9176,,,,0.0824,42.2096,,,,3.7904,2024-01-01
175,WP_113725,NECOA_NTCT,N32N0A,SELF_CARE,OPERATING_LEASE,0,60,1870,,,,600,0.7571,,,,0.2429,34.8266,,,,11.1734,2024-01-01
176,WP_113725,NECOA_NTCT,N5000A,SELF_CARE,FINANCIAL_LEASE,60,60,1870,,,,420,0.8166,,,,0.1834,29.3976,,,,6.6024,2024-01-01
177,WP_113725,NECOA_NTCT,N5N00A,SELF_CARE,OPERATING_LEASE,0,60,1870,,,,600,0.7571,,,,0.2429,37.855,,,,12.145,2024-01-01
178,WP_113725,NECOA_NTCT,30000A,SELF_CARE,FINANCIAL_LEASE,36,36,1870,,,,252,0.8812,,,,0.1188,57.278,,,,7.722,2024-01-01
179,WP_113725,NECOA_NTCT,3N000A,SELF_CARE,OPERATING_LEASE,0,60,1870,,,,600,0.7571,,,,0.2429,49.2115,,,,15.7885,2024-01-01
180,WP_113725,NECOA_NTCT,32000A,SELF_CARE,FINANCIAL_LEASE,24,24,1870,,,,168,0.9176,,,,0.0824,42.2096,,,,3.7904,2024-01-01
181,WP_113725,NECOA_NTCT,32N00A,SELF_CARE,OPERATING_LEASE,0,60,1870,,,,600,0.7571,,,,0.2429,34.8266,,,,11.1734,2024-01-01
182,WP_113725,NECOA_NTCT,32200A,SELF_CARE,FINANCIAL_LEASE,24,24,1870,,,,168,0.9176,,,,0.0824,33.0336,,,,2.9664,2024-01-01
183,WP_113725,NECOA_NTCT,34000A,SELF_CARE,FINANCIAL_LEASE,48,48,1870,,,,336,0.8477,,,,0.1523,30.5172,,,,5.4828,2024-01-01
184,WP_113725,NECOA_NTCT,50000A,SELF_CARE,FINANCIAL_LEASE,60,60,1870,,,,420,0.8166,,,,0.1834,29.3976,,,,6.6024,2024-01-01
185,WP_113725,NECOA_NTCT,5N000A,SELF_CARE,OPERATING_LEASE,0,60,1870,,,,600,0.7571,,,,0.2429,37.855,,,,12.145,2024-01-01
186,WP_113725,NECOA_NTCT,52000A,SELF_CARE,FINANCIAL_LEASE,24,24,1870,,,,168,0.9176,,,,0.0824,30.2808,,,,2.7192,2024-01-01
187,WP_113725,NECOA_NTCT,70000A,SELF_CARE,FINANCIAL_LEASE,84,84,1870,,,,588,0.7608,,,,0.2392,32.7144,,,,10.2856,2024-01-01
188,WP_113725,NECOA_NTCT,N0000A,HOME_CARE,OPERATING_LEASE,0,60,1870,,,,600,0.7571,,,,0.2429,77.9813,,,,25.0187,2024-01-01
189,WP_113725,NECOA_NTCT,N3000A,HOME_CARE,FINANCIAL_LEASE,36,36,1870,,,,252,0.8812,,,,0.1188,66.09,,,,8.91,2024-01-01
190,WP_113725,NECOA_NTCT,N3N00A,HOME_CARE,OPERATING_LEASE,0,60,1870,,,,600,0.7571,,,,0.2429,56.7825,,,,18.2175,2024-01-01
191,WP_113725,NECOA_NTCT,N3200A,HOME_CARE,FINANCIAL_LEASE,24,24,1870,,,,168,0.9176,,,,0.0824,51.3856,,,,4.6144,2024-01-01
192,WP_113725,NECOA_NTCT,N32N0A,HOME_CARE,OPERATING_LEASE,0,60,1870,,,,600,0.7571,,,,0.2429,42.3976,,,,13.6024,2024-01-01
193,WP_113725,NECOA_NTCT,N5000A,HOME_CARE,FINANCIAL_LEASE,60,60,1870,,,,420,0.8166,,,,0.1834,37.5636,,,,8.4364,2024-01-01
194,WP_113725,NECOA_NTCT,N5N00A,HOME_CARE,OPERATING_LEASE,0,60,1870,,,,600,0.7571,,,,0.2429,45.426,,,,14.574,2024-01-01
195,WP_113725,NECOA_NTCT,30000A,HOME_CARE,FINANCIAL_LEASE,36,36,1870,,,,252,0.8812,,,,0.1188,66.09,,,,8.91,2024-01-01
196,WP_113725,NECOA_NTCT,3N000A,HOME_CARE,OPERATING_LEASE,0,60,1870,,,,600,0.7571,,,,0.2429,56.7825,,,,18.2175,2024-01-01
197,WP_113725,NECOA_NTCT,32000A,HOME_CARE,FINANCIAL_LEASE,24,24,1870,,,,168,0.9176,,,,0.0824,51.3856,,,,4.6144,2024-01-01
198,WP_113725,NECOA_NTCT,32N00A,HOME_CARE,OPERATING_LEASE,0,60,1870,,,,600,0.7571,,,,0.2429,42.3976,,,,13.6024,2024-01-01
199,WP_113725,NECOA_NTCT,32200A,HOME_CARE,FINANCIAL_LEASE,24,24,1870,,,,168,0.9176,,,,0.0824,42.2096,,,,3.7904,2024-01-01
200,WP_113725,NECOA_NTCT,34000A,HOME_CARE,FINANCIAL_LEASE,48,48,1870,,,,336,0.8477,,,,0.1523,38.9942,,,,7.0058,2024-01-01
201,WP_113725,NECOA_NTCT,50000A,HOME_CARE,FINANCIAL_LEASE,60,60,1870,,,,420,0.8166,,,,0.1834,37.5636,,,,8.4364,2024-01-01
202,WP_113725,NECOA_NTCT,5N000A,HOME_CARE,OPERATING_LEASE,0,60,1870,,,,600,0.7571,,,,0.2429,45.426,,,,14.574,2024-01-01
203,WP_113725,NECOA_NTCT,52000A,HOME_CARE,FINANCIAL_LEASE,24,24,1870,,,,168,0.9176,,,,0.0824,39.4568,,,,3.5432,2024-01-01
204,WP_113725,NECOA_NTCT,70000A,HOME_CARE,FINANCIAL_LEASE,84,84,1870,,,,588,0.7608,,,,0.2392,40.3224,,,,12.6776,2024-01-01
205,WP_113792,NECOA_NTCT,N0000A,SELF_CARE,OPERATING_LEASE,0,60,1870,,,,600,0.7571,,,,0.2429,70.4103,,,,22.5897,2024-01-01
206,WP_113792,NECOA_NTCT,N3000A,SELF_CARE,FINANCIAL_LEASE,36,36,1870,,,,252,0.8812,,,,0.1188,57.278,,,,7.722,2024-01-01
207,WP_113792,NECOA_NTCT,N3N00A,SELF_CARE,OPERATING_LEASE,0,60,1870,,,,600,0.7571,,,,0.2429,49.2115,,,,15.7885,2024-01-01
208,WP_113792,NECOA_NTCT,N3200A,SELF_CARE,FINANCIAL_LEASE,24,24,1870,,,,168,0.9176,,,,0.0824,42.2096,,,,3.7904,2024-01-01
209,WP_113792,NECOA_NTCT,N32N0A,SELF_CARE,OPERATING_LEASE,0,60,1870,,,,600,0.7571,,,,0.2429,34.8266,,,,11.1734,2024-01-01
210,WP_113792,NECOA_NTCT,N5000A,SELF_CARE,FINANCIAL_LEASE,60,60,1870,,,,420,0.8166,,,,0.1834,29.3976,,,,6.6024,2024-01-01
211,WP_113792,NECOA_NTCT,N5N00A,SELF_CARE,OPERATING_LEASE,0,60,1870,,,,600,0.7571,,,,0.2429,37.855,,,,12.145,2024-01-01
212,WP_113792,NECOA_NTCT,30000A,SELF_CARE,FINANCIAL_LEASE,36,36,1870,,,,252,0.8812,,,,0.1188,57.278,,,,7.722,2024-01-01
213,WP_113792,NECOA_NTCT,3N000A,SELF_CARE,OPERATING_LEASE,0,60,1870,,,,600,0.7571,,,,0.2429,49.2115,,,,15.7885,2024-01-01
214,WP_113792,NECOA_NTCT,32000A,SELF_CARE,FINANCIAL_LEASE,24,24,1870,,,,168,0.9176,,,,0.0824,42.2096,,,,3.7904,2024-01-01
215,WP_113792,NECOA_NTCT,32N00A,SELF_CARE,OPERATING_LEASE,0,60,1870,,,,600,0.7571,,,,0.2429,34.8266,,,,11.1734,2024-01-01
216,WP_113792,NECOA_NTCT,32200A,SELF_CARE,FINANCIAL_LEASE,24,24,1870,,,,168,0.9176,,,,0.0824,33.0336,,,,2.9664,2024-01-01
217,WP_113792,NECOA_NTCT,34000A,SELF_CARE,FINANCIAL_LEASE,48,48,1870,,,,336,0.8477,,,,0.1523,30.5172,,,,5.4828,2024-01-01
218,WP_113792,NECOA_NTCT,50000A,SELF_CARE,FINANCIAL_LEASE,60,60,1870,,,,420,0.8166,,,,0.1834,29.3976,,,,6.6024,2024-01-01
219,WP_113792,NECOA_NTCT,5N000A,SELF_CARE,OPERATING_LEASE,0,60,1870,,,,600,0.7571,,,,0.2429,37.855,,,,12.145,2024-01-01
220,WP_113792,NECOA_NTCT,52000A,SELF_CARE,FINANCIAL_LEASE,24,24,1870,,,,168,0.9176,,,,0.0824,30.2808,,,,2.7192,2024-01-01
221,WP_113792,NECOA_NTCT,70000A,SELF_CARE,FINANCIAL_LEASE,84,84,1870,,,,588,0.7608,,,,0.2392,32.7144,,,,10.2856,2024-01-01
222,WP_113792,NECOA_NTCT,N0000A,HOME_CARE,OPERATING_LEASE,0,60,1870,,,,600,0.7571,,,,0.2429,77.9813,,,,25.0187,2024-01-01
223,WP_113792,NECOA_NTCT,N3000A,HOME_CARE,FINANCIAL_LEASE,36,36,1870,,,,252,0.8812,,,,0.1188,66.09,,,,8.91,2024-01-01
224,WP_113792,NECOA_NTCT,N3N00A,HOME_CARE,OPERATING_LEASE,0,60,1870,,,,600,0.7571,,,,0.2429,56.7825,,,,18.2175,2024-01-01
225,WP_113792,NECOA_NTCT,N3200A,HOME_CARE,FINANCIAL_LEASE,24,24,1870,,,,168,0.9176,,,,0.0824,51.3856,,,,4.6144,2024-01-01
226,WP_113792,NECOA_NTCT,N32N0A,HOME_CARE,OPERATING_LEASE,0,60,1870,,,,600,0.7571,,,,0.2429,42.3976,,,,13.6024,2024-01-01
227,WP_113792,NECOA_NTCT,N5000A,HOME_CARE,FINANCIAL_LEASE,60,60,1870,,,,420,0.8166,,,,0.1834,37.5636,,,,8.4364,2024-01-01
228,WP_113792,NECOA_NTCT,N5N00A,HOME_CARE,OPERATING_LEASE,0,60,1870,,,,600,0.7571,,,,0.2429,45.426,,,,14.574,2024-01-01
229,WP_113792,NECOA_NTCT,30000A,HOME_CARE,FINANCIAL_LEASE,36,36,1870,,,,252,0.8812,,,,0.1188,66.09,,,,8.91,2024-01-01
230,WP_113792,NECOA_NTCT,3N000A,HOME_CARE,OPERATING_LEASE,0,60,1870,,,,600,0.7571,,,,0.2429,56.7825,,,,18.2175,2024-01-01
231,WP_113792,NECOA_NTCT,32000A,HOME_CARE,FINANCIAL_LEASE,24,24,1870,,,,168,0.9176,,,,0.0824,51.3856,,,,4.6144,2024-01-01
232,WP_113792,NECOA_NTCT,32N00A,HOME_CARE,OPERATING_LEASE,0,60,1870,,,,600,0.7571,,,,0.2429,42.3976,,,,13.6024,2024-01-01
233,WP_113792,NECOA_NTCT,32200A,HOME_CARE,FINANCIAL_LEASE,24,24,1870,,,,168,0.9176,,,,0.0824,42.2096,,,,3.7904,2024-01-01
234,WP_113792,NECOA_NTCT,34000A,HOME_CARE,FINANCIAL_LEASE,48,48,1870,,,,336,0.8477,,,,0.1523,38.9942,,,,7.0058,2024-01-01
235,WP_113792,NECOA_NTCT,50000A,HOME_CARE,FINANCIAL_LEASE,60,60,1870,,,,420,0.8166,,,,0.1834,37.5636,,,,8.4364,2024-01-01
236,WP_113792,NECOA_NTCT,5N000A,HOME_CARE,OPERATING_LEASE,0,60,1870,,,,600,0.7571,,,,0.2429,45.426,,,,14.574,2024-01-01
237,WP_113792,NECOA_NTCT,52000A,HOME_CARE,FINANCIAL_LEASE,24,24,1870,,,,168,0.9176,,,,0.0824,39.4568,,,,3.5432,2024-01-01
238,WP_113792,NECOA_NTCT,70000A,HOME_CARE,FINANCIAL_LEASE,84,84,1870,,,,588,0.7608,,,,0.2392,40.3224,,,,12.6776,2024-01-01
239,WP_113793,NECOA_NTCT,N0000A,SELF_CARE,OPERATING_LEASE,0,60,1870,,,,600,0.7571,,,,0.2429,70.4103,,,,22.5897,2024-01-01
240,WP_113793,NECOA_NTCT,N3000A,SELF_CARE,FINANCIAL_LEASE,36,36,1870,,,,252,0.8812,,,,0.1188,57.278,,,,7.722,2024-01-01
241,WP_113793,NECOA_NTCT,N3N00A,SELF_CARE,OPERATING_LEASE,0,60,1870,,,,600,0.7571,,,,0.2429,49.2115,,,,15.7885,2024-01-01
242,WP_113793,NECOA_NTCT,N3200A,SELF_CARE,FINANCIAL_LEASE,24,24,1870,,,,168,0.9176,,,,0.0824,42.2096,,,,3.7904,2024-01-01
243,WP_113793,NECOA_NTCT,N32N0A,SELF_CARE,OPERATING_LEASE,0,60,1870,,,,600,0.7571,,,,0.2429,34.8266,,,,11.1734,2024-01-01
244,WP_113793,NECOA_NTCT,N5000A,SELF_CARE,FINANCIAL_LEASE,60,60,1870,,,,420,0.8166,,,,0.1834,29.3976,,,,6.6024,2024-01-01
245,WP_113793,NECOA_NTCT,N5N00A,SELF_CARE,OPERATING_LEASE,0,60,1870,,,,600,0.7571,,,,0.2429,37.855,,,,12.145,2024-01-01
246,WP_113793,NECOA_NTCT,30000A,SELF_CARE,FINANCIAL_LEASE,36,36,1870,,,,252,0.8812,,,,0.1188,57.278,,,,7.722,2024-01-01
247,WP_113793,NECOA_NTCT,3N000A,SELF_CARE,OPERATING_LEASE,0,60,1870,,,,600,0.7571,,,,0.2429,49.2115,,,,15.7885,2024-01-01
248,WP_113793,NECOA_NTCT,32000A,SELF_CARE,FINANCIAL_LEASE,24,24,1870,,,,168,0.9176,,,,0.0824,42.2096,,,,3.7904,2024-01-01
249,WP_113793,NECOA_NTCT,32N00A,SELF_CARE,OPERATING_LEASE,0,60,1870,,,,600,0.7571,,,,0.2429,34.8266,,,,11.1734,2024-01-01
250,WP_113793,NECOA_NTCT,32200A,SELF_CARE,FINANCIAL_LEASE,24,24,1870,,,,168,0.9176,,,,0.0824,33.0336,,,,2.9664,2024-01-01
251,WP_113793,NECOA_NTCT,34000A,SELF_CARE,FINANCIAL_LEASE,48,48,1870,,,,336,0.8477,,,,0.1523,30.5172,,,,5.4828,2024-01-01
252,WP_113793,NECOA_NTCT,50000A,SELF_CARE,FINANCIAL_LEASE,60,60,1870,,,,420,0.8166,,,,0.1834,29.3976,,,,6.6024,2024-01-01
253,WP_113793,NECOA_NTCT,5N000A,SELF_CARE,OPERATING_LEASE,0,60,1870,,,,600,0.7571,,,,0.2429,37.855,,,,12.145,2024-01-01
254,WP_113793,NECOA_NTCT,52000A,SELF_CARE,FINANCIAL_LEASE,24,24,1870,,,,168,0.9176,,,,0.0824,30.2808,,,,2.7192,2024-01-01
255,WP_113793,NECOA_NTCT,70000A,SELF_CARE,FINANCIAL_LEASE,84,84,1870,,,,588,0.7608,,,,0.2392,32.7144,,,,10.2856,2024-01-01
256,WP_113793,NECOA_NTCT,N0000A,HOME_CARE,OPERATING_LEASE,0,60,1870,,,,600,0.7571,,,,0.2429,77.9813,,,,25.0187,2024-01-01
257,WP_113793,NECOA_NTCT,N3000A,HOME_CARE,FINANCIAL_LEASE,36,36,1870,,,,252,0.8812,,,,0.1188,66.09,,,,8.91,2024-01-01
258,WP_113793,NECOA_NTCT,N3N00A,HOME_CARE,OPERATING_LEASE,0,60,1870,,,,600,0.7571,,,,0.2429,56.7825,,,,18.2175,2024-01-01
259,WP_113793,NECOA_NTCT,N3200A,HOME_CARE,FINANCIAL_LEASE,24,24,1870,,,,168,0.9176,,,,0.0824,51.3856,,,,4.6144,2024-01-01
260,WP_113793,NECOA_NTCT,N32N0A,HOME_CARE,OPERATING_LEASE,0,60,1870,,,,600,0.7571,,,,0.2429,42.3976,,,,13.6024,2024-01-01
261,WP_113793,NECOA_NTCT,N5000A,HOME_CARE,FINANCIAL_LEASE,60,60,1870,,,,420,0.8166,,,,0.1834,37.5636,,,,8.4364,2024-01-01
262,WP_113793,NECOA_NTCT,N5N00A,HOME_CARE,OPERATING_LEASE,0,60,1870,,,,600,0.7571,,,,0.2429,45.426,,,,14.574,2024-01-01
263,WP_113793,NECOA_NTCT,30000A,HOME_CARE,FINANCIAL_LEASE,36,36,1870,,,,252,0.8812,,,,0.1188,66.09,,,,8.91,2024-01-01
264,WP_113793,NECOA_NTCT,3N000A,HOME_CARE,OPERATING_LEASE,0,60,1870,,,,600,0.7571,,,,0.2429,56.7825,,,,18.2175,2024-01-01
265,WP_113793,NECOA_NTCT,32000A,HOME_CARE,FINANCIAL_LEASE,24,24,1870,,,,168,0.9176,,,,0.0824,51.3856,,,,4.6144,2024-01-01
266,WP_113793,NECOA_NTCT,32N00A,HOME_CARE,OPERATING_LEASE,0,60,1870,,,,600,0.7571,,,,0.2429,42.3976,,,,13.6024,2024-01-01
267,WP_113793,NECOA_NTCT,32200A,HOME_CARE,FINANCIAL_LEASE,24,24,1870,,,,168,0.9176,,,,0.0824,42.2096,,,,3.7904,2024-01-01
268,WP_113793,NECOA_NTCT,34000A,HOME_CARE,FINANCIAL_LEASE,48,48,1870,,,,336,0.8477,,,,0.1523,38.9942,,,,7.0058,2024-01-01
269,WP_113793,NECOA_NTCT,50000A,HOME_CARE,FINANCIAL_LEASE,60,60,1870,,,,420,0.8166,,,,0.1834,37.5636,,,,8.4364,2024-01-01
270,WP_113793,NECOA_NTCT,5N000A,HOME_CARE,OPERATING_LEASE,0,60,1870,,,,600,0.7571,,,,0.2429,45.426,,,,14.574,2024-01-01
271,WP_113793,NECOA_NTCT,52000A,HOME_CARE,FINANCIAL_LEASE,24,24,1870,,,,168,0.9176,,,,0.0824,39.4568,,,,3.5432,2024-01-01
272,WP_113793,NECOA_NTCT,70000A,HOME_CARE,FINANCIAL_LEASE,84,84,1870,,,,588,0.7608,,,,0.2392,40.3224,,,,12.6776,2024-01-01
273,WP_113713,NECOA_ROICE,N0000A,SELF_CARE,OPERATING_LEASE,0,60,1180,,,,600,0.6629,,,,0.3371,43.0885,,,,21.9115,2024-01-01
274,WP_113713,NECOA_ROICE,N3000A,SELF_CARE,FINANCIAL_LEASE,36,36,1180,,,,252,0.824,,,,0.176,37.08,,,,7.92,2024-01-01
275,WP_113713,NECOA_ROICE,N3N00A,SELF_CARE,OPERATING_LEASE,0,60,1180,,,,600,0.6629,,,,0.3371,29.8305,,,,15.1695,2024-01-01
276,WP_113713,NECOA_ROICE,N3200A,SELF_CARE,FINANCIAL_LEASE,24,24,1180,,,,168,0.8754,,,,0.1246,28.0128,,,,3.9872,2024-01-01
277,WP_113713,NECOA_ROICE,N32N0A,SELF_CARE,OPERATING_LEASE,0,60,1180,,,,600,0.6629,,,,0.3371,21.2128,,,,10.7872,2024-01-01
278,WP_113713,NECOA_ROICE,N5000A,SELF_CARE,FINANCIAL_LEASE,60,60,1180,,,,420,0.7375,,,,0.2625,25.8125,,,,9.1875,2024-01-01
279,WP_113713,NECOA_ROICE,N5N00A,SELF_CARE,OPERATING_LEASE,0,60,1180,,,,600,0.6629,,,,0.3371,23.2015,,,,11.7985,2024-01-01
280,WP_113713,NECOA_ROICE,30000A,SELF_CARE,FINANCIAL_LEASE,36,36,1180,,,,252,0.824,,,,0.176,37.08,,,,7.92,2024-01-01
281,WP_113713,NECOA_ROICE,3N000A,SELF_CARE,OPERATING_LEASE,0,60,1180,,,,600,0.6629,,,,0.3371,29.8305,,,,15.1695,2024-01-01
282,WP_113713,NECOA_ROICE,32000A,SELF_CARE,FINANCIAL_LEASE,24,24,1180,,,,168,0.8754,,,,0.1246,28.0128,,,,3.9872,2024-01-01
283,WP_113713,NECOA_ROICE,32N00A,SELF_CARE,OPERATING_LEASE,0,60,1180,,,,600,0.6629,,,,0.3371,21.2128,,,,10.7872,2024-01-01
284,WP_113713,NECOA_ROICE,32200A,SELF_CARE,FINANCIAL_LEASE,24,24,1180,,,,168,0.8754,,,,0.1246,21.885,,,,3.115,2024-01-01
285,WP_113713,NECOA_ROICE,34000A,SELF_CARE,FINANCIAL_LEASE,48,48,1180,,,,336,0.7784,,,,0.2216,19.46,,,,5.54,2024-01-01
286,WP_113713,NECOA_ROICE,50000A,SELF_CARE,FINANCIAL_LEASE,60,60,1180,,,,420,0.7375,,,,0.2625,25.8125,,,,9.1875,2024-01-01
287,WP_113713,NECOA_ROICE,5N000A,SELF_CARE,OPERATING_LEASE,0,60,1180,,,,600,0.6629,,,,0.3371,23.2015,,,,11.7985,2024-01-01
288,WP_113713,NECOA_ROICE,52000A,SELF_CARE,FINANCIAL_LEASE,24,24,1180,,,,168,0.8754,,,,0.1246,20.1342,,,,2.8658,2024-01-01
289,WP_113713,NECOA_ROICE,70000A,SELF_CARE,FINANCIAL_LEASE,84,84,1180,,,,588,0.6674,,,,0.3326,20.022,,,,9.978,2024-01-01
290,WP_113713,NECOA_ROICE,N0000A,HOME_CARE,OPERATING_LEASE,0,60,1180,,,,600,0.6629,,,,0.3371,49.7175,,,,25.2825,2024-01-01
291,WP_113713,NECOA_ROICE,N3000A,HOME_CARE,FINANCIAL_LEASE,36,36,1180,,,,252,0.824,,,,0.176,45.32,,,,9.68,2024-01-01
292,WP_113713,NECOA_ROICE,N3N00A,HOME_CARE,OPERATING_LEASE,0,60,1180,,,,600,0.6629,,,,0.3371,36.4595,,,,18.5405,2024-01-01
293,WP_113713,NECOA_ROICE,N3200A,HOME_CARE,FINANCIAL_LEASE,24,24,1180,,,,168,0.8754,,,,0.1246,36.7668,,,,5.2332,2024-01-01
294,WP_113713,NECOA_ROICE,N32N0A,HOME_CARE,OPERATING_LEASE,0,60,1180,,,,600,0.6629,,,,0.3371,27.8418,,,,14.1582,2024-01-01
295,WP_113713,NECOA_ROICE,N5000A,HOME_CARE,FINANCIAL_LEASE,60,60,1180,,,,420,0.7375,,,,0.2625,33.1875,,,,11.8125,2024-01-01
296,WP_113713,NECOA_ROICE,N5N00A,HOME_CARE,OPERATING_LEASE,0,60,1180,,,,600,0.6629,,,,0.3371,29.8305,,,,15.1695,2024-01-01
297,WP_113713,NECOA_ROICE,30000A,HOME_CARE,FINANCIAL_LEASE,36,36,1180,,,,252,0.824,,,,0.176,45.32,,,,9.68,2024-01-01
298,WP_113713,NECOA_ROICE,3N000A,HOME_CARE,OPERATING_LEASE,0,60,1180,,,,600,0.6629,,,,0.3371,36.4595,,,,18.5405,2024-01-01
299,WP_113713,NECOA_ROICE,32000A,HOME_CARE,FINANCIAL_LEASE,24,24,1180,,,,168,0.8754,,,,0.1246,36.7668,,,,5.2332,2024-01-01
300,WP_113713,NECOA_ROICE,32N00A,HOME_CARE,OPERATING_LEASE,0,60,1180,,,,600,0.6629,,,,0.3371,27.8418,,,,14.1582,2024-01-01
301,WP_113713,NECOA_ROICE,32200A,HOME_CARE,FINANCIAL_LEASE,24,24,1180,,,,168,0.8754,,,,0.1246,30.639,,,,4.361,2024-01-01
302,WP_113713,NECOA_ROICE,34000A,HOME_CARE,FINANCIAL_LEASE,48,48,1180,,,,336,0.7784,,,,0.2216,27.244,,,,7.756,2024-01-01
303,WP_113713,NECOA_ROICE,50000A,HOME_CARE,FINANCIAL_LEASE,60,60,1180,,,,420,0.7375,,,,0.2625,33.1875,,,,11.8125,2024-01-01
304,WP_113713,NECOA_ROICE,5N000A,HOME_CARE,OPERATING_LEASE,0,60,1180,,,,600,0.6629,,,,0.3371,29.8305,,,,15.1695,2024-01-01
305,WP_113713,NECOA_ROICE,52000A,HOME_CARE,FINANCIAL_LEASE,24,24,1180,,,,168,0.8754,,,,0.1246,28.8882,,,,4.1118,2024-01-01
306,WP_113713,NECOA_ROICE,70000A,HOME_CARE,FINANCIAL_LEASE,84,84,1180,,,,588,0.6674,,,,0.3326,26.696,,,,13.304,2024-01-01
307,WP_113727,NECOA_ROICE,N0000A,SELF_CARE,OPERATING_LEASE,0,60,1180,,,,600,0.6629,,,,0.3371,43.0885,,,,21.9115,2024-01-01
308,WP_113727,NECOA_ROICE,N3000A,SELF_CARE,FINANCIAL_LEASE,36,36,1180,,,,252,0.824,,,,0.176,37.08,,,,7.92,2024-01-01
309,WP_113727,NECOA_ROICE,N3N00A,SELF_CARE,OPERATING_LEASE,0,60,1180,,,,600,0.6629,,,,0.3371,29.8305,,,,15.1695,2024-01-01
310,WP_113727,NECOA_ROICE,N3200A,SELF_CARE,FINANCIAL_LEASE,24,24,1180,,,,168,0.8754,,,,0.1246,28.0128,,,,3.9872,2024-01-01
311,WP_113727,NECOA_ROICE,N32N0A,SELF_CARE,OPERATING_LEASE,0,60,1180,,,,600,0.6629,,,,0.3371,21.2128,,,,10.7872,2024-01-01
312,WP_113727,NECOA_ROICE,N5000A,SELF_CARE,FINANCIAL_LEASE,60,60,1180,,,,420,0.7375,,,,0.2625,25.8125,,,,9.1875,2024-01-01
313,WP_113727,NECOA_ROICE,N5N00A,SELF_CARE,OPERATING_LEASE,0,60,1180,,,,600,0.6629,,,,0.3371,23.2015,,,,11.7985,2024-01-01
314,WP_113727,NECOA_ROICE,30000A,SELF_CARE,FINANCIAL_LEASE,36,36,1180,,,,252,0.824,,,,0.176,37.08,,,,7.92,2024-01-01
315,WP_113727,NECOA_ROICE,3N000A,SELF_CARE,OPERATING_LEASE,0,60,1180,,,,600,0.6629,,,,0.3371,29.8305,,,,15.1695,2024-01-01
316,WP_113727,NECOA_ROICE,32000A,SELF_CARE,FINANCIAL_LEASE,24,24,1180,,,,168,0.8754,,,,0.1246,28.0128,,,,3.9872,2024-01-01
317,WP_113727,NECOA_ROICE,32N00A,SELF_CARE,OPERATING_LEASE,0,60,1180,,,,600,0.6629,,,,0.3371,21.2128,,,,10.7872,2024-01-01
318,WP_113727,NECOA_ROICE,32200A,SELF_CARE,FINANCIAL_LEASE,24,24,1180,,,,168,0.8754,,,,0.1246,21.885,,,,3.115,2024-01-01
319,WP_113727,NECOA_ROICE,34000A,SELF_CARE,FINANCIAL_LEASE,48,48,1180,,,,336,0.7784,,,,0.2216,19.46,,,,5.54,2024-01-01
320,WP_113727,NECOA_ROICE,50000A,SELF_CARE,FINANCIAL_LEASE,60,60,1180,,,,420,0.7375,,,,0.2625,25.8125,,,,9.1875,2024-01-01
321,WP_113727,NECOA_ROICE,5N000A,SELF_CARE,OPERATING_LEASE,0,60,1180,,,,600,0.6629,,,,0.3371,23.2015,,,,11.7985,2024-01-01
322,WP_113727,NECOA_ROICE,52000A,SELF_CARE,FINANCIAL_LEASE,24,24,1180,,,,168,0.8754,,,,0.1246,20.1342,,,,2.8658,2024-01-01
323,WP_113727,NECOA_ROICE,70000A,SELF_CARE,FINANCIAL_LEASE,84,84,1180,,,,588,0.6674,,,,0.3326,20.022,,,,9.978,2024-01-01
324,WP_113727,NECOA_ROICE,N0000A,HOME_CARE,OPERATING_LEASE,0,60,1180,,,,600,0.6629,,,,0.3371,49.7175,,,,25.2825,2024-01-01
325,WP_113727,NECOA_ROICE,N3000A,HOME_CARE,FINANCIAL_LEASE,36,36,1180,,,,252,0.824,,,,0.176,45.32,,,,9.68,2024-01-01
326,WP_113727,NECOA_ROICE,N3N00A,HOME_CARE,OPERATING_LEASE,0,60,1180,,,,600,0.6629,,,,0.3371,36.4595,,,,18.5405,2024-01-01
327,WP_113727,NECOA_ROICE,N3200A,HOME_CARE,FINANCIAL_LEASE,24,24,1180,,,,168,0.8754,,,,0.1246,36.7668,,,,5.2332,2024-01-01
328,WP_113727,NECOA_ROICE,N32N0A,HOME_CARE,OPERATING_LEASE,0,60,1180,,,,600,0.6629,,,,0.3371,27.8418,,,,14.1582,2024-01-01
329,WP_113727,NECOA_ROICE,N5000A,HOME_CARE,FINANCIAL_LEASE,60,60,1180,,,,420,0.7375,,,,0.2625,33.1875,,,,11.8125,2024-01-01
330,WP_113727,NECOA_ROICE,N5N00A,HOME_CARE,OPERATING_LEASE,0,60,1180,,,,600,0.6629,,,,0.3371,29.8305,,,,15.1695,2024-01-01
331,WP_113727,NECOA_ROICE,30000A,HOME_CARE,FINANCIAL_LEASE,36,36,1180,,,,252,0.824,,,,0.176,45.32,,,,9.68,2024-01-01
332,WP_113727,NECOA_ROICE,3N000A,HOME_CARE,OPERATING_LEASE,0,60,1180,,,,600,0.6629,,,,0.3371,36.4595,,,,18.5405,2024-01-01
333,WP_113727,NECOA_ROICE,32000A,HOME_CARE,FINANCIAL_LEASE,24,24,1180,,,,168,0.8754,,,,0.1246,36.7668,,,,5.2332,2024-01-01
334,WP_113727,NECOA_ROICE,32N00A,HOME_CARE,OPERATING_LEASE,0,60,1180,,,,600,0.6629,,,,0.3371,27.8418,,,,14.1582,2024-01-01
335,WP_113727,NECOA_ROICE,32200A,HOME_CARE,FINANCIAL_LEASE,24,24,1180,,,,168,0.8754,,,,0.1246,30.639,,,,4.361,2024-01-01
336,WP_113727,NECOA_ROICE,34000A,HOME_CARE,FINANCIAL_LEASE,48,48,1180,,,,336,0.7784,,,,0.2216,27.244,,,,7.756,2024-01-01
337,WP_113727,NECOA_ROICE,50000A,HOME_CARE,FINANCIAL_LEASE,60,60,1180,,,,420,0.7375,,,,0.2625,33.1875,,,,11.8125,2024-01-01
338,WP_113727,NECOA_ROICE,5N000A,HOME_CARE,OPERATING_LEASE,0,60,1180,,,,600,0.6629,,,,0.3371,29.8305,,,,15.1695,2024-01-01
339,WP_113727,NECOA_ROICE,52000A,HOME_CARE,FINANCIAL_LEASE,24,24,1180,,,,168,0.8754,,,,0.1246,28.8882,,,,4.1118,2024-01-01
340,WP_113727,NECOA_ROICE,70000A,HOME_CARE,FINANCIAL_LEASE,84,84,1180,,,,588,0.6674,,,,0.3326,26.696,,,,13.304,2024-01-01
341,WP_113780,NECOA_ROBI_HP,N0000A,SELF_CARE,OPERATING_LEASE,0,60,1150,,,,600,0.6571,,,,0.3429,42.0544,,,,21.9456,2024-01-01
342,WP_113780,NECOA_ROBI_HP,N3000A,SELF_CARE,FINANCIAL_LEASE,36,36,1150,,,,252,0.8203,,,,0.1797,36.0932,,,,7.9068,2024-01-01
343,WP_113780,NECOA_ROBI_HP,N3N00A,SELF_CARE,OPERATING_LEASE,0,60,1150,,,,600,0.6571,,,,0.3429,20.3701,,,,10.6299,2024-01-01
344,WP_113780,NECOA_ROBI_HP,N3200A,SELF_CARE,FINANCIAL_LEASE,24,24,1150,,,,168,0.8725,,,,0.1275,27.0475,,,,3.9525,2024-01-01
345,WP_113780,NECOA_ROBI_HP,N32N0A,SELF_CARE,OPERATING_LEASE,0,60,1150,,,,600,0.6571,,,,0.3429,20.3701,,,,10.6299,2024-01-01
346,WP_113780,NECOA_ROBI_HP,N5000A,SELF_CARE,FINANCIAL_LEASE,60,60,1150,,,,420,0.7325,,,,0.2675,25.6375,,,,9.3625,2024-01-01
347,WP_113780,NECOA_ROBI_HP,N5N00A,SELF_CARE,OPERATING_LEASE,0,60,1150,,,,600,0.6571,,,,0.3429,22.9985,,,,12.0015,2024-01-01
348,WP_113780,NECOA_ROBI_HP,30000A,SELF_CARE,FINANCIAL_LEASE,36,36,1150,,,,252,0.8203,,,,0.1797,36.0932,,,,7.9068,2024-01-01
349,WP_113780,NECOA_ROBI_HP,3N000A,SELF_CARE,OPERATING_LEASE,0,60,1150,,,,600,0.6571,,,,0.3429,20.3701,,,,10.6299,2024-01-01
350,WP_113780,NECOA_ROBI_HP,32000A,SELF_CARE,FINANCIAL_LEASE,24,24,1150,,,,168,0.8725,,,,0.1275,27.0475,,,,3.9525,2024-01-01
351,WP_113780,NECOA_ROBI_HP,32N00A,SELF_CARE,OPERATING_LEASE,0,60,1150,,,,600,0.6571,,,,0.3429,20.3701,,,,10.6299,2024-01-01
352,WP_113780,NECOA_ROBI_HP,32200A,SELF_CARE,FINANCIAL_LEASE,24,24,1150,,,,168,0.8725,,,,0.1275,21.8125,,,,3.1875,2024-01-01
353,WP_113780,NECOA_ROBI_HP,34000A,SELF_CARE,FINANCIAL_LEASE,48,48,1150,,,,336,0.7739,,,,0.2261,19.3475,,,,5.6525,2024-01-01
354,WP_113780,NECOA_ROBI_HP,50000A,SELF_CARE,FINANCIAL_LEASE,60,60,1150,,,,420,0.7325,,,,0.2675,25.6375,,,,9.3625,2024-01-01
355,WP_113780,NECOA_ROBI_HP,5N000A,SELF_CARE,OPERATING_LEASE,0,60,1150,,,,600,0.6571,,,,0.3429,22.9985,,,,12.0015,2024-01-01
356,WP_113780,NECOA_ROBI_HP,52000A,SELF_CARE,FINANCIAL_LEASE,24,24,1150,,,,168,0.8725,,,,0.1275,20.0675,,,,2.9325,2024-01-01
357,WP_113780,NECOA_ROBI_HP,70000A,SELF_CARE,FINANCIAL_LEASE,84,84,1150,,,,588,0.6617,,,,0.3383,19.851,,,,10.149,2024-01-01
358,WP_113780,NECOA_ROBI_HP,N0000A,HOME_CARE,OPERATING_LEASE,0,60,1150,,,,600,0.6571,,,,0.3429,48.6254,,,,25.3746,2024-01-01
359,WP_113780,NECOA_ROBI_HP,N3000A,HOME_CARE,FINANCIAL_LEASE,36,36,1150,,,,252,0.8203,,,,0.1797,44.2962,,,,9.7038,2024-01-01
360,WP_113780,NECOA_ROBI_HP,N3N00A,HOME_CARE,OPERATING_LEASE,0,60,1150,,,,600,0.6571,,,,0.3429,26.9411,,,,14.0589,2024-01-01
361,WP_113780,NECOA_ROBI_HP,N3200A,HOME_CARE,FINANCIAL_LEASE,24,24,1150,,,,168,0.8725,,,,0.1275,35.7725,,,,5.2275,2024-01-01
362,WP_113780,NECOA_ROBI_HP,N32N0A,HOME_CARE,OPERATING_LEASE,0,60,1150,,,,600,0.6571,,,,0.3429,26.9411,,,,14.0589,2024-01-01
363,WP_113780,NECOA_ROBI_HP,N5000A,HOME_CARE,FINANCIAL_LEASE,60,60,1150,,,,420,0.7325,,,,0.2675,32.9625,,,,12.0375,2024-01-01
364,WP_113780,NECOA_ROBI_HP,N5N00A,HOME_CARE,OPERATING_LEASE,0,60,1150,,,,600,0.6571,,,,0.3429,29.5695,,,,15.4305,2024-01-01
365,WP_113780,NECOA_ROBI_HP,30000A,HOME_CARE,FINANCIAL_LEASE,36,36,1150,,,,252,0.8203,,,,0.1797,44.2962,,,,9.7038,2024-01-01
366,WP_113780,NECOA_ROBI_HP,3N000A,HOME_CARE,OPERATING_LEASE,0,60,1150,,,,600,0.6571,,,,0.3429,26.9411,,,,14.0589,2024-01-01
367,WP_113780,NECOA_ROBI_HP,32000A,HOME_CARE,FINANCIAL_LEASE,24,24,1150,,,,168,0.8725,,,,0.1275,35.7725,,,,5.2275,2024-01-01
368,WP_113780,NECOA_ROBI_HP,32N00A,HOME_CARE,OPERATING_LEASE,0,60,1150,,,,600,0.6571,,,,0.3429,26.9411,,,,14.0589,2024-01-01
369,WP_113780,NECOA_ROBI_HP,32200A,HOME_CARE,FINANCIAL_LEASE,24,24,1150,,,,168,0.8725,,,,0.1275,30.5375,,,,4.4625,2024-01-01
370,WP_113780,NECOA_ROBI_HP,34000A,HOME_CARE,FINANCIAL_LEASE,48,48,1150,,,,336,0.7739,,,,0.2261,27.0865,,,,7.9135,2024-01-01
371,WP_113780,NECOA_ROBI_HP,50000A,HOME_CARE,FINANCIAL_LEASE,60,60,1150,,,,420,0.7325,,,,0.2675,32.9625,,,,12.0375,2024-01-01
372,WP_113780,NECOA_ROBI_HP,5N000A,HOME_CARE,OPERATING_LEASE,0,60,1150,,,,600,0.6571,,,,0.3429,29.5695,,,,15.4305,2024-01-01
373,WP_113780,NECOA_ROBI_HP,52000A,HOME_CARE,FINANCIAL_LEASE,24,24,1150,,,,168,0.8725,,,,0.1275,28.7925,,,,4.2075,2024-01-01
374,WP_113780,NECOA_ROBI_HP,70000A,HOME_CARE,FINANCIAL_LEASE,84,84,1150,,,,588,0.6617,,,,0.3383,26.468,,,,13.532,2024-01-01
375,WP_113784,NECOA_ROBI_HP,N0000A,SELF_CARE,OPERATING_LEASE,0,60,1150,,,,600,0.6571,,,,0.3429,42.0544,,,,21.9456,2024-01-01
376,WP_113784,NECOA_ROBI_HP,N3000A,SELF_CARE,FINANCIAL_LEASE,36,36,1150,,,,252,0.8203,,,,0.1797,36.0932,,,,7.9068,2024-01-01
377,WP_113784,NECOA_ROBI_HP,N3N00A,SELF_CARE,OPERATING_LEASE,0,60,1150,,,,600,0.6571,,,,0.3429,20.3701,,,,10.6299,2024-01-01
378,WP_113784,NECOA_ROBI_HP,N3200A,SELF_CARE,FINANCIAL_LEASE,24,24,1150,,,,168,0.8725,,,,0.1275,27.0475,,,,3.9525,2024-01-01
379,WP_113784,NECOA_ROBI_HP,N32N0A,SELF_CARE,OPERATING_LEASE,0,60,1150,,,,600,0.6571,,,,0.3429,20.3701,,,,10.6299,2024-01-01
380,WP_113784,NECOA_ROBI_HP,N5000A,SELF_CARE,FINANCIAL_LEASE,60,60,1150,,,,420,0.7325,,,,0.2675,25.6375,,,,9.3625,2024-01-01
381,WP_113784,NECOA_ROBI_HP,N5N00A,SELF_CARE,OPERATING_LEASE,0,60,1150,,,,600,0.6571,,,,0.3429,22.9985,,,,12.0015,2024-01-01
382,WP_113784,NECOA_ROBI_HP,30000A,SELF_CARE,FINANCIAL_LEASE,36,36,1150,,,,252,0.8203,,,,0.1797,36.0932,,,,7.9068,2024-01-01
383,WP_113784,NECOA_ROBI_HP,3N000A,SELF_CARE,OPERATING_LEASE,0,60,1150,,,,600,0.6571,,,,0.3429,20.3701,,,,10.6299,2024-01-01
384,WP_113784,NECOA_ROBI_HP,32000A,SELF_CARE,FINANCIAL_LEASE,24,24,1150,,,,168,0.8725,,,,0.1275,27.0475,,,,3.9525,2024-01-01
385,WP_113784,NECOA_ROBI_HP,32N00A,SELF_CARE,OPERATING_LEASE,0,60,1150,,,,600,0.6571,,,,0.3429,20.3701,,,,10.6299,2024-01-01
386,WP_113784,NECOA_ROBI_HP,32200A,SELF_CARE,FINANCIAL_LEASE,24,24,1150,,,,168,0.8725,,,,0.1275,21.8125,,,,3.1875,2024-01-01
387,WP_113784,NECOA_ROBI_HP,34000A,SELF_CARE,FINANCIAL_LEASE,48,48,1150,,,,336,0.7739,,,,0.2261,19.3475,,,,5.6525,2024-01-01
388,WP_113784,NECOA_ROBI_HP,50000A,SELF_CARE,FINANCIAL_LEASE,60,60,1150,,,,420,0.7325,,,,0.2675,25.6375,,,,9.3625,2024-01-01
389,WP_113784,NECOA_ROBI_HP,5N000A,SELF_CARE,OPERATING_LEASE,0,60,1150,,,,600,0.6571,,,,0.3429,22.9985,,,,12.0015,2024-01-01
390,WP_113784,NECOA_ROBI_HP,52000A,SELF_CARE,FINANCIAL_LEASE,24,24,1150,,,,168,0.8725,,,,0.1275,20.0675,,,,2.9325,2024-01-01
391,WP_113784,NECOA_ROBI_HP,70000A,SELF_CARE,FINANCIAL_LEASE,84,84,1150,,,,588,0.6617,,,,0.3383,19.851,,,,10.149,2024-01-01
392,WP_113784,NECOA_ROBI_HP,N0000A,HOME_CARE,OPERATING_LEASE,0,60,1150,,,,600,0.6571,,,,0.3429,48.6254,,,,25.3746,2024-01-01
393,WP_113784,NECOA_ROBI_HP,N3000A,HOME_CARE,FINANCIAL_LEASE,36,36,1150,,,,252,0.8203,,,,0.1797,44.2962,,,,9.7038,2024-01-01
394,WP_113784,NECOA_ROBI_HP,N3N00A,HOME_CARE,OPERATING_LEASE,0,60,1150,,,,600,0.6571,,,,0.3429,26.9411,,,,14.0589,2024-01-01
395,WP_113784,NECOA_ROBI_HP,N3200A,HOME_CARE,FINANCIAL_LEASE,24,24,1150,,,,168,0.8725,,,,0.1275,35.7725,,,,5.2275,2024-01-01
396,WP_113784,NECOA_ROBI_HP,N32N0A,HOME_CARE,OPERATING_LEASE,0,60,1150,,,,600,0.6571,,,,0.3429,26.9411,,,,14.0589,2024-01-01
397,WP_113784,NECOA_ROBI_HP,N5000A,HOME_CARE,FINANCIAL_LEASE,60,60,1150,,,,420,0.7325,,,,0.2675,32.9625,,,,12.0375,2024-01-01
398,WP_113784,NECOA_ROBI_HP,N5N00A,HOME_CARE,OPERATING_LEASE,0,60,1150,,,,600,0.6571,,,,0.3429,29.5695,,,,15.4305,2024-01-01
399,WP_113784,NECOA_ROBI_HP,30000A,HOME_CARE,FINANCIAL_LEASE,36,36,1150,,,,252,0.8203,,,,0.1797,44.2962,,,,9.7038,2024-01-01
400,WP_113784,NECOA_ROBI_HP,3N000A,HOME_CARE,OPERATING_LEASE,0,60,1150,,,,600,0.6571,,,,0.3429,26.9411,,,,14.0589,2024-01-01
401,WP_113784,NECOA_ROBI_HP,32000A,HOME_CARE,FINANCIAL_LEASE,24,24,1150,,,,168,0.8725,,,,0.1275,35.7725,,,,5.2275,2024-01-01
402,WP_113784,NECOA_ROBI_HP,32N00A,HOME_CARE,OPERATING_LEASE,0,60,1150,,,,600,0.6571,,,,0.3429,26.9411,,,,14.0589,2024-01-01
403,WP_113784,NECOA_ROBI_HP,32200A,HOME_CARE,FINANCIAL_LEASE,24,24,1150,,,,168,0.8725,,,,0.1275,30.5375,,,,4.4625,2024-01-01
404,WP_113784,NECOA_ROBI_HP,34000A,HOME_CARE,FINANCIAL_LEASE,48,48,1150,,,,336,0.7739,,,,0.2261,27.0865,,,,7.9135,2024-01-01
405,WP_113784,NECOA_ROBI_HP,50000A,HOME_CARE,FINANCIAL_LEASE,60,60,1150,,,,420,0.7325,,,,0.2675,32.9625,,,,12.0375,2024-01-01
406,WP_113784,NECOA_ROBI_HP,5N000A,HOME_CARE,OPERATING_LEASE,0,60,1150,,,,600,0.6571,,,,0.3429,29.5695,,,,15.4305,2024-01-01
407,WP_113784,NECOA_ROBI_HP,52000A,HOME_CARE,FINANCIAL_LEASE,24,24,1150,,,,168,0.8725,,,,0.1275,28.7925,,,,4.2075,2024-01-01
408,WP_113784,NECOA_ROBI_HP,70000A,HOME_CARE,FINANCIAL_LEASE,84,84,1150,,,,588,0.6617,,,,0.3383,26.468,,,,13.532,2024-01-01
409,WP_113637,NECOA_ROBI,N0000A,SELF_CARE,OPERATING_LEASE,0,60,1530,,,,600,0.7183,,,,0.2817,56.7457,,,,22.2543,2024-01-01
410,WP_113637,NECOA_ROBI,N3000A,SELF_CARE,FINANCIAL_LEASE,36,36,1530,,,,252,0.8586,,,,0.1414,47.223,,,,7.777,2024-01-01
411,WP_113637,NECOA_ROBI,N3N00A,SELF_CARE,OPERATING_LEASE,0,60,1530,,,,600,0.7183,,,,0.2817,39.5065,,,,15.4935,2024-01-01
412,WP_113637,NECOA_ROBI,N3200A,SELF_CARE,FINANCIAL_LEASE,24,24,1530,,,,168,0.9011,,,,0.0989,35.1429,,,,3.8571,2024-01-01
413,WP_113637,NECOA_ROBI,N32N0A,SELF_CARE,OPERATING_LEASE,0,60,1530,,,,600,0.7183,,,,0.2817,28.0137,,,,10.9863,2024-01-01
414,WP_113637,NECOA_ROBI,N5000A,SELF_CARE,FINANCIAL_LEASE,60,60,1530,,,,420,0.7846,,,,0.2154,33.7378,,,,9.2622,2024-01-01
415,WP_113637,NECOA_ROBI,N5N00A,SELF_CARE,OPERATING_LEASE,0,60,1530,,,,600,0.7183,,,,0.2817,30.8869,,,,12.1131,2024-01-01
416,WP_113637,NECOA_ROBI,30000A,SELF_CARE,FINANCIAL_LEASE,36,36,1530,,,,252,0.8586,,,,0.1414,47.223,,,,7.777,2024-01-01
417,WP_113637,NECOA_ROBI,3N000A,SELF_CARE,OPERATING_LEASE,0,60,1530,,,,600,0.7183,,,,0.2817,39.5065,,,,15.4935,2024-01-01
418,WP_113637,NECOA_ROBI,32000A,SELF_CARE,FINANCIAL_LEASE,24,24,1530,,,,168,0.9011,,,,0.0989,35.1429,,,,3.8571,2024-01-01
419,WP_113637,NECOA_ROBI,32N00A,SELF_CARE,OPERATING_LEASE,0,60,1530,,,,600,0.7183,,,,0.2817,28.0137,,,,10.9863,2024-01-01
420,WP_113637,NECOA_ROBI,32200A,SELF_CARE,FINANCIAL_LEASE,24,24,1530,,,,168,0.9011,,,,0.0989,27.9341,,,,3.0659,2024-01-01
421,WP_113637,NECOA_ROBI,34000A,SELF_CARE,FINANCIAL_LEASE,48,48,1530,,,,336,0.8199,,,,0.1801,25.4169,,,,5.5831,2024-01-01
422,WP_113637,NECOA_ROBI,50000A,SELF_CARE,FINANCIAL_LEASE,60,60,1530,,,,420,0.7846,,,,0.2154,33.7378,,,,9.2622,2024-01-01
423,WP_113637,NECOA_ROBI,5N000A,SELF_CARE,OPERATING_LEASE,0,60,1530,,,,600,0.7183,,,,0.2817,30.8869,,,,12.1131,2024-01-01
424,WP_113637,NECOA_ROBI,52000A,SELF_CARE,FINANCIAL_LEASE,24,24,1530,,,,168,0.9011,,,,0.0989,25.2308,,,,2.7692,2024-01-01
425,WP_113637,NECOA_ROBI,70000A,SELF_CARE,FINANCIAL_LEASE,84,84,1530,,,,588,0.7224,,,,0.2776,26.7288,,,,10.2712,2024-01-01
426,WP_113637,NECOA_ROBI,N0000A,HOME_CARE,OPERATING_LEASE,0,60,1530,,,,600,0.7183,,,,0.2817,63.9287,,,,25.0713,2024-01-01
427,WP_113637,NECOA_ROBI,N3000A,HOME_CARE,FINANCIAL_LEASE,36,36,1530,,,,252,0.8586,,,,0.1414,55.809,,,,9.191,2024-01-01
428,WP_113637,NECOA_ROBI,N3N00A,HOME_CARE,OPERATING_LEASE,0,60,1530,,,,600,0.7183,,,,0.2817,46.6895,,,,18.3105,2024-01-01
429,WP_113637,NECOA_ROBI,N3200A,HOME_CARE,FINANCIAL_LEASE,24,24,1530,,,,168,0.9011,,,,0.0989,44.1539,,,,4.8461,2024-01-01
430,WP_113637,NECOA_ROBI,N32N0A,HOME_CARE,OPERATING_LEASE,0,60,1530,,,,600,0.7183,,,,0.2817,35.1967,,,,13.8033,2024-01-01
431,WP_113637,NECOA_ROBI,N5000A,HOME_CARE,FINANCIAL_LEASE,60,60,1530,,,,420,0.7846,,,,0.2154,41.5838,,,,11.4162,2024-01-01
432,WP_113637,NECOA_ROBI,N5N00A,HOME_CARE,OPERATING_LEASE,0,60,1530,,,,600,0.7183,,,,0.2817,38.0699,,,,14.9301,2024-01-01
433,WP_113637,NECOA_ROBI,30000A,HOME_CARE,FINANCIAL_LEASE,36,36,1530,,,,252,0.8586,,,,0.1414,55.809,,,,9.191,2024-01-01
434,WP_113637,NECOA_ROBI,3N000A,HOME_CARE,OPERATING_LEASE,0,60,1530,,,,600,0.7183,,,,0.2817,46.6895,,,,18.3105,2024-01-01
435,WP_113637,NECOA_ROBI,32000A,HOME_CARE,FINANCIAL_LEASE,24,24,1530,,,,168,0.9011,,,,0.0989,44.1539,,,,4.8461,2024-01-01
436,WP_113637,NECOA_ROBI,32N00A,HOME_CARE,OPERATING_LEASE,0,60,1530,,,,600,0.7183,,,,0.2817,35.1967,,,,13.8033,2024-01-01
437,WP_113637,NECOA_ROBI,32200A,HOME_CARE,FINANCIAL_LEASE,24,24,1530,,,,168,0.9011,,,,0.0989,36.9451,,,,4.0549,2024-01-01
438,WP_113637,NECOA_ROBI,34000A,HOME_CARE,FINANCIAL_LEASE,48,48,1530,,,,336,0.8199,,,,0.1801,33.6159,,,,7.3841,2024-01-01
439,WP_113637,NECOA_ROBI,50000A,HOME_CARE,FINANCIAL_LEASE,60,60,1530,,,,420,0.7846,,,,0.2154,41.5838,,,,11.4162,2024-01-01
440,WP_113637,NECOA_ROBI,5N000A,HOME_CARE,OPERATING_LEASE,0,60,1530,,,,600,0.7183,,,,0.2817,38.0699,,,,14.9301,2024-01-01
441,WP_113637,NECOA_ROBI,52000A,HOME_CARE,FINANCIAL_LEASE,24,24,1530,,,,168,0.9011,,,,0.0989,34.2418,,,,3.7582,2024-01-01
442,WP_113637,NECOA_ROBI,70000A,HOME_CARE,FINANCIAL_LEASE,84,84,1530,,,,588,0.7224,,,,0.2776,33.9528,,,,13.0472,2024-01-01
443,WP_113781,NECOA_ROBI,N0000A,SELF_CARE,OPERATING_LEASE,0,60,1530,,,,600,0.7183,,,,0.2817,56.7457,,,,22.2543,2024-01-01
444,WP_113781,NECOA_ROBI,N3000A,SELF_CARE,FINANCIAL_LEASE,36,36,1530,,,,252,0.8586,,,,0.1414,47.223,,,,7.777,2024-01-01
445,WP_113781,NECOA_ROBI,N3N00A,SELF_CARE,OPERATING_LEASE,0,60,1530,,,,600,0.7183,,,,0.2817,39.5065,,,,15.4935,2024-01-01
446,WP_113781,NECOA_ROBI,N3200A,SELF_CARE,FINANCIAL_LEASE,24,24,1530,,,,168,0.9011,,,,0.0989,35.1429,,,,3.8571,2024-01-01
447,WP_113781,NECOA_ROBI,N32N0A,SELF_CARE,OPERATING_LEASE,0,60,1530,,,,600,0.7183,,,,0.2817,28.0137,,,,10.9863,2024-01-01
448,WP_113781,NECOA_ROBI,N5000A,SELF_CARE,FINANCIAL_LEASE,60,60,1530,,,,420,0.7846,,,,0.2154,33.7378,,,,9.2622,2024-01-01
449,WP_113781,NECOA_ROBI,N5N00A,SELF_CARE,OPERATING_LEASE,0,60,1530,,,,600,0.7183,,,,0.2817,30.8869,,,,12.1131,2024-01-01
450,WP_113781,NECOA_ROBI,30000A,SELF_CARE,FINANCIAL_LEASE,36,36,1530,,,,252,0.8586,,,,0.1414,47.223,,,,7.777,2024-01-01
451,WP_113781,NECOA_ROBI,3N000A,SELF_CARE,OPERATING_LEASE,0,60,1530,,,,600,0.7183,,,,0.2817,39.5065,,,,15.4935,2024-01-01
452,WP_113781,NECOA_ROBI,32000A,SELF_CARE,FINANCIAL_LEASE,24,24,1530,,,,168,0.9011,,,,0.0989,35.1429,,,,3.8571,2024-01-01
453,WP_113781,NECOA_ROBI,32N00A,SELF_CARE,OPERATING_LEASE,0,60,1530,,,,600,0.7183,,,,0.2817,28.0137,,,,10.9863,2024-01-01
454,WP_113781,NECOA_ROBI,32200A,SELF_CARE,FINANCIAL_LEASE,24,24,1530,,,,168,0.9011,,,,0.0989,27.9341,,,,3.0659,2024-01-01
455,WP_113781,NECOA_ROBI,34000A,SELF_CARE,FINANCIAL_LEASE,48,48,1530,,,,336,0.8199,,,,0.1801,25.4169,,,,5.5831,2024-01-01
456,WP_113781,NECOA_ROBI,50000A,SELF_CARE,FINANCIAL_LEASE,60,60,1530,,,,420,0.7846,,,,0.2154,33.7378,,,,9.2622,2024-01-01
457,WP_113781,NECOA_ROBI,5N000A,SELF_CARE,OPERATING_LEASE,0,60,1530,,,,600,0.7183,,,,0.2817,30.8869,,,,12.1131,2024-01-01
458,WP_113781,NECOA_ROBI,52000A,SELF_CARE,FINANCIAL_LEASE,24,24,1530,,,,168,0.9011,,,,0.0989,25.2308,,,,2.7692,2024-01-01
459,WP_113781,NECOA_ROBI,70000A,SELF_CARE,FINANCIAL_LEASE,84,84,1530,,,,588,0.7224,,,,0.2776,26.7288,,,,10.2712,2024-01-01
460,WP_113781,NECOA_ROBI,N0000A,HOME_CARE,OPERATING_LEASE,0,60,1530,,,,600,0.7183,,,,0.2817,63.9287,,,,25.0713,2024-01-01
461,WP_113781,NECOA_ROBI,N3000A,HOME_CARE,FINANCIAL_LEASE,36,36,1530,,,,252,0.8586,,,,0.1414,55.809,,,,9.191,2024-01-01
462,WP_113781,NECOA_ROBI,N3N00A,HOME_CARE,OPERATING_LEASE,0,60,1530,,,,600,0.7183,,,,0.2817,46.6895,,,,18.3105,2024-01-01
463,WP_113781,NECOA_ROBI,N3200A,HOME_CARE,FINANCIAL_LEASE,24,24,1530,,,,168,0.9011,,,,0.0989,44.1539,,,,4.8461,2024-01-01
464,WP_113781,NECOA_ROBI,N32N0A,HOME_CARE,OPERATING_LEASE,0,60,1530,,,,600,0.7183,,,,0.2817,35.1967,,,,13.8033,2024-01-01
465,WP_113781,NECOA_ROBI,N5000A,HOME_CARE,FINANCIAL_LEASE,60,60,1530,,,,420,0.7846,,,,0.2154,41.5838,,,,11.4162,2024-01-01
466,WP_113781,NECOA_ROBI,N5N00A,HOME_CARE,OPERATING_LEASE,0,60,1530,,,,600,0.7183,,,,0.2817,38.0699,,,,14.9301,2024-01-01
467,WP_113781,NECOA_ROBI,30000A,HOME_CARE,FINANCIAL_LEASE,36,36,1530,,,,252,0.8586,,,,0.1414,55.809,,,,9.191,2024-01-01
468,WP_113781,NECOA_ROBI,3N000A,HOME_CARE,OPERATING_LEASE,0,60,1530,,,,600,0.7183,,,,0.2817,46.6895,,,,18.3105,2024-01-01
469,WP_113781,NECOA_ROBI,32000A,HOME_CARE,FINANCIAL_LEASE,24,24,1530,,,,168,0.9011,,,,0.0989,44.1539,,,,4.8461,2024-01-01
470,WP_113781,NECOA_ROBI,32N00A,HOME_CARE,OPERATING_LEASE,0,60,1530,,,,600,0.7183,,,,0.2817,35.1967,,,,13.8033,2024-01-01
471,WP_113781,NECOA_ROBI,32200A,HOME_CARE,FINANCIAL_LEASE,24,24,1530,,,,168,0.9011,,,,0.0989,36.9451,,,,4.0549,2024-01-01
472,WP_113781,NECOA_ROBI,34000A,HOME_CARE,FINANCIAL_LEASE,48,48,1530,,,,336,0.8199,,,,0.1801,33.6159,,,,7.3841,2024-01-01
473,WP_113781,NECOA_ROBI,50000A,HOME_CARE,FINANCIAL_LEASE,60,60,1530,,,,420,0.7846,,,,0.2154,41.5838,,,,11.4162,2024-01-01
474,WP_113781,NECOA_ROBI,5N000A,HOME_CARE,OPERATING_LEASE,0,60,1530,,,,600,0.7183,,,,0.2817,38.0699,,,,14.9301,2024-01-01
475,WP_113781,NECOA_ROBI,52000A,HOME_CARE,FINANCIAL_LEASE,24,24,1530,,,,168,0.9011,,,,0.0989,34.2418,,,,3.7582,2024-01-01
476,WP_113781,NECOA_ROBI,70000A,HOME_CARE,FINANCIAL_LEASE,84,84,1530,,,,588,0.7224,,,,0.2776,33.9528,,,,13.0472,2024-01-01
477,WP_113782,NECOA_ROBI,N0000A,SELF_CARE,OPERATING_LEASE,0,60,1530,,,,600,0.7183,,,,0.2817,56.7457,,,,22.2543,2024-01-01
478,WP_113782,NECOA_ROBI,N3000A,SELF_CARE,FINANCIAL_LEASE,36,36,1530,,,,252,0.8586,,,,0.1414,47.223,,,,7.777,2024-01-01
479,WP_113782,NECOA_ROBI,N3N00A,SELF_CARE,OPERATING_LEASE,0,60,1530,,,,600,0.7183,,,,0.2817,39.5065,,,,15.4935,2024-01-01
480,WP_113782,NECOA_ROBI,N3200A,SELF_CARE,FINANCIAL_LEASE,24,24,1530,,,,168,0.9011,,,,0.0989,35.1429,,,,3.8571,2024-01-01
481,WP_113782,NECOA_ROBI,N32N0A,SELF_CARE,OPERATING_LEASE,0,60,1530,,,,600,0.7183,,,,0.2817,28.0137,,,,10.9863,2024-01-01
482,WP_113782,NECOA_ROBI,N5000A,SELF_CARE,FINANCIAL_LEASE,60,60,1530,,,,420,0.7846,,,,0.2154,33.7378,,,,9.2622,2024-01-01
483,WP_113782,NECOA_ROBI,N5N00A,SELF_CARE,OPERATING_LEASE,0,60,1530,,,,600,0.7183,,,,0.2817,30.8869,,,,12.1131,2024-01-01
484,WP_113782,NECOA_ROBI,30000A,SELF_CARE,FINANCIAL_LEASE,36,36,1530,,,,252,0.8586,,,,0.1414,47.223,,,,7.777,2024-01-01
485,WP_113782,NECOA_ROBI,3N000A,SELF_CARE,OPERATING_LEASE,0,60,1530,,,,600,0.7183,,,,0.2817,39.5065,,,,15.4935,2024-01-01
486,WP_113782,NECOA_ROBI,32000A,SELF_CARE,FINANCIAL_LEASE,24,24,1530,,,,168,0.9011,,,,0.0989,35.1429,,,,3.8571,2024-01-01
487,WP_113782,NECOA_ROBI,32N00A,SELF_CARE,OPERATING_LEASE,0,60,1530,,,,600,0.7183,,,,0.2817,28.0137,,,,10.9863,2024-01-01
488,WP_113782,NECOA_ROBI,32200A,SELF_CARE,FINANCIAL_LEASE,24,24,1530,,,,168,0.9011,,,,0.0989,27.9341,,,,3.0659,2024-01-01
489,WP_113782,NECOA_ROBI,34000A,SELF_CARE,FINANCIAL_LEASE,48,48,1530,,,,336,0.8199,,,,0.1801,25.4169,,,,5.5831,2024-01-01
490,WP_113782,NECOA_ROBI,50000A,SELF_CARE,FINANCIAL_LEASE,60,60,1530,,,,420,0.7846,,,,0.2154,33.7378,,,,9.2622,2024-01-01
491,WP_113782,NECOA_ROBI,5N000A,SELF_CARE,OPERATING_LEASE,0,60,1530,,,,600,0.7183,,,,0.2817,30.8869,,,,12.1131,2024-01-01
492,WP_113782,NECOA_ROBI,52000A,SELF_CARE,FINANCIAL_LEASE,24,24,1530,,,,168,0.9011,,,,0.0989,25.2308,,,,2.7692,2024-01-01
493,WP_113782,NECOA_ROBI,70000A,SELF_CARE,FINANCIAL_LEASE,84,84,1530,,,,588,0.7224,,,,0.2776,26.7288,,,,10.2712,2024-01-01
494,WP_113782,NECOA_ROBI,N0000A,HOME_CARE,OPERATING_LEASE,0,60,1530,,,,600,0.7183,,,,0.2817,63.9287,,,,25.0713,2024-01-01
495,WP_113782,NECOA_ROBI,N3000A,HOME_CARE,FINANCIAL_LEASE,36,36,1530,,,,252,0.8586,,,,0.1414,55.809,,,,9.191,2024-01-01
496,WP_113782,NECOA_ROBI,N3N00A,HOME_CARE,OPERATING_LEASE,0,60,1530,,,,600,0.7183,,,,0.2817,46.6895,,,,18.3105,2024-01-01
497,WP_113782,NECOA_ROBI,N3200A,HOME_CARE,FINANCIAL_LEASE,24,24,1530,,,,168,0.9011,,,,0.0989,44.1539,,,,4.8461,2024-01-01
498,WP_113782,NECOA_ROBI,N32N0A,HOME_CARE,OPERATING_LEASE,0,60,1530,,,,600,0.7183,,,,0.2817,35.1967,,,,13.8033,2024-01-01
499,WP_113782,NECOA_ROBI,N5000A,HOME_CARE,FINANCIAL_LEASE,60,60,1530,,,,420,0.7846,,,,0.2154,41.5838,,,,11.4162,2024-01-01
500,WP_113782,NECOA_ROBI,N5N00A,HOME_CARE,OPERATING_LEASE,0,60,1530,,,,600,0.7183,,,,0.2817,38.0699,,,,14.9301,2024-01-01
501,WP_113782,NECOA_ROBI,30000A,HOME_CARE,FINANCIAL_LEASE,36,36,1530,,,,252,0.8586,,,,0.1414,55.809,,,,9.191,2024-01-01
502,WP_113782,NECOA_ROBI,3N000A,HOME_CARE,OPERATING_LEASE,0,60,1530,,,,600,0.7183,,,,0.2817,46.6895,,,,18.3105,2024-01-01
503,WP_113782,NECOA_ROBI,32000A,HOME_CARE,FINANCIAL_LEASE,24,24,1530,,,,168,0.9011,,,,0.0989,44.1539,,,,4.8461,2024-01-01
504,WP_113782,NECOA_ROBI,32N00A,HOME_CARE,OPERATING_LEASE,0,60,1530,,,,600,0.7183,,,,0.2817,35.1967,,,,13.8033,2024-01-01
505,WP_113782,NECOA_ROBI,32200A,HOME_CARE,FINANCIAL_LEASE,24,24,1530,,,,168,0.9011,,,,0.0989,36.9451,,,,4.0549,2024-01-01
506,WP_113782,NECOA_ROBI,34000A,HOME_CARE,FINANCIAL_LEASE,48,48,1530,,,,336,0.8199,,,,0.1801,33.6159,,,,7.3841,2024-01-01
507,WP_113782,NECOA_ROBI,50000A,HOME_CARE,FINANCIAL_LEASE,60,60,1530,,,,420,0.7846,,,,0.2154,41.5838,,,,11.4162,2024-01-01
508,WP_113782,NECOA_ROBI,5N000A,HOME_CARE,OPERATING_LEASE,0,60,1530,,,,600,0.7183,,,,0.2817,38.0699,,,,14.9301,2024-01-01
509,WP_113782,NECOA_ROBI,52000A,HOME_CARE,FINANCIAL_LEASE,24,24,1530,,,,168,0.9011,,,,0.0989,34.2418,,,,3.7582,2024-01-01
510,WP_113782,NECOA_ROBI,70000A,HOME_CARE,FINANCIAL_LEASE,84,84,1530,,,,588,0.7224,,,,0.2776,33.9528,,,,13.0472,2024-01-01
511,WP_113783,NECOA_ROBI,N0000A,SELF_CARE,OPERATING_LEASE,0,60,1530,,,,600,0.7183,,,,0.2817,56.7457,,,,22.2543,2024-01-01
512,WP_113783,NECOA_ROBI,N3000A,SELF_CARE,FINANCIAL_LEASE,36,36,1530,,,,252,0.8586,,,,0.1414,47.223,,,,7.777,2024-01-01
513,WP_113783,NECOA_ROBI,N3N00A,SELF_CARE,OPERATING_LEASE,0,60,1530,,,,600,0.7183,,,,0.2817,39.5065,,,,15.4935,2024-01-01
514,WP_113783,NECOA_ROBI,N3200A,SELF_CARE,FINANCIAL_LEASE,24,24,1530,,,,168,0.9011,,,,0.0989,35.1429,,,,3.8571,2024-01-01
515,WP_113783,NECOA_ROBI,N32N0A,SELF_CARE,OPERATING_LEASE,0,60,1530,,,,600,0.7183,,,,0.2817,28.0137,,,,10.9863,2024-01-01
516,WP_113783,NECOA_ROBI,N5000A,SELF_CARE,FINANCIAL_LEASE,60,60,1530,,,,420,0.7846,,,,0.2154,33.7378,,,,9.2622,2024-01-01
517,WP_113783,NECOA_ROBI,N5N00A,SELF_CARE,OPERATING_LEASE,0,60,1530,,,,600,0.7183,,,,0.2817,30.8869,,,,12.1131,2024-01-01
518,WP_113783,NECOA_ROBI,30000A,SELF_CARE,FINANCIAL_LEASE,36,36,1530,,,,252,0.8586,,,,0.1414,47.223,,,,7.777,2024-01-01
519,WP_113783,NECOA_ROBI,3N000A,SELF_CARE,OPERATING_LEASE,0,60,1530,,,,600,0.7183,,,,0.2817,39.5065,,,,15.4935,2024-01-01
520,WP_113783,NECOA_ROBI,32000A,SELF_CARE,FINANCIAL_LEASE,24,24,1530,,,,168,0.9011,,,,0.0989,35.1429,,,,3.8571,2024-01-01
521,WP_113783,NECOA_ROBI,32N00A,SELF_CARE,OPERATING_LEASE,0,60,1530,,,,600,0.7183,,,,0.2817,28.0137,,,,10.9863,2024-01-01
522,WP_113783,NECOA_ROBI,32200A,SELF_CARE,FINANCIAL_LEASE,24,24,1530,,,,168,0.9011,,,,0.0989,27.9341,,,,3.0659,2024-01-01
523,WP_113783,NECOA_ROBI,34000A,SELF_CARE,FINANCIAL_LEASE,48,48,1530,,,,336,0.8199,,,,0.1801,25.4169,,,,5.5831,2024-01-01
524,WP_113783,NECOA_ROBI,50000A,SELF_CARE,FINANCIAL_LEASE,60,60,1530,,,,420,0.7846,,,,0.2154,33.7378,,,,9.2622,2024-01-01
525,WP_113783,NECOA_ROBI,5N000A,SELF_CARE,OPERATING_LEASE,0,60,1530,,,,600,0.7183,,,,0.2817,30.8869,,,,12.1131,2024-01-01
526,WP_113783,NECOA_ROBI,52000A,SELF_CARE,FINANCIAL_LEASE,24,24,1530,,,,168,0.9011,,,,0.0989,25.2308,,,,2.7692,2024-01-01
527,WP_113783,NECOA_ROBI,70000A,SELF_CARE,FINANCIAL_LEASE,84,84,1530,,,,588,0.7224,,,,0.2776,26.7288,,,,10.2712,2024-01-01
528,WP_113783,NECOA_ROBI,N0000A,HOME_CARE,OPERATING_LEASE,0,60,1530,,,,600,0.7183,,,,0.2817,63.9287,,,,25.0713,2024-01-01
529,WP_113783,NECOA_ROBI,N3000A,HOME_CARE,FINANCIAL_LEASE,36,36,1530,,,,252,0.8586,,,,0.1414,55.809,,,,9.191,2024-01-01
530,WP_113783,NECOA_ROBI,N3N00A,HOME_CARE,OPERATING_LEASE,0,60,1530,,,,600,0.7183,,,,0.2817,46.6895,,,,18.3105,2024-01-01
531,WP_113783,NECOA_ROBI,N3200A,HOME_CARE,FINANCIAL_LEASE,24,24,1530,,,,168,0.9011,,,,0.0989,44.1539,,,,4.8461,2024-01-01
532,WP_113783,NECOA_ROBI,N32N0A,HOME_CARE,OPERATING_LEASE,0,60,1530,,,,600,0.7183,,,,0.2817,35.1967,,,,13.8033,2024-01-01
533,WP_113783,NECOA_ROBI,N5000A,HOME_CARE,FINANCIAL_LEASE,60,60,1530,,,,420,0.7846,,,,0.2154,41.5838,,,,11.4162,2024-01-01
534,WP_113783,NECOA_ROBI,N5N00A,HOME_CARE,OPERATING_LEASE,0,60,1530,,,,600,0.7183,,,,0.2817,38.0699,,,,14.9301,2024-01-01
535,WP_113783,NECOA_ROBI,30000A,HOME_CARE,FINANCIAL_LEASE,36,36,1530,,,,252,0.8586,,,,0.1414,55.809,,,,9.191,2024-01-01
536,WP_113783,NECOA_ROBI,3N000A,HOME_CARE,OPERATING_LEASE,0,60,1530,,,,600,0.7183,,,,0.2817,46.6895,,,,18.3105,2024-01-01
537,WP_113783,NECOA_ROBI,32000A,HOME_CARE,FINANCIAL_LEASE,24,24,1530,,,,168,0.9011,,,,0.0989,44.1539,,,,4.8461,2024-01-01
538,WP_113783,NECOA_ROBI,32N00A,HOME_CARE,OPERATING_LEASE,0,60,1530,,,,600,0.7183,,,,0.2817,35.1967,,,,13.8033,2024-01-01
539,WP_113783,NECOA_ROBI,32200A,HOME_CARE,FINANCIAL_LEASE,24,24,1530,,,,168,0.9011,,,,0.0989,36.9451,,,,4.0549,2024-01-01
540,WP_113783,NECOA_ROBI,34000A,HOME_CARE,FINANCIAL_LEASE,48,48,1530,,,,336,0.8199,,,,0.1801,33.6159,,,,7.3841,2024-01-01
541,WP_113783,NECOA_ROBI,50000A,HOME_CARE,FINANCIAL_LEASE,60,60,1530,,,,420,0.7846,,,,0.2154,41.5838,,,,11.4162,2024-01-01
542,WP_113783,NECOA_ROBI,5N000A,HOME_CARE,OPERATING_LEASE,0,60,1530,,,,600,0.7183,,,,0.2817,38.0699,,,,14.9301,2024-01-01
543,WP_113783,NECOA_ROBI,52000A,HOME_CARE,FINANCIAL_LEASE,24,24,1530,,,,168,0.9011,,,,0.0989,34.2418,,,,3.7582,2024-01-01
544,WP_113783,NECOA_ROBI,70000A,HOME_CARE,FINANCIAL_LEASE,84,84,1530,,,,588,0.7224,,,,0.2776,33.9528,,,,13.0472,2024-01-01
545,WP_113816,NECOA_NTBI,N0000A,SELF_CARE,OPERATING_LEASE,0,60,1320,,,,600,0.6875,,,,0.3125,48.8125,,,,22.1875,2024-01-01
546,WP_113816,NECOA_NTBI,N3000A,SELF_CARE,FINANCIAL_LEASE,36,36,1320,,,,252,0.8397,,,,0.1603,41.1453,,,,7.8547,2024-01-01
547,WP_113816,NECOA_NTBI,N3N00A,SELF_CARE,OPERATING_LEASE,0,60,1320,,,,600,0.6875,,,,0.3125,33.6875,,,,15.3125,2024-01-01
548,WP_113816,NECOA_NTBI,N3200A,SELF_CARE,FINANCIAL_LEASE,24,24,1320,,,,168,0.8871,,,,0.1129,31.0485,,,,3.9515,2024-01-01
549,WP_113816,NECOA_NTBI,N32N0A,SELF_CARE,OPERATING_LEASE,0,60,1320,,,,600,0.6875,,,,0.3125,24.0625,,,,10.9375,2024-01-01
550,WP_113816,NECOA_NTBI,N5000A,SELF_CARE,FINANCIAL_LEASE,60,60,1320,,,,420,0.7586,,,,0.2414,29.5854,,,,9.4146,2024-01-01
551,WP_113816,NECOA_NTBI,N5N00A,SELF_CARE,OPERATING_LEASE,0,60,1320,,,,600,0.6875,,,,0.3125,26.8125,,,,12.1875,2024-01-01
552,WP_113816,NECOA_NTBI,30000A,SELF_CARE,FINANCIAL_LEASE,36,36,1320,,,,252,0.8397,,,,0.1603,41.1453,,,,7.8547,2024-01-01
553,WP_113816,NECOA_NTBI,3N000A,SELF_CARE,OPERATING_LEASE,0,60,1320,,,,600,0.6875,,,,0.3125,33.6875,,,,15.3125,2024-01-01
554,WP_113816,NECOA_NTBI,32000A,SELF_CARE,FINANCIAL_LEASE,24,24,1320,,,,168,0.8871,,,,0.1129,31.0485,,,,3.9515,2024-01-01
555,WP_113816,NECOA_NTBI,32N00A,SELF_CARE,OPERATING_LEASE,0,60,1320,,,,600,0.6875,,,,0.3125,24.0625,,,,10.9375,2024-01-01
556,WP_113816,NECOA_NTBI,32200A,SELF_CARE,FINANCIAL_LEASE,24,24,1320,,,,168,0.8871,,,,0.1129,23.9517,,,,3.0483,2024-01-01
557,WP_113816,NECOA_NTBI,34000A,SELF_CARE,FINANCIAL_LEASE,48,48,1320,,,,336,0.7971,,,,0.2029,21.5217,,,,5.4783,2024-01-01
558,WP_113816,NECOA_NTBI,50000A,SELF_CARE,FINANCIAL_LEASE,60,60,1320,,,,420,0.7586,,,,0.2414,29.5854,,,,9.4146,2024-01-01
559,WP_113816,NECOA_NTBI,5N000A,SELF_CARE,OPERATING_LEASE,0,60,1320,,,,600,0.6875,,,,0.3125,26.8125,,,,12.1875,2024-01-01
560,WP_113816,NECOA_NTBI,52000A,SELF_CARE,FINANCIAL_LEASE,24,24,1320,,,,168,0.8871,,,,0.1129,23.0646,,,,2.9354,2024-01-01
561,WP_113816,NECOA_NTBI,70000A,SELF_CARE,FINANCIAL_LEASE,84,84,1320,,,,588,0.6918,,,,0.3082,22.8294,,,,10.1706,2024-01-01
562,WP_113816,NECOA_NTBI,N0000A,HOME_CARE,OPERATING_LEASE,0,60,1320,,,,600,0.6875,,,,0.3125,55.6875,,,,25.3125,2024-01-01
563,WP_113816,NECOA_NTBI,N3000A,HOME_CARE,FINANCIAL_LEASE,36,36,1320,,,,252,0.8397,,,,0.1603,49.5423,,,,9.4577,2024-01-01
564,WP_113816,NECOA_NTBI,N3N00A,HOME_CARE,OPERATING_LEASE,0,60,1320,,,,600,0.6875,,,,0.3125,40.5625,,,,18.4375,2024-01-01
565,WP_113816,NECOA_NTBI,N3200A,HOME_CARE,FINANCIAL_LEASE,24,24,1320,,,,168,0.8871,,,,0.1129,39.9195,,,,5.0805,2024-01-01
566,WP_113816,NECOA_NTBI,N32N0A,HOME_CARE,OPERATING_LEASE,0,60,1320,,,,600,0.6875,,,,0.3125,30.9375,,,,14.0625,2024-01-01
567,WP_113816,NECOA_NTBI,N5000A,HOME_CARE,FINANCIAL_LEASE,60,60,1320,,,,420,0.7586,,,,0.2414,37.1714,,,,11.8286,2024-01-01
568,WP_113816,NECOA_NTBI,N5N00A,HOME_CARE,OPERATING_LEASE,0,60,1320,,,,600,0.6875,,,,0.3125,33.6875,,,,15.3125,2024-01-01
569,WP_113816,NECOA_NTBI,30000A,HOME_CARE,FINANCIAL_LEASE,36,36,1320,,,,252,0.8397,,,,0.1603,49.5423,,,,9.4577,2024-01-01
570,WP_113816,NECOA_NTBI,3N000A,HOME_CARE,OPERATING_LEASE,0,60,1320,,,,600,0.6875,,,,0.3125,40.5625,,,,18.4375,2024-01-01
571,WP_113816,NECOA_NTBI,32000A,HOME_CARE,FINANCIAL_LEASE,24,24,1320,,,,168,0.8871,,,,0.1129,39.9195,,,,5.0805,2024-01-01
572,WP_113816,NECOA_NTBI,32N00A,HOME_CARE,OPERATING_LEASE,0,60,1320,,,,600,0.6875,,,,0.3125,30.9375,,,,14.0625,2024-01-01
573,WP_113816,NECOA_NTBI,32200A,HOME_CARE,FINANCIAL_LEASE,24,24,1320,,,,168,0.8871,,,,0.1129,32.8227,,,,4.1773,2024-01-01
574,WP_113816,NECOA_NTBI,34000A,HOME_CARE,FINANCIAL_LEASE,48,48,1320,,,,336,0.7971,,,,0.2029,29.4927,,,,7.5073,2024-01-01
575,WP_113816,NECOA_NTBI,50000A,HOME_CARE,FINANCIAL_LEASE,60,60,1320,,,,420,0.7586,,,,0.2414,37.1714,,,,11.8286,2024-01-01
576,WP_113816,NECOA_NTBI,5N000A,HOME_CARE,OPERATING_LEASE,0,60,1320,,,,600,0.6875,,,,0.3125,33.6875,,,,15.3125,2024-01-01
577,WP_113816,NECOA_NTBI,52000A,HOME_CARE,FINANCIAL_LEASE,24,24,1320,,,,168,0.8871,,,,0.1129,31.9356,,,,4.0644,2024-01-01
578,WP_113816,NECOA_NTBI,70000A,HOME_CARE,FINANCIAL_LEASE,84,84,1320,,,,588,0.6918,,,,0.3082,29.7474,,,,13.2526,2024-01-01
579,WP_113818,NECOA_NTBI,N0000A,SELF_CARE,OPERATING_LEASE,0,60,1320,,,,600,0.6875,,,,0.3125,48.8125,,,,22.1875,2024-01-01
580,WP_113818,NECOA_NTBI,N3000A,SELF_CARE,FINANCIAL_LEASE,36,36,1320,,,,252,0.8397,,,,0.1603,41.1453,,,,7.8547,2024-01-01
581,WP_113818,NECOA_NTBI,N3N00A,SELF_CARE,OPERATING_LEASE,0,60,1320,,,,600,0.6875,,,,0.3125,33.6875,,,,15.3125,2024-01-01
582,WP_113818,NECOA_NTBI,N3200A,SELF_CARE,FINANCIAL_LEASE,24,24,1320,,,,168,0.8871,,,,0.1129,31.0485,,,,3.9515,2024-01-01
583,WP_113818,NECOA_NTBI,N32N0A,SELF_CARE,OPERATING_LEASE,0,60,1320,,,,600,0.6875,,,,0.3125,24.0625,,,,10.9375,2024-01-01
584,WP_113818,NECOA_NTBI,N5000A,SELF_CARE,FINANCIAL_LEASE,60,60,1320,,,,420,0.7586,,,,0.2414,29.5854,,,,9.4146,2024-01-01
585,WP_113818,NECOA_NTBI,N5N00A,SELF_CARE,OPERATING_LEASE,0,60,1320,,,,600,0.6875,,,,0.3125,26.8125,,,,12.1875,2024-01-01
586,WP_113818,NECOA_NTBI,30000A,SELF_CARE,FINANCIAL_LEASE,36,36,1320,,,,252,0.8397,,,,0.1603,41.1453,,,,7.8547,2024-01-01
587,WP_113818,NECOA_NTBI,3N000A,SELF_CARE,OPERATING_LEASE,0,60,1320,,,,600,0.6875,,,,0.3125,33.6875,,,,15.3125,2024-01-01
588,WP_113818,NECOA_NTBI,32000A,SELF_CARE,FINANCIAL_LEASE,24,24,1320,,,,168,0.8871,,,,0.1129,31.0485,,,,3.9515,2024-01-01
589,WP_113818,NECOA_NTBI,32N00A,SELF_CARE,OPERATING_LEASE,0,60,1320,,,,600,0.6875,,,,0.3125,24.0625,,,,10.9375,2024-01-01
590,WP_113818,NECOA_NTBI,32200A,SELF_CARE,FINANCIAL_LEASE,24,24,1320,,,,168,0.8871,,,,0.1129,23.9517,,,,3.0483,2024-01-01
591,WP_113818,NECOA_NTBI,34000A,SELF_CARE,FINANCIAL_LEASE,48,48,1320,,,,336,0.7971,,,,0.2029,21.5217,,,,5.4783,2024-01-01
592,WP_113818,NECOA_NTBI,50000A,SELF_CARE,FINANCIAL_LEASE,60,60,1320,,,,420,0.7586,,,,0.2414,29.5854,,,,9.4146,2024-01-01
593,WP_113818,NECOA_NTBI,5N000A,SELF_CARE,OPERATING_LEASE,0,60,1320,,,,600,0.6875,,,,0.3125,26.8125,,,,12.1875,2024-01-01
594,WP_113818,NECOA_NTBI,52000A,SELF_CARE,FINANCIAL_LEASE,24,24,1320,,,,168,0.8871,,,,0.1129,23.0646,,,,2.9354,2024-01-01
595,WP_113818,NECOA_NTBI,70000A,SELF_CARE,FINANCIAL_LEASE,84,84,1320,,,,588,0.6918,,,,0.3082,22.8294,,,,10.1706,2024-01-01
596,WP_113818,NECOA_NTBI,N0000A,HOME_CARE,OPERATING_LEASE,0,60,1320,,,,600,0.6875,,,,0.3125,55.6875,,,,25.3125,2024-01-01
597,WP_113818,NECOA_NTBI,N3000A,HOME_CARE,FINANCIAL_LEASE,36,36,1320,,,,252,0.8397,,,,0.1603,49.5423,,,,9.4577,2024-01-01
598,WP_113818,NECOA_NTBI,N3N00A,HOME_CARE,OPERATING_LEASE,0,60,1320,,,,600,0.6875,,,,0.3125,40.5625,,,,18.4375,2024-01-01
599,WP_113818,NECOA_NTBI,N3200A,HOME_CARE,FINANCIAL_LEASE,24,24,1320,,,,168,0.8871,,,,0.1129,39.9195,,,,5.0805,2024-01-01
600,WP_113818,NECOA_NTBI,N32N0A,HOME_CARE,OPERATING_LEASE,0,60,1320,,,,600,0.6875,,,,0.3125,30.9375,,,,14.0625,2024-01-01
601,WP_113818,NECOA_NTBI,N5000A,HOME_CARE,FINANCIAL_LEASE,60,60,1320,,,,420,0.7586,,,,0.2414,37.1714,,,,11.8286,2024-01-01
602,WP_113818,NECOA_NTBI,N5N00A,HOME_CARE,OPERATING_LEASE,0,60,1320,,,,600,0.6875,,,,0.3125,33.6875,,,,15.3125,2024-01-01
603,WP_113818,NECOA_NTBI,30000A,HOME_CARE,FINANCIAL_LEASE,36,36,1320,,,,252,0.8397,,,,0.1603,49.5423,,,,9.4577,2024-01-01
604,WP_113818,NECOA_NTBI,3N000A,HOME_CARE,OPERATING_LEASE,0,60,1320,,,,600,0.6875,,,,0.3125,40.5625,,,,18.4375,2024-01-01
605,WP_113818,NECOA_NTBI,32000A,HOME_CARE,FINANCIAL_LEASE,24,24,1320,,,,168,0.8871,,,,0.1129,39.9195,,,,5.0805,2024-01-01
606,WP_113818,NECOA_NTBI,32N00A,HOME_CARE,OPERATING_LEASE,0,60,1320,,,,600,0.6875,,,,0.3125,30.9375,,,,14.0625,2024-01-01
607,WP_113818,NECOA_NTBI,32200A,HOME_CARE,FINANCIAL_LEASE,24,24,1320,,,,168,0.8871,,,,0.1129,32.8227,,,,4.1773,2024-01-01
608,WP_113818,NECOA_NTBI,34000A,HOME_CARE,FINANCIAL_LEASE,48,48,1320,,,,336,0.7971,,,,0.2029,29.4927,,,,7.5073,2024-01-01
609,WP_113818,NECOA_NTBI,50000A,HOME_CARE,FINANCIAL_LEASE,60,60,1320,,,,420,0.7586,,,,0.2414,37.1714,,,,11.8286,2024-01-01
610,WP_113818,NECOA_NTBI,5N000A,HOME_CARE,OPERATING_LEASE,0,60,1320,,,,600,0.6875,,,,0.3125,33.6875,,,,15.3125,2024-01-01
611,WP_113818,NECOA_NTBI,52000A,HOME_CARE,FINANCIAL_LEASE,24,24,1320,,,,168,0.8871,,,,0.1129,31.9356,,,,4.0644,2024-01-01
612,WP_113818,NECOA_NTBI,70000A,HOME_CARE,FINANCIAL_LEASE,84,84,1320,,,,588,0.6918,,,,0.3082,29.7474,,,,13.2526,2024-01-01
613,WP_113819,NECOA_NTBI,N0000A,SELF_CARE,OPERATING_LEASE,0,60,1320,,,,600,0.6875,,,,0.3125,48.8125,,,,22.1875,2024-01-01
614,WP_113819,NECOA_NTBI,N3000A,SELF_CARE,FINANCIAL_LEASE,36,36,1320,,,,252,0.8397,,,,0.1603,41.1453,,,,7.8547,2024-01-01
615,WP_113819,NECOA_NTBI,N3N00A,SELF_CARE,OPERATING_LEASE,0,60,1320,,,,600,0.6875,,,,0.3125,33.6875,,,,15.3125,2024-01-01
616,WP_113819,NECOA_NTBI,N3200A,SELF_CARE,FINANCIAL_LEASE,24,24,1320,,,,168,0.8871,,,,0.1129,31.0485,,,,3.9515,2024-01-01
617,WP_113819,NECOA_NTBI,N32N0A,SELF_CARE,OPERATING_LEASE,0,60,1320,,,,600,0.6875,,,,0.3125,24.0625,,,,10.9375,2024-01-01
618,WP_113819,NECOA_NTBI,N5000A,SELF_CARE,FINANCIAL_LEASE,60,60,1320,,,,420,0.7586,,,,0.2414,29.5854,,,,9.4146,2024-01-01
619,WP_113819,NECOA_NTBI,N5N00A,SELF_CARE,OPERATING_LEASE,0,60,1320,,,,600,0.6875,,,,0.3125,26.8125,,,,12.1875,2024-01-01
620,WP_113819,NECOA_NTBI,30000A,SELF_CARE,FINANCIAL_LEASE,36,36,1320,,,,252,0.8397,,,,0.1603,41.1453,,,,7.8547,2024-01-01
621,WP_113819,NECOA_NTBI,3N000A,SELF_CARE,OPERATING_LEASE,0,60,1320,,,,600,0.6875,,,,0.3125,33.6875,,,,15.3125,2024-01-01
622,WP_113819,NECOA_NTBI,32000A,SELF_CARE,FINANCIAL_LEASE,24,24,1320,,,,168,0.8871,,,,0.1129,31.0485,,,,3.9515,2024-01-01
623,WP_113819,NECOA_NTBI,32N00A,SELF_CARE,OPERATING_LEASE,0,60,1320,,,,600,0.6875,,,,0.3125,24.0625,,,,10.9375,2024-01-01
624,WP_113819,NECOA_NTBI,32200A,SELF_CARE,FINANCIAL_LEASE,24,24,1320,,,,168,0.8871,,,,0.1129,23.9517,,,,3.0483,2024-01-01
625,WP_113819,NECOA_NTBI,34000A,SELF_CARE,FINANCIAL_LEASE,48,48,1320,,,,336,0.7971,,,,0.2029,21.5217,,,,5.4783,2024-01-01
626,WP_113819,NECOA_NTBI,50000A,SELF_CARE,FINANCIAL_LEASE,60,60,1320,,,,420,0.7586,,,,0.2414,29.5854,,,,9.4146,2024-01-01
627,WP_113819,NECOA_NTBI,5N000A,SELF_CARE,OPERATING_LEASE,0,60,1320,,,,600,0.6875,,,,0.3125,26.8125,,,,12.1875,2024-01-01
628,WP_113819,NECOA_NTBI,52000A,SELF_CARE,FINANCIAL_LEASE,24,24,1320,,,,168,0.8871,,,,0.1129,23.0646,,,,2.9354,2024-01-01
629,WP_113819,NECOA_NTBI,70000A,SELF_CARE,FINANCIAL_LEASE,84,84,1320,,,,588,0.6918,,,,0.3082,22.8294,,,,10.1706,2024-01-01
630,WP_113819,NECOA_NTBI,N0000A,HOME_CARE,OPERATING_LEASE,0,60,1320,,,,600,0.6875,,,,0.3125,55.6875,,,,25.3125,2024-01-01
631,WP_113819,NECOA_NTBI,N3000A,HOME_CARE,FINANCIAL_LEASE,36,36,1320,,,,252,0.8397,,,,0.1603,49.5423,,,,9.4577,2024-01-01
632,WP_113819,NECOA_NTBI,N3N00A,HOME_CARE,OPERATING_LEASE,0,60,1320,,,,600,0.6875,,,,0.3125,40.5625,,,,18.4375,2024-01-01
633,WP_113819,NECOA_NTBI,N3200A,HOME_CARE,FINANCIAL_LEASE,24,24,1320,,,,168,0.8871,,,,0.1129,39.9195,,,,5.0805,2024-01-01
634,WP_113819,NECOA_NTBI,N32N0A,HOME_CARE,OPERATING_LEASE,0,60,1320,,,,600,0.6875,,,,0.3125,30.9375,,,,14.0625,2024-01-01
635,WP_113819,NECOA_NTBI,N5000A,HOME_CARE,FINANCIAL_LEASE,60,60,1320,,,,420,0.7586,,,,0.2414,37.1714,,,,11.8286,2024-01-01
636,WP_113819,NECOA_NTBI,N5N00A,HOME_CARE,OPERATING_LEASE,0,60,1320,,,,600,0.6875,,,,0.3125,33.6875,,,,15.3125,2024-01-01
637,WP_113819,NECOA_NTBI,30000A,HOME_CARE,FINANCIAL_LEASE,36,36,1320,,,,252,0.8397,,,,0.1603,49.5423,,,,9.4577,2024-01-01
638,WP_113819,NECOA_NTBI,3N000A,HOME_CARE,OPERATING_LEASE,0,60,1320,,,,600,0.6875,,,,0.3125,40.5625,,,,18.4375,2024-01-01
639,WP_113819,NECOA_NTBI,32000A,HOME_CARE,FINANCIAL_LEASE,24,24,1320,,,,168,0.8871,,,,0.1129,39.9195,,,,5.0805,2024-01-01
640,WP_113819,NECOA_NTBI,32N00A,HOME_CARE,OPERATING_LEASE,0,60,1320,,,,600,0.6875,,,,0.3125,30.9375,,,,14.0625,2024-01-01
641,WP_113819,NECOA_NTBI,32200A,HOME_CARE,FINANCIAL_LEASE,24,24,1320,,,,168,0.8871,,,,0.1129,32.8227,,,,4.1773,2024-01-01
642,WP_113819,NECOA_NTBI,34000A,HOME_CARE,FINANCIAL_LEASE,48,48,1320,,,,336,0.7971,,,,0.2029,29.4927,,,,7.5073,2024-01-01
643,WP_113819,NECOA_NTBI,50000A,HOME_CARE,FINANCIAL_LEASE,60,60,1320,,,,420,0.7586,,,,0.2414,37.1714,,,,11.8286,2024-01-01
644,WP_113819,NECOA_NTBI,5N000A,HOME_CARE,OPERATING_LEASE,0,60,1320,,,,600,0.6875,,,,0.3125,33.6875,,,,15.3125,2024-01-01
645,WP_113819,NECOA_NTBI,52000A,HOME_CARE,FINANCIAL_LEASE,24,24,1320,,,,168,0.8871,,,,0.1129,31.9356,,,,4.0644,2024-01-01
646,WP_113819,NECOA_NTBI,70000A,HOME_CARE,FINANCIAL_LEASE,84,84,1320,,,,588,0.6918,,,,0.3082,29.7474,,,,13.2526,2024-01-01
647,WP_113820,NECOA_NTBI,N0000A,SELF_CARE,OPERATING_LEASE,0,60,1320,,,,600,0.6875,,,,0.3125,48.8125,,,,22.1875,2024-01-01
648,WP_113820,NECOA_NTBI,N3000A,SELF_CARE,FINANCIAL_LEASE,36,36,1320,,,,252,0.8397,,,,0.1603,41.1453,,,,7.8547,2024-01-01
649,WP_113820,NECOA_NTBI,N3N00A,SELF_CARE,OPERATING_LEASE,0,60,1320,,,,600,0.6875,,,,0.3125,33.6875,,,,15.3125,2024-01-01
650,WP_113820,NECOA_NTBI,N3200A,SELF_CARE,FINANCIAL_LEASE,24,24,1320,,,,168,0.8871,,,,0.1129,31.0485,,,,3.9515,2024-01-01
651,WP_113820,NECOA_NTBI,N32N0A,SELF_CARE,OPERATING_LEASE,0,60,1320,,,,600,0.6875,,,,0.3125,24.0625,,,,10.9375,2024-01-01
652,WP_113820,NECOA_NTBI,N5000A,SELF_CARE,FINANCIAL_LEASE,60,60,1320,,,,420,0.7586,,,,0.2414,29.5854,,,,9.4146,2024-01-01
653,WP_113820,NECOA_NTBI,N5N00A,SELF_CARE,OPERATING_LEASE,0,60,1320,,,,600,0.6875,,,,0.3125,26.8125,,,,12.1875,2024-01-01
654,WP_113820,NECOA_NTBI,30000A,SELF_CARE,FINANCIAL_LEASE,36,36,1320,,,,252,0.8397,,,,0.1603,41.1453,,,,7.8547,2024-01-01
655,WP_113820,NECOA_NTBI,3N000A,SELF_CARE,OPERATING_LEASE,0,60,1320,,,,600,0.6875,,,,0.3125,33.6875,,,,15.3125,2024-01-01
656,WP_113820,NECOA_NTBI,32000A,SELF_CARE,FINANCIAL_LEASE,24,24,1320,,,,168,0.8871,,,,0.1129,31.0485,,,,3.9515,2024-01-01
657,WP_113820,NECOA_NTBI,32N00A,SELF_CARE,OPERATING_LEASE,0,60,1320,,,,600,0.6875,,,,0.3125,24.0625,,,,10.9375,2024-01-01
658,WP_113820,NECOA_NTBI,32200A,SELF_CARE,FINANCIAL_LEASE,24,24,1320,,,,168,0.8871,,,,0.1129,23.9517,,,,3.0483,2024-01-01
659,WP_113820,NECOA_NTBI,34000A,SELF_CARE,FINANCIAL_LEASE,48,48,1320,,,,336,0.7971,,,,0.2029,21.5217,,,,5.4783,2024-01-01
660,WP_113820,NECOA_NTBI,50000A,SELF_CARE,FINANCIAL_LEASE,60,60,1320,,,,420,0.7586,,,,0.2414,29.5854,,,,9.4146,2024-01-01
661,WP_113820,NECOA_NTBI,5N000A,SELF_CARE,OPERATING_LEASE,0,60,1320,,,,600,0.6875,,,,0.3125,26.8125,,,,12.1875,2024-01-01
662,WP_113820,NECOA_NTBI,52000A,SELF_CARE,FINANCIAL_LEASE,24,24,1320,,,,168,0.8871,,,,0.1129,23.0646,,,,2.9354,2024-01-01
663,WP_113820,NECOA_NTBI,70000A,SELF_CARE,FINANCIAL_LEASE,84,84,1320,,,,588,0.6918,,,,0.3082,22.8294,,,,10.1706,2024-01-01
664,WP_113820,NECOA_NTBI,N0000A,HOME_CARE,OPERATING_LEASE,0,60,1320,,,,600,0.6875,,,,0.3125,55.6875,,,,25.3125,2024-01-01
665,WP_113820,NECOA_NTBI,N3000A,HOME_CARE,FINANCIAL_LEASE,36,36,1320,,,,252,0.8397,,,,0.1603,49.5423,,,,9.4577,2024-01-01
666,WP_113820,NECOA_NTBI,N3N00A,HOME_CARE,OPERATING_LEASE,0,60,1320,,,,600,0.6875,,,,0.3125,40.5625,,,,18.4375,2024-01-01
667,WP_113820,NECOA_NTBI,N3200A,HOME_CARE,FINANCIAL_LEASE,24,24,1320,,,,168,0.8871,,,,0.1129,39.9195,,,,5.0805,2024-01-01
668,WP_113820,NECOA_NTBI,N32N0A,HOME_CARE,OPERATING_LEASE,0,60,1320,,,,600,0.6875,,,,0.3125,30.9375,,,,14.0625,2024-01-01
669,WP_113820,NECOA_NTBI,N5000A,HOME_CARE,FINANCIAL_LEASE,60,60,1320,,,,420,0.7586,,,,0.2414,37.1714,,,,11.8286,2024-01-01
670,WP_113820,NECOA_NTBI,N5N00A,HOME_CARE,OPERATING_LEASE,0,60,1320,,,,600,0.6875,,,,0.3125,33.6875,,,,15.3125,2024-01-01
671,WP_113820,NECOA_NTBI,30000A,HOME_CARE,FINANCIAL_LEASE,36,36,1320,,,,252,0.8397,,,,0.1603,49.5423,,,,9.4577,2024-01-01
672,WP_113820,NECOA_NTBI,3N000A,HOME_CARE,OPERATING_LEASE,0,60,1320,,,,600,0.6875,,,,0.3125,40.5625,,,,18.4375,2024-01-01
673,WP_113820,NECOA_NTBI,32000A,HOME_CARE,FINANCIAL_LEASE,24,24,1320,,,,168,0.8871,,,,0.1129,39.9195,,,,5.0805,2024-01-01
674,WP_113820,NECOA_NTBI,32N00A,HOME_CARE,OPERATING_LEASE,0,60,1320,,,,600,0.6875,,,,0.3125,30.9375,,,,14.0625,2024-01-01
675,WP_113820,NECOA_NTBI,32200A,HOME_CARE,FINANCIAL_LEASE,24,24,1320,,,,168,0.8871,,,,0.1129,32.8227,,,,4.1773,2024-01-01
676,WP_113820,NECOA_NTBI,34000A,HOME_CARE,FINANCIAL_LEASE,48,48,1320,,,,336,0.7971,,,,0.2029,29.4927,,,,7.5073,2024-01-01
677,WP_113820,NECOA_NTBI,50000A,HOME_CARE,FINANCIAL_LEASE,60,60,1320,,,,420,0.7586,,,,0.2414,37.1714,,,,11.8286,2024-01-01
678,WP_113820,NECOA_NTBI,5N000A,HOME_CARE,OPERATING_LEASE,0,60,1320,,,,600,0.6875,,,,0.3125,33.6875,,,,15.3125,2024-01-01
679,WP_113820,NECOA_NTBI,52000A,HOME_CARE,FINANCIAL_LEASE,24,24,1320,,,,168,0.8871,,,,0.1129,31.9356,,,,4.0644,2024-01-01
680,WP_113820,NECOA_NTBI,70000A,HOME_CARE,FINANCIAL_LEASE,84,84,1320,,,,588,0.6918,,,,0.3082,29.7474,,,,13.2526,2024-01-01