id,base_time,currency,entry_id,grade_type,issued_time,material_id,material_name,material_product_type,model_name,movement_type,moving_avg_method,record_time,remark,stock_avg_unit_price,trigger_entity_id
1,2024-08-31 23:00:00.000000 +00:00,USD,,A,2024-09-01 01:00:00.000000 +00:00,WP_113627,NECOA RO C/T Pebble Gray,PRIMARY,CHP-1300L_GR,BEGINNING_INVENTORY,MONTHLY,2024-09-01 02:00:00.000000 +00:00,기초재고 갱신,510.56,
2,2024-09-30 23:00:00.000000 +00:00,USD,,A,2024-09-30 23:59:00.000000 +00:00,WP_113627,NECOA RO C/T Pebble Gray,PRIMARY,CHP-1300L_GR,ENDING_INVENTORY,MONTHLY,2024-10-01 02:00:00.000000 +00:00,기말재고 갱신,512.65,
3,2024-09-30 23:00:00.000000 +00:00,USD,,A,2024-10-01 23:59:00.000000 +00:00,WP_113627,NECOA RO C/T Pebble Gray,PRIMARY,CHP-1300L_GR,BEGINNING_INVENTORY,MONTHLY,2024-10-01 02:00:00.000000 +00:00,기초재고 갱신,515.34,
4,2024-10-31 23:00:00.000000 +00:00,USD,,A,2024-10-31 23:59:00.000000 +00:00,WP_113627,NECOA RO C/T Pebble Gray,PRIMARY,CHP-1300L_GR,ENDING_INVENTORY,MONTHLY,2024-11-01 02:00:00.000000 +00:00,기말재고 갱신,515.34,
5,2024-10-31 23:00:00.000000 +00:00,USD,,A,2024-11-01 23:59:00.000000 +00:00,WP_113627,NECOA RO C/T Pebble Gray,PRIMARY,CHP-1300L_GR,BEGINNING_INVENTORY,MONTHLY,2024-11-01 02:00:00.000000 +00:00,기초재고 갱신,510.12,
6,2024-11-30 23:00:00.000000 +00:00,USD,,A,2024-11-30 23:59:00.000000 +00:00,WP_113627,NECOA RO C/T Pebble Gray,PRIMARY,CHP-1300L_GR,ENDING_INVENTORY,MONTHLY,2024-12-01 02:00:00.000000 +00:00,기말재고 갱신,510.12,
7,2024-08-31 23:00:00.000000 +00:00,USD,,B,2024-09-01 01:00:00.000000 +00:00,WP_113627,NECOA RO C/T Pebble Gray,PRIMARY,CHP-1300L_GR,BEGINNING_INVENTORY,MONTHLY,2024-09-01 02:00:00.000000 +00:00,기초재고 갱신,459.50,
8,2024-09-30 23:00:00.000000 +00:00,USD,,B,2024-09-30 23:59:00.000000 +00:00,WP_113627,NECOA RO C/T Pebble Gray,PRIMARY,CHP-1300L_GR,ENDING_INVENTORY,MONTHLY,2024-10-01 02:00:00.000000 +00:00,기말재고 갱신,461.39,
9,2024-09-30 23:00:00.000000 +00:00,USD,,B,2024-10-01 23:59:00.000000 +00:00,WP_113627,NECOA RO C/T Pebble Gray,PRIMARY,CHP-1300L_GR,BEGINNING_INVENTORY,MONTHLY,2024-10-01 02:00:00.000000 +00:00,기초재고 갱신,463.81,
10,2024-10-31 23:00:00.000000 +00:00,USD,,B,2024-10-31 23:59:00.000000 +00:00,WP_113627,NECOA RO C/T Pebble Gray,PRIMARY,CHP-1300L_GR,ENDING_INVENTORY,MONTHLY,2024-11-01 02:00:00.000000 +00:00,기말재고 갱신,463.81,
11,2024-10-31 23:00:00.000000 +00:00,USD,,B,2024-11-01 23:59:00.000000 +00:00,WP_113627,NECOA RO C/T Pebble Gray,PRIMARY,CHP-1300L_GR,BEGINNING_INVENTORY,MONTHLY,2024-11-01 02:00:00.000000 +00:00,기초재고 갱신,459.11,
12,2024-11-30 23:00:00.000000 +00:00,USD,,B,2024-11-30 23:59:00.000000 +00:00,WP_113627,NECOA RO C/T Pebble Gray,PRIMARY,CHP-1300L_GR,ENDING_INVENTORY,MONTHLY,2024-12-01 02:00:00.000000 +00:00,기말재고 갱신,459.11,
13,2024-08-31 23:00:00.000000 +00:00,USD,,A,2024-09-01 01:00:00.000000 +00:00,WP_113637,NECOA RO B/I Iron Silver,PRIMARY,CHP-1100R_SL,BEGINNING_INVENTORY,MONTHLY,2024-09-01 02:00:00.000000 +00:00,기초재고 갱신,492.45,
14,2024-09-30 23:00:00.000000 +00:00,USD,,A,2024-09-30 23:59:00.000000 +00:00,WP_113637,NECOA RO B/I Iron Silver,PRIMARY,CHP-1100R_SL,ENDING_INVENTORY,MONTHLY,2024-10-01 02:00:00.000000 +00:00,기말재고 갱신,498.12,
15,2024-09-30 23:00:00.000000 +00:00,USD,,A,2024-10-01 23:59:00.000000 +00:00,WP_113637,NECOA RO B/I Iron Silver,PRIMARY,CHP-1100R_SL,BEGINNING_INVENTORY,MONTHLY,2024-10-01 02:00:00.000000 +00:00,기초재고 갱신,499.12,
16,2024-10-31 23:00:00.000000 +00:00,USD,,A,2024-10-31 23:59:00.000000 +00:00,WP_113637,NECOA RO B/I Iron Silver,PRIMARY,CHP-1100R_SL,ENDING_INVENTORY,MONTHLY,2024-11-01 02:00:00.000000 +00:00,기말재고 갱신,497.24,
17,2024-10-31 23:00:00.000000 +00:00,USD,,A,2024-11-01 23:59:00.000000 +00:00,WP_113637,NECOA RO B/I Iron Silver,PRIMARY,CHP-1100R_SL,BEGINNING_INVENTORY,MONTHLY,2024-11-01 02:00:00.000000 +00:00,기초재고 갱신,496.56,
18,2024-11-30 23:00:00.000000 +00:00,USD,,A,2024-11-30 23:59:00.000000 +00:00,WP_113637,NECOA RO B/I Iron Silver,PRIMARY,CHP-1100R_SL,ENDING_INVENTORY,MONTHLY,2024-12-01 02:00:00.000000 +00:00,기말재고 갱신,496.56,
19,2024-08-31 23:00:00.000000 +00:00,USD,,B,2024-09-01 01:00:00.000000 +00:00,WP_113637,NECOA RO B/I Iron Silver,PRIMARY,CHP-1100R_SL,BEGINNING_INVENTORY,MONTHLY,2024-09-01 02:00:00.000000 +00:00,기초재고 갱신,443.21,
20,2024-09-30 23:00:00.000000 +00:00,USD,,B,2024-09-30 23:59:00.000000 +00:00,WP_113637,NECOA RO B/I Iron Silver,PRIMARY,CHP-1100R_SL,ENDING_INVENTORY,MONTHLY,2024-10-01 02:00:00.000000 +00:00,기말재고 갱신,448.31,
21,2024-09-30 23:00:00.000000 +00:00,USD,,B,2024-10-01 23:59:00.000000 +00:00,WP_113637,NECOA RO B/I Iron Silver,PRIMARY,CHP-1100R_SL,BEGINNING_INVENTORY,MONTHLY,2024-10-01 02:00:00.000000 +00:00,기초재고 갱신,449.21,
22,2024-10-31 23:00:00.000000 +00:00,USD,,B,2024-10-31 23:59:00.000000 +00:00,WP_113637,NECOA RO B/I Iron Silver,PRIMARY,CHP-1100R_SL,ENDING_INVENTORY,MONTHLY,2024-11-01 02:00:00.000000 +00:00,기말재고 갱신,447.52,
23,2024-10-31 23:00:00.000000 +00:00,USD,,B,2024-11-01 23:59:00.000000 +00:00,WP_113637,NECOA RO B/I Iron Silver,PRIMARY,CHP-1100R_SL,BEGINNING_INVENTORY,MONTHLY,2024-11-01 02:00:00.000000 +00:00,기초재고 갱신,446.90,
24,2024-11-30 23:00:00.000000 +00:00,USD,,B,2024-11-30 23:59:00.000000 +00:00,WP_113637,NECOA RO B/I Iron Silver,PRIMARY,CHP-1100R_SL,ENDING_INVENTORY,MONTHLY,2024-12-01 02:00:00.000000 +00:00,기말재고 갱신,446.90,
25,2024-08-31 23:00:00.000000 +00:00,USD,,A,2024-09-01 01:00:00.000000 +00:00,WP_113643,NECOA NT C/T Pebble Gray,PRIMARY,CHP-1200N_GR,BEGINNING_INVENTORY,MONTHLY,2024-09-01 02:00:00.000000 +00:00,기초재고 갱신,634.54,
26,2024-09-30 23:00:00.000000 +00:00,USD,,A,2024-09-30 23:59:00.000000 +00:00,WP_113643,NECOA NT C/T Pebble Gray,PRIMARY,CHP-1200N_GR,ENDING_INVENTORY,MONTHLY,2024-10-01 02:00:00.000000 +00:00,기말재고 갱신,635.21,
27,2024-09-30 23:00:00.000000 +00:00,USD,,A,2024-10-01 23:59:00.000000 +00:00,WP_113643,NECOA NT C/T Pebble Gray,PRIMARY,CHP-1200N_GR,BEGINNING_INVENTORY,MONTHLY,2024-10-01 02:00:00.000000 +00:00,기초재고 갱신,632.12,
28,2024-10-31 23:00:00.000000 +00:00,USD,,A,2024-10-31 23:59:00.000000 +00:00,WP_113643,NECOA NT C/T Pebble Gray,PRIMARY,CHP-1200N_GR,ENDING_INVENTORY,MONTHLY,2024-11-01 02:00:00.000000 +00:00,기말재고 갱신,634.34,
29,2024-10-31 23:00:00.000000 +00:00,USD,,A,2024-11-01 23:59:00.000000 +00:00,WP_113643,NECOA NT C/T Pebble Gray,PRIMARY,CHP-1200N_GR,BEGINNING_INVENTORY,MONTHLY,2024-11-01 02:00:00.000000 +00:00,기초재고 갱신,635.44,
30,2024-11-30 23:00:00.000000 +00:00,USD,,A,2024-11-30 23:59:00.000000 +00:00,WP_113643,NECOA NT C/T Pebble Gray,PRIMARY,CHP-1200N_GR,ENDING_INVENTORY,MONTHLY,2024-12-01 02:00:00.000000 +00:00,기말재고 갱신,634.22,
31,2024-08-31 23:00:00.000000 +00:00,USD,,B,2024-09-01 01:00:00.000000 +00:00,WP_113643,NECOA NT C/T Pebble Gray,PRIMARY,CHP-1200N_GR,BEGINNING_INVENTORY,MONTHLY,2024-09-01 02:00:00.000000 +00:00,기초재고 갱신,571.09,
32,2024-09-30 23:00:00.000000 +00:00,USD,,B,2024-09-30 23:59:00.000000 +00:00,WP_113643,NECOA NT C/T Pebble Gray,PRIMARY,CHP-1200N_GR,ENDING_INVENTORY,MONTHLY,2024-10-01 02:00:00.000000 +00:00,기말재고 갱신,571.69,
33,2024-09-30 23:00:00.000000 +00:00,USD,,B,2024-10-01 23:59:00.000000 +00:00,WP_113643,NECOA NT C/T Pebble Gray,PRIMARY,CHP-1200N_GR,BEGINNING_INVENTORY,MONTHLY,2024-10-01 02:00:00.000000 +00:00,기초재고 갱신,568.91,
34,2024-10-31 23:00:00.000000 +00:00,USD,,B,2024-10-31 23:59:00.000000 +00:00,WP_113643,NECOA NT C/T Pebble Gray,PRIMARY,CHP-1200N_GR,ENDING_INVENTORY,MONTHLY,2024-11-01 02:00:00.000000 +00:00,기말재고 갱신,570.91,
35,2024-10-31 23:00:00.000000 +00:00,USD,,B,2024-11-01 23:59:00.000000 +00:00,WP_113643,NECOA NT C/T Pebble Gray,PRIMARY,CHP-1200N_GR,BEGINNING_INVENTORY,MONTHLY,2024-11-01 02:00:00.000000 +00:00,기초재고 갱신,571.90,
36,2024-11-30 23:00:00.000000 +00:00,USD,,B,2024-11-30 23:59:00.000000 +00:00,WP_113643,NECOA NT C/T Pebble Gray,PRIMARY,CHP-1200N_GR,ENDING_INVENTORY,MONTHLY,2024-12-01 02:00:00.000000 +00:00,기말재고 갱신,570.80,
37,2024-08-31 23:00:00.000000 +00:00,USD,,A,2024-09-01 01:00:00.000000 +00:00,WP_113713,NECOA RO ICE C/T Pebble Gray,PRIMARY,CHPI-1500L_GR,BEGINNING_INVENTORY,MONTHLY,2024-09-01 02:00:00.000000 +00:00,기초재고 갱신,870.12,
38,2024-09-30 23:00:00.000000 +00:00,USD,,A,2024-09-30 23:59:00.000000 +00:00,WP_113713,NECOA RO ICE C/T Pebble Gray,PRIMARY,CHPI-1500L_GR,ENDING_INVENTORY,MONTHLY,2024-10-01 02:00:00.000000 +00:00,기말재고 갱신,871.12,
39,2024-09-30 23:00:00.000000 +00:00,USD,,A,2024-10-01 23:59:00.000000 +00:00,WP_113713,NECOA RO ICE C/T Pebble Gray,PRIMARY,CHPI-1500L_GR,BEGINNING_INVENTORY,MONTHLY,2024-10-01 02:00:00.000000 +00:00,기초재고 갱신,869.23,
40,2024-10-31 23:00:00.000000 +00:00,USD,,A,2024-10-31 23:59:00.000000 +00:00,WP_113713,NECOA RO ICE C/T Pebble Gray,PRIMARY,CHPI-1500L_GR,ENDING_INVENTORY,MONTHLY,2024-11-01 02:00:00.000000 +00:00,기말재고 갱신,869.23,
41,2024-10-31 23:00:00.000000 +00:00,USD,,A,2024-11-01 23:59:00.000000 +00:00,WP_113713,NECOA RO ICE C/T Pebble Gray,PRIMARY,CHPI-1500L_GR,BEGINNING_INVENTORY,MONTHLY,2024-11-01 02:00:00.000000 +00:00,기초재고 갱신,868.23,
42,2024-11-30 23:00:00.000000 +00:00,USD,,A,2024-11-30 23:59:00.000000 +00:00,WP_113713,NECOA RO ICE C/T Pebble Gray,PRIMARY,CHPI-1500L_GR,ENDING_INVENTORY,MONTHLY,2024-12-01 02:00:00.000000 +00:00,기말재고 갱신,869.23,
43,2024-08-31 23:00:00.000000 +00:00,USD,,B,2024-09-01 01:00:00.000000 +00:00,WP_113713,NECOA RO ICE C/T Pebble Gray,PRIMARY,CHPI-1500L_GR,BEGINNING_INVENTORY,MONTHLY,2024-09-01 02:00:00.000000 +00:00,기초재고 갱신,783.11,
44,2024-09-30 23:00:00.000000 +00:00,USD,,B,2024-09-30 23:59:00.000000 +00:00,WP_113713,NECOA RO ICE C/T Pebble Gray,PRIMARY,CHPI-1500L_GR,ENDING_INVENTORY,MONTHLY,2024-10-01 02:00:00.000000 +00:00,기말재고 갱신,784.01,
45,2024-09-30 23:00:00.000000 +00:00,USD,,B,2024-10-01 23:59:00.000000 +00:00,WP_113713,NECOA RO ICE C/T Pebble Gray,PRIMARY,CHPI-1500L_GR,BEGINNING_INVENTORY,MONTHLY,2024-10-01 02:00:00.000000 +00:00,기초재고 갱신,782.31,
46,2024-10-31 23:00:00.000000 +00:00,USD,,B,2024-10-31 23:59:00.000000 +00:00,WP_113713,NECOA RO ICE C/T Pebble Gray,PRIMARY,CHPI-1500L_GR,ENDING_INVENTORY,MONTHLY,2024-11-01 02:00:00.000000 +00:00,기말재고 갱신,782.31,
47,2024-10-31 23:00:00.000000 +00:00,USD,,B,2024-11-01 23:59:00.000000 +00:00,WP_113713,NECOA RO ICE C/T Pebble Gray,PRIMARY,CHPI-1500L_GR,BEGINNING_INVENTORY,MONTHLY,2024-11-01 02:00:00.000000 +00:00,기초재고 갱신,781.41,
48,2024-11-30 23:00:00.000000 +00:00,USD,,B,2024-11-30 23:59:00.000000 +00:00,WP_113713,NECOA RO ICE C/T Pebble Gray,PRIMARY,CHPI-1500L_GR,ENDING_INVENTORY,MONTHLY,2024-12-01 02:00:00.000000 +00:00,기말재고 갱신,782.31,
49,2024-08-31 23:00:00.000000 +00:00,USD,,A,2024-09-01 01:00:00.000000 +00:00,WP_113725,NECOA NT C/T Iron Silver,PRIMARY,CHP-1200N_SL,BEGINNING_INVENTORY,MONTHLY,2024-09-01 02:00:00.000000 +00:00,기초재고 갱신,530.34,
50,2024-09-30 23:00:00.000000 +00:00,USD,,A,2024-09-30 23:59:00.000000 +00:00,WP_113725,NECOA NT C/T Iron Silver,PRIMARY,CHP-1200N_SL,ENDING_INVENTORY,MONTHLY,2024-10-01 02:00:00.000000 +00:00,기말재고 갱신,534.22,
51,2024-09-30 23:00:00.000000 +00:00,USD,,A,2024-10-01 23:59:00.000000 +00:00,WP_113725,NECOA NT C/T Iron Silver,PRIMARY,CHP-1200N_SL,BEGINNING_INVENTORY,MONTHLY,2024-10-01 02:00:00.000000 +00:00,기초재고 갱신,533.32,
52,2024-10-31 23:00:00.000000 +00:00,USD,,A,2024-10-31 23:59:00.000000 +00:00,WP_113725,NECOA NT C/T Iron Silver,PRIMARY,CHP-1200N_SL,ENDING_INVENTORY,MONTHLY,2024-11-01 02:00:00.000000 +00:00,기말재고 갱신,532.23,
53,2024-10-31 23:00:00.000000 +00:00,USD,,A,2024-11-01 23:59:00.000000 +00:00,WP_113725,NECOA NT C/T Iron Silver,PRIMARY,CHP-1200N_SL,BEGINNING_INVENTORY,MONTHLY,2024-11-01 02:00:00.000000 +00:00,기초재고 갱신,530.34,
54,2024-11-30 23:00:00.000000 +00:00,USD,,A,2024-11-30 23:59:00.000000 +00:00,WP_113725,NECOA NT C/T Iron Silver,PRIMARY,CHP-1200N_SL,ENDING_INVENTORY,MONTHLY,2024-12-01 02:00:00.000000 +00:00,기말재고 갱신,532.23,
55,2024-08-31 23:00:00.000000 +00:00,USD,,B,2024-09-01 01:00:00.000000 +00:00,WP_113725,NECOA NT C/T Iron Silver,PRIMARY,CHP-1200N_SL,BEGINNING_INVENTORY,MONTHLY,2024-09-01 02:00:00.000000 +00:00,기초재고 갱신,477.31,
56,2024-09-30 23:00:00.000000 +00:00,USD,,B,2024-09-30 23:59:00.000000 +00:00,WP_113725,NECOA NT C/T Iron Silver,PRIMARY,CHP-1200N_SL,ENDING_INVENTORY,MONTHLY,2024-10-01 02:00:00.000000 +00:00,기말재고 갱신,480.80,
57,2024-09-30 23:00:00.000000 +00:00,USD,,B,2024-10-01 23:59:00.000000 +00:00,WP_113725,NECOA NT C/T Iron Silver,PRIMARY,CHP-1200N_SL,BEGINNING_INVENTORY,MONTHLY,2024-10-01 02:00:00.000000 +00:00,기초재고 갱신,479.99,
58,2024-10-31 23:00:00.000000 +00:00,USD,,B,2024-10-31 23:59:00.000000 +00:00,WP_113725,NECOA NT C/T Iron Silver,PRIMARY,CHP-1200N_SL,ENDING_INVENTORY,MONTHLY,2024-11-01 02:00:00.000000 +00:00,기말재고 갱신,479.01,
59,2024-10-31 23:00:00.000000 +00:00,USD,,B,2024-11-01 23:59:00.000000 +00:00,WP_113725,NECOA NT C/T Iron Silver,PRIMARY,CHP-1200N_SL,BEGINNING_INVENTORY,MONTHLY,2024-11-01 02:00:00.000000 +00:00,기초재고 갱신,477.31,
60,2024-11-30 23:00:00.000000 +00:00,USD,,B,2024-11-30 23:59:00.000000 +00:00,WP_113725,NECOA NT C/T Iron Silver,PRIMARY,CHP-1200N_SL,ENDING_INVENTORY,MONTHLY,2024-12-01 02:00:00.000000 +00:00,기말재고 갱신,479.01,
61,2024-08-31 23:00:00.000000 +00:00,USD,,A,2024-09-01 01:00:00.000000 +00:00,WP_113727,NECOA RO ICE C/T Iron Silver,PRIMARY,CHPI-1500L_SL,BEGINNING_INVENTORY,MONTHLY,2024-09-01 02:00:00.000000 +00:00,기초재고 갱신,435.35,
62,2024-09-30 23:00:00.000000 +00:00,USD,,A,2024-09-30 23:59:00.000000 +00:00,WP_113727,NECOA RO ICE C/T Iron Silver,PRIMARY,CHPI-1500L_SL,ENDING_INVENTORY,MONTHLY,2024-10-01 02:00:00.000000 +00:00,기말재고 갱신,435.35,
63,2024-09-30 23:00:00.000000 +00:00,USD,,A,2024-10-01 23:59:00.000000 +00:00,WP_113727,NECOA RO ICE C/T Iron Silver,PRIMARY,CHPI-1500L_SL,BEGINNING_INVENTORY,MONTHLY,2024-10-01 02:00:00.000000 +00:00,기초재고 갱신,436.75,
64,2024-10-31 23:00:00.000000 +00:00,USD,,A,2024-10-31 23:59:00.000000 +00:00,WP_113727,NECOA RO ICE C/T Iron Silver,PRIMARY,CHPI-1500L_SL,ENDING_INVENTORY,MONTHLY,2024-11-01 02:00:00.000000 +00:00,기말재고 갱신,437.89,
65,2024-10-31 23:00:00.000000 +00:00,USD,,A,2024-11-01 23:59:00.000000 +00:00,WP_113727,NECOA RO ICE C/T Iron Silver,PRIMARY,CHPI-1500L_SL,BEGINNING_INVENTORY,MONTHLY,2024-11-01 02:00:00.000000 +00:00,기초재고 갱신,435.89,
66,2024-11-30 23:00:00.000000 +00:00,USD,,A,2024-11-30 23:59:00.000000 +00:00,WP_113727,NECOA RO ICE C/T Iron Silver,PRIMARY,CHPI-1500L_SL,ENDING_INVENTORY,MONTHLY,2024-12-01 02:00:00.000000 +00:00,기말재고 갱신,436.78,
67,2024-08-31 23:00:00.000000 +00:00,USD,,B,2024-09-01 01:00:00.000000 +00:00,WP_113727,NECOA RO ICE C/T Iron Silver,PRIMARY,CHPI-1500L_SL,BEGINNING_INVENTORY,MONTHLY,2024-09-01 02:00:00.000000 +00:00,기초재고 갱신,391.82,
68,2024-09-30 23:00:00.000000 +00:00,USD,,B,2024-09-30 23:59:00.000000 +00:00,WP_113727,NECOA RO ICE C/T Iron Silver,PRIMARY,CHPI-1500L_SL,ENDING_INVENTORY,MONTHLY,2024-10-01 02:00:00.000000 +00:00,기말재고 갱신,391.82,
69,2024-09-30 23:00:00.000000 +00:00,USD,,B,2024-10-01 23:59:00.000000 +00:00,WP_113727,NECOA RO ICE C/T Iron Silver,PRIMARY,CHPI-1500L_SL,BEGINNING_INVENTORY,MONTHLY,2024-10-01 02:00:00.000000 +00:00,기초재고 갱신,393.08,
70,2024-10-31 23:00:00.000000 +00:00,USD,,B,2024-10-31 23:59:00.000000 +00:00,WP_113727,NECOA RO ICE C/T Iron Silver,PRIMARY,CHPI-1500L_SL,ENDING_INVENTORY,MONTHLY,2024-11-01 02:00:00.000000 +00:00,기말재고 갱신,394.10,
71,2024-10-31 23:00:00.000000 +00:00,USD,,B,2024-11-01 23:59:00.000000 +00:00,WP_113727,NECOA RO ICE C/T Iron Silver,PRIMARY,CHPI-1500L_SL,BEGINNING_INVENTORY,MONTHLY,2024-11-01 02:00:00.000000 +00:00,기초재고 갱신,392.30,
72,2024-11-30 23:00:00.000000 +00:00,USD,,B,2024-11-30 23:59:00.000000 +00:00,WP_113727,NECOA RO ICE C/T Iron Silver,PRIMARY,CHPI-1500L_SL,ENDING_INVENTORY,MONTHLY,2024-12-01 02:00:00.000000 +00:00,기말재고 갱신,393.10,
73,2024-08-31 23:00:00.000000 +00:00,USD,,A,2024-09-01 01:00:00.000000 +00:00,WP_113729,NECOA RO C/T Iron Silver,PRIMARY,CHP-1300L_SL,BEGINNING_INVENTORY,MONTHLY,2024-09-01 02:00:00.000000 +00:00,기초재고 갱신,1234.34,
74,2024-09-30 23:00:00.000000 +00:00,USD,,A,2024-09-30 23:59:00.000000 +00:00,WP_113729,NECOA RO C/T Iron Silver,PRIMARY,CHP-1300L_SL,ENDING_INVENTORY,MONTHLY,2024-10-01 02:00:00.000000 +00:00,기말재고 갱신,1232.21,
75,2024-09-30 23:00:00.000000 +00:00,USD,,A,2024-10-01 23:59:00.000000 +00:00,WP_113729,NECOA RO C/T Iron Silver,PRIMARY,CHP-1300L_SL,BEGINNING_INVENTORY,MONTHLY,2024-10-01 02:00:00.000000 +00:00,기초재고 갱신,1231.21,
76,2024-10-31 23:00:00.000000 +00:00,USD,,A,2024-10-31 23:59:00.000000 +00:00,WP_113729,NECOA RO C/T Iron Silver,PRIMARY,CHP-1300L_SL,ENDING_INVENTORY,MONTHLY,2024-11-01 02:00:00.000000 +00:00,기말재고 갱신,1234.21,
77,2024-10-31 23:00:00.000000 +00:00,USD,,A,2024-11-01 23:59:00.000000 +00:00,WP_113729,NECOA RO C/T Iron Silver,PRIMARY,CHP-1300L_SL,BEGINNING_INVENTORY,MONTHLY,2024-11-01 02:00:00.000000 +00:00,기초재고 갱신,1235.21,
78,2024-11-30 23:00:00.000000 +00:00,USD,,A,2024-11-30 23:59:00.000000 +00:00,WP_113729,NECOA RO C/T Iron Silver,PRIMARY,CHP-1300L_SL,ENDING_INVENTORY,MONTHLY,2024-12-01 02:00:00.000000 +00:00,기말재고 갱신,1236.21,
79,2024-08-31 23:00:00.000000 +00:00,USD,,B,2024-09-01 01:00:00.000000 +00:00,WP_113729,NECOA RO C/T Iron Silver,PRIMARY,CHP-1300L_SL,BEGINNING_INVENTORY,MONTHLY,2024-09-01 02:00:00.000000 +00:00,기초재고 갱신,1110.91,
80,2024-09-30 23:00:00.000000 +00:00,USD,,B,2024-09-30 23:59:00.000000 +00:00,WP_113729,NECOA RO C/T Iron Silver,PRIMARY,CHP-1300L_SL,ENDING_INVENTORY,MONTHLY,2024-10-01 02:00:00.000000 +00:00,기말재고 갱신,1108.99,
81,2024-09-30 23:00:00.000000 +00:00,USD,,B,2024-10-01 23:59:00.000000 +00:00,WP_113729,NECOA RO C/T Iron Silver,PRIMARY,CHP-1300L_SL,BEGINNING_INVENTORY,MONTHLY,2024-10-01 02:00:00.000000 +00:00,기초재고 갱신,1108.09,
82,2024-10-31 23:00:00.000000 +00:00,USD,,B,2024-10-31 23:59:00.000000 +00:00,WP_113729,NECOA RO C/T Iron Silver,PRIMARY,CHP-1300L_SL,ENDING_INVENTORY,MONTHLY,2024-11-01 02:00:00.000000 +00:00,기말재고 갱신,1110.79,
83,2024-10-31 23:00:00.000000 +00:00,USD,,B,2024-11-01 23:59:00.000000 +00:00,WP_113729,NECOA RO C/T Iron Silver,PRIMARY,CHP-1300L_SL,BEGINNING_INVENTORY,MONTHLY,2024-11-01 02:00:00.000000 +00:00,기초재고 갱신,1111.69,
84,2024-11-30 23:00:00.000000 +00:00,USD,,B,2024-11-30 23:59:00.000000 +00:00,WP_113729,NECOA RO C/T Iron Silver,PRIMARY,CHP-1300L_SL,ENDING_INVENTORY,MONTHLY,2024-12-01 02:00:00.000000 +00:00,기말재고 갱신,1112.59,
85,2024-08-31 23:00:00.000000 +00:00,USD,,A,2024-09-01 01:00:00.000000 +00:00,WP_113782,NECOA RO B/I Pebble Gray,PRIMARY,CHP-1100R_GR,BEGINNING_INVENTORY,MONTHLY,2024-09-01 02:00:00.000000 +00:00,기초재고 갱신,857.87,
86,2024-09-30 23:00:00.000000 +00:00,USD,,A,2024-09-30 23:59:00.000000 +00:00,WP_113782,NECOA RO B/I Pebble Gray,PRIMARY,CHP-1100R_GR,ENDING_INVENTORY,MONTHLY,2024-10-01 02:00:00.000000 +00:00,기말재고 갱신,852.87,
87,2024-09-30 23:00:00.000000 +00:00,USD,,A,2024-10-01 23:59:00.000000 +00:00,WP_113782,NECOA RO B/I Pebble Gray,PRIMARY,CHP-1100R_GR,BEGINNING_INVENTORY,MONTHLY,2024-10-01 02:00:00.000000 +00:00,기초재고 갱신,852.54,
88,2024-10-31 23:00:00.000000 +00:00,USD,,A,2024-10-31 23:59:00.000000 +00:00,WP_113782,NECOA RO B/I Pebble Gray,PRIMARY,CHP-1100R_GR,ENDING_INVENTORY,MONTHLY,2024-11-01 02:00:00.000000 +00:00,기말재고 갱신,857.87,
89,2024-10-31 23:00:00.000000 +00:00,USD,,A,2024-11-01 23:59:00.000000 +00:00,WP_113782,NECOA RO B/I Pebble Gray,PRIMARY,CHP-1100R_GR,BEGINNING_INVENTORY,MONTHLY,2024-11-01 02:00:00.000000 +00:00,기초재고 갱신,854.87,
90,2024-11-30 23:00:00.000000 +00:00,USD,,A,2024-11-30 23:59:00.000000 +00:00,WP_113782,NECOA RO B/I Pebble Gray,PRIMARY,CHP-1100R_GR,ENDING_INVENTORY,MONTHLY,2024-12-01 02:00:00.000000 +00:00,기말재고 갱신,854.87,
91,2024-08-31 23:00:00.000000 +00:00,USD,,B,2024-09-01 01:00:00.000000 +00:00,WP_113782,NECOA RO B/I Pebble Gray,PRIMARY,CHP-1100R_GR,BEGINNING_INVENTORY,MONTHLY,2024-09-01 02:00:00.000000 +00:00,기초재고 갱신,772.08,
92,2024-09-30 23:00:00.000000 +00:00,USD,,B,2024-09-30 23:59:00.000000 +00:00,WP_113782,NECOA RO B/I Pebble Gray,PRIMARY,CHP-1100R_GR,ENDING_INVENTORY,MONTHLY,2024-10-01 02:00:00.000000 +00:00,기말재고 갱신,767.58,
93,2024-09-30 23:00:00.000000 +00:00,USD,,B,2024-10-01 23:59:00.000000 +00:00,WP_113782,NECOA RO B/I Pebble Gray,PRIMARY,CHP-1100R_GR,BEGINNING_INVENTORY,MONTHLY,2024-10-01 02:00:00.000000 +00:00,기초재고 갱신,767.29,
94,2024-10-31 23:00:00.000000 +00:00,USD,,B,2024-10-31 23:59:00.000000 +00:00,WP_113782,NECOA RO B/I Pebble Gray,PRIMARY,CHP-1100R_GR,ENDING_INVENTORY,MONTHLY,2024-11-01 02:00:00.000000 +00:00,기말재고 갱신,772.08,
95,2024-10-31 23:00:00.000000 +00:00,USD,,B,2024-11-01 23:59:00.000000 +00:00,WP_113782,NECOA RO B/I Pebble Gray,PRIMARY,CHP-1100R_GR,BEGINNING_INVENTORY,MONTHLY,2024-11-01 02:00:00.000000 +00:00,기초재고 갱신,769.38,
96,2024-11-30 23:00:00.000000 +00:00,USD,,B,2024-11-30 23:59:00.000000 +00:00,WP_113782,NECOA RO B/I Pebble Gray,PRIMARY,CHP-1100R_GR,ENDING_INVENTORY,MONTHLY,2024-12-01 02:00:00.000000 +00:00,기말재고 갱신,769.38,
97,2024-08-31 23:00:00.000000 +00:00,USD,,A,2024-09-01 01:00:00.000000 +00:00,WP_113780,NECOA RO B/I HP Iron Silver,PRIMARY,HP-1100R_SL,BEGINNING_INVENTORY,MONTHLY,2024-09-01 02:00:00.000000 +00:00,기초재고 갱신,693.54,
98,2024-09-30 23:00:00.000000 +00:00,USD,,A,2024-09-30 23:59:00.000000 +00:00,WP_113780,NECOA RO B/I HP Iron Silver,PRIMARY,HP-1100R_SL,ENDING_INVENTORY,MONTHLY,2024-10-01 02:00:00.000000 +00:00,기말재고 갱신,695.55,
99,2024-09-30 23:00:00.000000 +00:00,USD,,A,2024-10-01 23:59:00.000000 +00:00,WP_113780,NECOA RO B/I HP Iron Silver,PRIMARY,HP-1100R_SL,BEGINNING_INVENTORY,MONTHLY,2024-10-01 02:00:00.000000 +00:00,기초재고 갱신,696.55,
100,2024-10-31 23:00:00.000000 +00:00,USD,,A,2024-10-31 23:59:00.000000 +00:00,WP_113780,NECOA RO B/I HP Iron Silver,PRIMARY,HP-1100R_SL,ENDING_INVENTORY,MONTHLY,2024-11-01 02:00:00.000000 +00:00,기말재고 갱신,690.15,
101,2024-10-31 23:00:00.000000 +00:00,USD,,A,2024-11-01 23:59:00.000000 +00:00,WP_113780,NECOA RO B/I HP Iron Silver,PRIMARY,HP-1100R_SL,BEGINNING_INVENTORY,MONTHLY,2024-11-01 02:00:00.000000 +00:00,기초재고 갱신,691.78,
102,2024-11-30 23:00:00.000000 +00:00,USD,,A,2024-11-30 23:59:00.000000 +00:00,WP_113780,NECOA RO B/I HP Iron Silver,PRIMARY,HP-1100R_SL,ENDING_INVENTORY,MONTHLY,2024-12-01 02:00:00.000000 +00:00,기말재고 갱신,699.78,
103,2024-08-31 23:00:00.000000 +00:00,USD,,B,2024-09-01 01:00:00.000000 +00:00,WP_113780,NECOA RO B/I HP Iron Silver,PRIMARY,HP-1100R_SL,BEGINNING_INVENTORY,MONTHLY,2024-09-01 02:00:00.000000 +00:00,기초재고 갱신,624.19,
104,2024-09-30 23:00:00.000000 +00:00,USD,,B,2024-09-30 23:59:00.000000 +00:00,WP_113780,NECOA RO B/I HP Iron Silver,PRIMARY,HP-1100R_SL,ENDING_INVENTORY,MONTHLY,2024-10-01 02:00:00.000000 +00:00,기말재고 갱신,626.00,
105,2024-09-30 23:00:00.000000 +00:00,USD,,B,2024-10-01 23:59:00.000000 +00:00,WP_113780,NECOA RO B/I HP Iron Silver,PRIMARY,HP-1100R_SL,BEGINNING_INVENTORY,MONTHLY,2024-10-01 02:00:00.000000 +00:00,기초재고 갱신,626.90,
106,2024-10-31 23:00:00.000000 +00:00,USD,,B,2024-10-31 23:59:00.000000 +00:00,WP_113780,NECOA RO B/I HP Iron Silver,PRIMARY,HP-1100R_SL,ENDING_INVENTORY,MONTHLY,2024-11-01 02:00:00.000000 +00:00,기말재고 갱신,621.14,
107,2024-10-31 23:00:00.000000 +00:00,USD,,B,2024-11-01 23:59:00.000000 +00:00,WP_113780,NECOA RO B/I HP Iron Silver,PRIMARY,HP-1100R_SL,BEGINNING_INVENTORY,MONTHLY,2024-11-01 02:00:00.000000 +00:00,기초재고 갱신,622.60,
108,2024-11-30 23:00:00.000000 +00:00,USD,,B,2024-11-30 23:59:00.000000 +00:00,WP_113780,NECOA RO B/I HP Iron Silver,PRIMARY,HP-1100R_SL,ENDING_INVENTORY,MONTHLY,2024-12-01 02:00:00.000000 +00:00,기말재고 갱신,629.80,
109,2024-08-31 23:00:00.000000 +00:00,USD,,A,2024-09-01 01:00:00.000000 +00:00,WP_113819,NECOA NT B/I Bronze Beige,PRIMARY,CHP-1110N_BR,BEGINNING_INVENTORY,MONTHLY,2024-09-01 02:00:00.000000 +00:00,기초재고 갱신,561.74,
110,2024-09-30 23:00:00.000000 +00:00,USD,,A,2024-09-30 23:59:00.000000 +00:00,WP_113819,NECOA NT B/I Bronze Beige,PRIMARY,CHP-1110N_BR,ENDING_INVENTORY,MONTHLY,2024-10-01 02:00:00.000000 +00:00,기말재고 갱신,563.44,
111,2024-09-30 23:00:00.000000 +00:00,USD,,A,2024-10-01 23:59:00.000000 +00:00,WP_113819,NECOA NT B/I Bronze Beige,PRIMARY,CHP-1110N_BR,BEGINNING_INVENTORY,MONTHLY,2024-10-01 02:00:00.000000 +00:00,기초재고 갱신,564.76,
112,2024-10-31 23:00:00.000000 +00:00,USD,,A,2024-10-31 23:59:00.000000 +00:00,WP_113819,NECOA NT B/I Bronze Beige,PRIMARY,CHP-1110N_BR,ENDING_INVENTORY,MONTHLY,2024-11-01 02:00:00.000000 +00:00,기말재고 갱신,563.33,
113,2024-10-31 23:00:00.000000 +00:00,USD,,A,2024-11-01 23:59:00.000000 +00:00,WP_113819,NECOA NT B/I Bronze Beige,PRIMARY,CHP-1110N_BR,BEGINNING_INVENTORY,MONTHLY,2024-11-01 02:00:00.000000 +00:00,기초재고 갱신,543.56,
114,2024-11-30 23:00:00.000000 +00:00,USD,,A,2024-11-30 23:59:00.000000 +00:00,WP_113819,NECOA NT B/I Bronze Beige,PRIMARY,CHP-1110N_BR,ENDING_INVENTORY,MONTHLY,2024-12-01 02:00:00.000000 +00:00,기말재고 갱신,550.00,
115,2024-08-31 23:00:00.000000 +00:00,USD,,B,2024-09-01 01:00:00.000000 +00:00,WP_113819,NECOA NT B/I Bronze Beige,PRIMARY,CHP-1110N_BR,BEGINNING_INVENTORY,MONTHLY,2024-09-01 02:00:00.000000 +00:00,기초재고 갱신,505.57,
116,2024-09-30 23:00:00.000000 +00:00,USD,,B,2024-09-30 23:59:00.000000 +00:00,WP_113819,NECOA NT B/I Bronze Beige,PRIMARY,CHP-1110N_BR,ENDING_INVENTORY,MONTHLY,2024-10-01 02:00:00.000000 +00:00,기말재고 갱신,507.10,
117,2024-09-30 23:00:00.000000 +00:00,USD,,B,2024-10-01 23:59:00.000000 +00:00,WP_113819,NECOA NT B/I Bronze Beige,PRIMARY,CHP-1110N_BR,BEGINNING_INVENTORY,MONTHLY,2024-10-01 02:00:00.000000 +00:00,기초재고 갱신,508.28,
118,2024-10-31 23:00:00.000000 +00:00,USD,,B,2024-10-31 23:59:00.000000 +00:00,WP_113819,NECOA NT B/I Bronze Beige,PRIMARY,CHP-1110N_BR,ENDING_INVENTORY,MONTHLY,2024-11-01 02:00:00.000000 +00:00,기말재고 갱신,507.00,
119,2024-10-31 23:00:00.000000 +00:00,USD,,B,2024-11-01 23:59:00.000000 +00:00,WP_113819,NECOA NT B/I Bronze Beige,PRIMARY,CHP-1110N_BR,BEGINNING_INVENTORY,MONTHLY,2024-11-01 02:00:00.000000 +00:00,기초재고 갱신,489.20,
120,2024-11-30 23:00:00.000000 +00:00,USD,,B,2024-11-30 23:59:00.000000 +00:00,WP_113819,NECOA NT B/I Bronze Beige,PRIMARY,CHP-1110N_BR,ENDING_INVENTORY,MONTHLY,2024-12-01 02:00:00.000000 +00:00,기말재고 갱신,495.00,
121,2024-08-31 23:00:00.000000 +00:00,USD,,A,2024-09-01 01:00:00.000000 +00:00,WP_113818,NECOA NT B/I Pebble Gray,PRIMARY,CHP-1110N_BR,BEGINNING_INVENTORY,MONTHLY,2024-09-01 02:00:00.000000 +00:00,기초재고 갱신,986.55,
122,2024-09-30 23:00:00.000000 +00:00,USD,,A,2024-09-30 23:59:00.000000 +00:00,WP_113818,NECOA NT B/I Pebble Gray,PRIMARY,CHP-1110N_BR,ENDING_INVENTORY,MONTHLY,2024-10-01 02:00:00.000000 +00:00,기말재고 갱신,987.13,
123,2024-09-30 23:00:00.000000 +00:00,USD,,A,2024-10-01 23:59:00.000000 +00:00,WP_113818,NECOA NT B/I Pebble Gray,PRIMARY,CHP-1110N_BR,BEGINNING_INVENTORY,MONTHLY,2024-10-01 02:00:00.000000 +00:00,기초재고 갱신,989.13,
124,2024-10-31 23:00:00.000000 +00:00,USD,,A,2024-10-31 23:59:00.000000 +00:00,WP_113818,NECOA NT B/I Pebble Gray,PRIMARY,CHP-1110N_BR,ENDING_INVENTORY,MONTHLY,2024-11-01 02:00:00.000000 +00:00,기말재고 갱신,980.13,
125,2024-10-31 23:00:00.000000 +00:00,USD,,A,2024-11-01 23:59:00.000000 +00:00,WP_113818,NECOA NT B/I Pebble Gray,PRIMARY,CHP-1110N_BR,BEGINNING_INVENTORY,MONTHLY,2024-11-01 02:00:00.000000 +00:00,기초재고 갱신,989.13,
126,2024-11-30 23:00:00.000000 +00:00,USD,,A,2024-11-30 23:59:00.000000 +00:00,WP_113818,NECOA NT B/I Pebble Gray,PRIMARY,CHP-1110N_BR,ENDING_INVENTORY,MONTHLY,2024-12-01 02:00:00.000000 +00:00,기말재고 갱신,989.13,
127,2024-08-31 23:00:00.000000 +00:00,USD,,B,2024-09-01 01:00:00.000000 +00:00,WP_113818,NECOA NT B/I Pebble Gray,PRIMARY,CHP-1110N_BR,BEGINNING_INVENTORY,MONTHLY,2024-09-01 02:00:00.000000 +00:00,기초재고 갱신,887.90,
128,2024-09-30 23:00:00.000000 +00:00,USD,,B,2024-09-30 23:59:00.000000 +00:00,WP_113818,NECOA NT B/I Pebble Gray,PRIMARY,CHP-1110N_BR,ENDING_INVENTORY,MONTHLY,2024-10-01 02:00:00.000000 +00:00,기말재고 갱신,888.42,
129,2024-09-30 23:00:00.000000 +00:00,USD,,B,2024-10-01 23:59:00.000000 +00:00,WP_113818,NECOA NT B/I Pebble Gray,PRIMARY,CHP-1110N_BR,BEGINNING_INVENTORY,MONTHLY,2024-10-01 02:00:00.000000 +00:00,기초재고 갱신,890.22,
130,2024-10-31 23:00:00.000000 +00:00,USD,,B,2024-10-31 23:59:00.000000 +00:00,WP_113818,NECOA NT B/I Pebble Gray,PRIMARY,CHP-1110N_BR,ENDING_INVENTORY,MONTHLY,2024-11-01 02:00:00.000000 +00:00,기말재고 갱신,882.12,
131,2024-10-31 23:00:00.000000 +00:00,USD,,B,2024-11-01 23:59:00.000000 +00:00,WP_113818,NECOA NT B/I Pebble Gray,PRIMARY,CHP-1110N_BR,BEGINNING_INVENTORY,MONTHLY,2024-11-01 02:00:00.000000 +00:00,기초재고 갱신,890.22,
132,2024-11-30 23:00:00.000000 +00:00,USD,,B,2024-11-30 23:59:00.000000 +00:00,WP_113818,NECOA NT B/I Pebble Gray,PRIMARY,CHP-1110N_BR,ENDING_INVENTORY,MONTHLY,2024-12-01 02:00:00.000000 +00:00,기말재고 갱신,890.22,
133,2024-08-31 23:00:00.000000 +00:00,USD,,A,2024-09-01 01:00:00.000000 +00:00,WP_113781,NECOA RO B/I Quartz Brown,PRIMARY,CHP-1100R_BR,BEGINNING_INVENTORY,MONTHLY,2024-09-01 02:00:00.000000 +00:00,기초재고 갱신,789.45,
134,2024-09-30 23:00:00.000000 +00:00,USD,,A,2024-09-30 23:59:00.000000 +00:00,WP_113781,NECOA RO B/I Quartz Brown,PRIMARY,CHP-1100R_BR,ENDING_INVENTORY,MONTHLY,2024-10-01 02:00:00.000000 +00:00,기말재고 갱신,785.45,
135,2024-09-30 23:00:00.000000 +00:00,USD,,A,2024-10-01 23:59:00.000000 +00:00,WP_113781,NECOA RO B/I Quartz Brown,PRIMARY,CHP-1100R_BR,BEGINNING_INVENTORY,MONTHLY,2024-10-01 02:00:00.000000 +00:00,기초재고 갱신,784.45,
136,2024-10-31 23:00:00.000000 +00:00,USD,,A,2024-10-31 23:59:00.000000 +00:00,WP_113781,NECOA RO B/I Quartz Brown,PRIMARY,CHP-1100R_BR,ENDING_INVENTORY,MONTHLY,2024-11-01 02:00:00.000000 +00:00,기말재고 갱신,782.12,
137,2024-10-31 23:00:00.000000 +00:00,USD,,A,2024-11-01 23:59:00.000000 +00:00,WP_113781,NECOA RO B/I Quartz Brown,PRIMARY,CHP-1100R_BR,BEGINNING_INVENTORY,MONTHLY,2024-11-01 02:00:00.000000 +00:00,기초재고 갱신,782.12,
138,2024-11-30 23:00:00.000000 +00:00,USD,,A,2024-11-30 23:59:00.000000 +00:00,WP_113781,NECOA RO B/I Quartz Brown,PRIMARY,CHP-1100R_BR,ENDING_INVENTORY,MONTHLY,2024-12-01 02:00:00.000000 +00:00,기말재고 갱신,784.45,
139,2024-08-31 23:00:00.000000 +00:00,USD,,B,2024-09-01 01:00:00.000000 +00:00,WP_113781,NECOA RO B/I Quartz Brown,PRIMARY,CHP-1100R_BR,BEGINNING_INVENTORY,MONTHLY,2024-09-01 02:00:00.000000 +00:00,기초재고 갱신,710.51,
140,2024-09-30 23:00:00.000000 +00:00,USD,,B,2024-09-30 23:59:00.000000 +00:00,WP_113781,NECOA RO B/I Quartz Brown,PRIMARY,CHP-1100R_BR,ENDING_INVENTORY,MONTHLY,2024-10-01 02:00:00.000000 +00:00,기말재고 갱신,706.91,
141,2024-09-30 23:00:00.000000 +00:00,USD,,B,2024-10-01 23:59:00.000000 +00:00,WP_113781,NECOA RO B/I Quartz Brown,PRIMARY,CHP-1100R_BR,BEGINNING_INVENTORY,MONTHLY,2024-10-01 02:00:00.000000 +00:00,기초재고 갱신,706.01,
142,2024-10-31 23:00:00.000000 +00:00,USD,,B,2024-10-31 23:59:00.000000 +00:00,WP_113781,NECOA RO B/I Quartz Brown,PRIMARY,CHP-1100R_BR,ENDING_INVENTORY,MONTHLY,2024-11-01 02:00:00.000000 +00:00,기말재고 갱신,703.91,
143,2024-10-31 23:00:00.000000 +00:00,USD,,B,2024-11-01 23:59:00.000000 +00:00,WP_113781,NECOA RO B/I Quartz Brown,PRIMARY,CHP-1100R_BR,BEGINNING_INVENTORY,MONTHLY,2024-11-01 02:00:00.000000 +00:00,기초재고 갱신,703.91,
144,2024-11-30 23:00:00.000000 +00:00,USD,,B,2024-11-30 23:59:00.000000 +00:00,WP_113781,NECOA RO B/I Quartz Brown,PRIMARY,CHP-1100R_BR,ENDING_INVENTORY,MONTHLY,2024-12-01 02:00:00.000000 +00:00,기말재고 갱신,706.01,
145,2024-08-31 23:00:00.000000 +00:00,USD,,A,2024-09-01 01:00:00.000000 +00:00,WP_113816,NECOA NT B/I Iron Silver,PRIMARY,CHP-1110N_SL,BEGINNING_INVENTORY,MONTHLY,2024-09-01 02:00:00.000000 +00:00,기초재고 갱신,639.45,
146,2024-09-30 23:00:00.000000 +00:00,USD,,A,2024-09-30 23:59:00.000000 +00:00,WP_113816,NECOA NT B/I Iron Silver,PRIMARY,CHP-1110N_SL,ENDING_INVENTORY,MONTHLY,2024-10-01 02:00:00.000000 +00:00,기말재고 갱신,636.21,
147,2024-09-30 23:00:00.000000 +00:00,USD,,A,2024-10-01 23:59:00.000000 +00:00,WP_113816,NECOA NT B/I Iron Silver,PRIMARY,CHP-1110N_SL,BEGINNING_INVENTORY,MONTHLY,2024-10-01 02:00:00.000000 +00:00,기초재고 갱신,635.40,
148,2024-10-31 23:00:00.000000 +00:00,USD,,A,2024-10-31 23:59:00.000000 +00:00,WP_113816,NECOA NT B/I Iron Silver,PRIMARY,CHP-1110N_SL,ENDING_INVENTORY,MONTHLY,2024-11-01 02:00:00.000000 +00:00,기말재고 갱신,633.52,
149,2024-10-31 23:00:00.000000 +00:00,USD,,A,2024-11-01 23:59:00.000000 +00:00,WP_113816,NECOA NT B/I Iron Silver,PRIMARY,CHP-1110N_SL,BEGINNING_INVENTORY,MONTHLY,2024-11-01 02:00:00.000000 +00:00,기초재고 갱신,633.52,
150,2024-11-30 23:00:00.000000 +00:00,USD,,A,2024-11-30 23:59:00.000000 +00:00,WP_113816,NECOA NT B/I Iron Silver,PRIMARY,CHP-1110N_SL,ENDING_INVENTORY,MONTHLY,2024-12-01 02:00:00.000000 +00:00,기말재고 갱신,635.40,
151,2024-08-31 23:00:00.000000 +00:00,USD,,B,2024-09-01 01:00:00.000000 +00:00,WP_113816,NECOA NT B/I Iron Silver,PRIMARY,CHP-1110N_SL,BEGINNING_INVENTORY,MONTHLY,2024-09-01 02:00:00.000000 +00:00,기초재고 갱신,575.51,
152,2024-09-30 23:00:00.000000 +00:00,USD,,B,2024-09-30 23:59:00.000000 +00:00,WP_113816,NECOA NT B/I Iron Silver,PRIMARY,CHP-1110N_SL,ENDING_INVENTORY,MONTHLY,2024-10-01 02:00:00.000000 +00:00,기말재고 갱신,572.59,
153,2024-09-30 23:00:00.000000 +00:00,USD,,B,2024-10-01 23:59:00.000000 +00:00,WP_113816,NECOA NT B/I Iron Silver,PRIMARY,CHP-1110N_SL,BEGINNING_INVENTORY,MONTHLY,2024-10-01 02:00:00.000000 +00:00,기초재고 갱신,571.86,
154,2024-10-31 23:00:00.000000 +00:00,USD,,B,2024-10-31 23:59:00.000000 +00:00,WP_113816,NECOA NT B/I Iron Silver,PRIMARY,CHP-1110N_SL,ENDING_INVENTORY,MONTHLY,2024-11-01 02:00:00.000000 +00:00,기말재고 갱신,570.17,
155,2024-10-31 23:00:00.000000 +00:00,USD,,B,2024-11-01 23:59:00.000000 +00:00,WP_113816,NECOA NT B/I Iron Silver,PRIMARY,CHP-1110N_SL,BEGINNING_INVENTORY,MONTHLY,2024-11-01 02:00:00.000000 +00:00,기초재고 갱신,570.17,
156,2024-11-30 23:00:00.000000 +00:00,USD,,B,2024-11-30 23:59:00.000000 +00:00,WP_113816,NECOA NT B/I Iron Silver,PRIMARY,CHP-1110N_SL,ENDING_INVENTORY,MONTHLY,2024-12-01 02:00:00.000000 +00:00,기말재고 갱신,571.86,
157,2024-08-31 23:00:00.000000 +00:00,USD,,A,2024-09-01 01:00:00.000000 +00:00,WP_113783,NECOA RO B/I Icy Blue,PRIMARY,CHP-1100R_BU,BEGINNING_INVENTORY,MONTHLY,2024-09-01 02:00:00.000000 +00:00,기초재고 갱신,517.96,
158,2024-09-30 23:00:00.000000 +00:00,USD,,A,2024-09-30 23:59:00.000000 +00:00,WP_113783,NECOA RO B/I Icy Blue,PRIMARY,CHP-1100R_BU,ENDING_INVENTORY,MONTHLY,2024-10-01 02:00:00.000000 +00:00,기말재고 갱신,515.33,
159,2024-09-30 23:00:00.000000 +00:00,USD,,A,2024-10-01 23:59:00.000000 +00:00,WP_113783,NECOA RO B/I Icy Blue,PRIMARY,CHP-1100R_BU,BEGINNING_INVENTORY,MONTHLY,2024-10-01 02:00:00.000000 +00:00,기초재고 갱신,514.68,
160,2024-10-31 23:00:00.000000 +00:00,USD,,A,2024-10-31 23:59:00.000000 +00:00,WP_113783,NECOA RO B/I Icy Blue,PRIMARY,CHP-1100R_BU,ENDING_INVENTORY,MONTHLY,2024-11-01 02:00:00.000000 +00:00,기말재고 갱신,513.15,
161,2024-10-31 23:00:00.000000 +00:00,USD,,A,2024-11-01 23:59:00.000000 +00:00,WP_113783,NECOA RO B/I Icy Blue,PRIMARY,CHP-1100R_BU,BEGINNING_INVENTORY,MONTHLY,2024-11-01 02:00:00.000000 +00:00,기초재고 갱신,513.15,
162,2024-11-30 23:00:00.000000 +00:00,USD,,A,2024-11-30 23:59:00.000000 +00:00,WP_113783,NECOA RO B/I Icy Blue,PRIMARY,CHP-1100R_BU,ENDING_INVENTORY,MONTHLY,2024-12-01 02:00:00.000000 +00:00,기말재고 갱신,514.68,
163,2024-08-31 23:00:00.000000 +00:00,USD,,B,2024-09-01 01:00:00.000000 +00:00,WP_113783,NECOA RO B/I Icy Blue,PRIMARY,CHP-1100R_BU,BEGINNING_INVENTORY,MONTHLY,2024-09-01 02:00:00.000000 +00:00,기초재고 갱신,466.16,
164,2024-09-30 23:00:00.000000 +00:00,USD,,B,2024-09-30 23:59:00.000000 +00:00,WP_113783,NECOA RO B/I Icy Blue,PRIMARY,CHP-1100R_BU,ENDING_INVENTORY,MONTHLY,2024-10-01 02:00:00.000000 +00:00,기말재고 갱신,463.80,
165,2024-09-30 23:00:00.000000 +00:00,USD,,B,2024-10-01 23:59:00.000000 +00:00,WP_113783,NECOA RO B/I Icy Blue,PRIMARY,CHP-1100R_BU,BEGINNING_INVENTORY,MONTHLY,2024-10-01 02:00:00.000000 +00:00,기초재고 갱신,463.21,
166,2024-10-31 23:00:00.000000 +00:00,USD,,B,2024-10-31 23:59:00.000000 +00:00,WP_113783,NECOA RO B/I Icy Blue,PRIMARY,CHP-1100R_BU,ENDING_INVENTORY,MONTHLY,2024-11-01 02:00:00.000000 +00:00,기말재고 갱신,461.83,
167,2024-10-31 23:00:00.000000 +00:00,USD,,B,2024-11-01 23:59:00.000000 +00:00,WP_113783,NECOA RO B/I Icy Blue,PRIMARY,CHP-1100R_BU,BEGINNING_INVENTORY,MONTHLY,2024-11-01 02:00:00.000000 +00:00,기초재고 갱신,461.83,
168,2024-11-30 23:00:00.000000 +00:00,USD,,B,2024-11-30 23:59:00.000000 +00:00,WP_113783,NECOA RO B/I Icy Blue,PRIMARY,CHP-1100R_BU,ENDING_INVENTORY,MONTHLY,2024-12-01 02:00:00.000000 +00:00,기말재고 갱신,463.21,
169,2024-08-31 23:00:00.000000 +00:00,USD,,A,2024-09-01 01:00:00.000000 +00:00,WP_113784,NECOA RO B/I HP Pebble Gray,PRIMARY,HP-1100R_GR,BEGINNING_INVENTORY,MONTHLY,2024-09-01 02:00:00.000000 +00:00,기초재고 갱신,419.55,
170,2024-09-30 23:00:00.000000 +00:00,USD,,A,2024-09-30 23:59:00.000000 +00:00,WP_113784,NECOA RO B/I HP Pebble Gray,PRIMARY,HP-1100R_GR,ENDING_INVENTORY,MONTHLY,2024-10-01 02:00:00.000000 +00:00,기말재고 갱신,417.42,
171,2024-09-30 23:00:00.000000 +00:00,USD,,A,2024-10-01 23:59:00.000000 +00:00,WP_113784,NECOA RO B/I HP Pebble Gray,PRIMARY,HP-1100R_GR,BEGINNING_INVENTORY,MONTHLY,2024-10-01 02:00:00.000000 +00:00,기초재고 갱신,416.89,
172,2024-10-31 23:00:00.000000 +00:00,USD,,A,2024-10-31 23:59:00.000000 +00:00,WP_113784,NECOA RO B/I HP Pebble Gray,PRIMARY,HP-1100R_GR,ENDING_INVENTORY,MONTHLY,2024-11-01 02:00:00.000000 +00:00,기말재고 갱신,415.65,
173,2024-10-31 23:00:00.000000 +00:00,USD,,A,2024-11-01 23:59:00.000000 +00:00,WP_113784,NECOA RO B/I HP Pebble Gray,PRIMARY,HP-1100R_GR,BEGINNING_INVENTORY,MONTHLY,2024-11-01 02:00:00.000000 +00:00,기초재고 갱신,415.65,
174,2024-11-30 23:00:00.000000 +00:00,USD,,A,2024-11-30 23:59:00.000000 +00:00,WP_113784,NECOA RO B/I HP Pebble Gray,PRIMARY,HP-1100R_GR,ENDING_INVENTORY,MONTHLY,2024-12-01 02:00:00.000000 +00:00,기말재고 갱신,416.89,
175,2024-08-31 23:00:00.000000 +00:00,USD,,B,2024-09-01 01:00:00.000000 +00:00,WP_113784,NECOA RO B/I HP Pebble Gray,PRIMARY,HP-1100R_GR,BEGINNING_INVENTORY,MONTHLY,2024-09-01 02:00:00.000000 +00:00,기초재고 갱신,377.59,
176,2024-09-30 23:00:00.000000 +00:00,USD,,B,2024-09-30 23:59:00.000000 +00:00,WP_113784,NECOA RO B/I HP Pebble Gray,PRIMARY,HP-1100R_GR,ENDING_INVENTORY,MONTHLY,2024-10-01 02:00:00.000000 +00:00,기말재고 갱신,375.68,
177,2024-09-30 23:00:00.000000 +00:00,USD,,B,2024-10-01 23:59:00.000000 +00:00,WP_113784,NECOA RO B/I HP Pebble Gray,PRIMARY,HP-1100R_GR,BEGINNING_INVENTORY,MONTHLY,2024-10-01 02:00:00.000000 +00:00,기초재고 갱신,375.20,
178,2024-10-31 23:00:00.000000 +00:00,USD,,B,2024-10-31 23:59:00.000000 +00:00,WP_113784,NECOA RO B/I HP Pebble Gray,PRIMARY,HP-1100R_GR,ENDING_INVENTORY,MONTHLY,2024-11-01 02:00:00.000000 +00:00,기말재고 갱신,374.09,
179,2024-10-31 23:00:00.000000 +00:00,USD,,B,2024-11-01 23:59:00.000000 +00:00,WP_113784,NECOA RO B/I HP Pebble Gray,PRIMARY,HP-1100R_GR,BEGINNING_INVENTORY,MONTHLY,2024-11-01 02:00:00.000000 +00:00,기초재고 갱신,374.09,
180,2024-11-30 23:00:00.000000 +00:00,USD,,B,2024-11-30 23:59:00.000000 +00:00,WP_113784,NECOA RO B/I HP Pebble Gray,PRIMARY,HP-1100R_GR,ENDING_INVENTORY,MONTHLY,2024-12-01 02:00:00.000000 +00:00,기말재고 갱신,375.20,
181,2024-08-31 23:00:00.000000 +00:00,USD,,A,2024-09-01 01:00:00.000000 +00:00,WP_113820,NECOA NT B/I Icy Blue,PRIMARY,CHP-1110N_BU,BEGINNING_INVENTORY,MONTHLY,2024-09-01 02:00:00.000000 +00:00,기초재고 갱신,339.83,
182,2024-09-30 23:00:00.000000 +00:00,USD,,A,2024-09-30 23:59:00.000000 +00:00,WP_113820,NECOA NT B/I Icy Blue,PRIMARY,CHP-1110N_BU,ENDING_INVENTORY,MONTHLY,2024-10-01 02:00:00.000000 +00:00,기말재고 갱신,338.11,
183,2024-09-30 23:00:00.000000 +00:00,USD,,A,2024-10-01 23:59:00.000000 +00:00,WP_113820,NECOA NT B/I Icy Blue,PRIMARY,CHP-1110N_BU,BEGINNING_INVENTORY,MONTHLY,2024-10-01 02:00:00.000000 +00:00,기초재고 갱신,337.68,
184,2024-10-31 23:00:00.000000 +00:00,USD,,A,2024-10-31 23:59:00.000000 +00:00,WP_113820,NECOA NT B/I Icy Blue,PRIMARY,CHP-1110N_BU,ENDING_INVENTORY,MONTHLY,2024-11-01 02:00:00.000000 +00:00,기말재고 갱신,336.68,
185,2024-10-31 23:00:00.000000 +00:00,USD,,A,2024-11-01 23:59:00.000000 +00:00,WP_113820,NECOA NT B/I Icy Blue,PRIMARY,CHP-1110N_BU,BEGINNING_INVENTORY,MONTHLY,2024-11-01 02:00:00.000000 +00:00,기초재고 갱신,336.68,
186,2024-11-30 23:00:00.000000 +00:00,USD,,A,2024-11-30 23:59:00.000000 +00:00,WP_113820,NECOA NT B/I Icy Blue,PRIMARY,CHP-1110N_BU,ENDING_INVENTORY,MONTHLY,2024-12-01 02:00:00.000000 +00:00,기말재고 갱신,337.68,
187,2024-08-31 23:00:00.000000 +00:00,USD,,B,2024-09-01 01:00:00.000000 +00:00,WP_113820,NECOA NT B/I Icy Blue,PRIMARY,CHP-1110N_BU,BEGINNING_INVENTORY,MONTHLY,2024-09-01 02:00:00.000000 +00:00,기초재고 갱신,305.85,
188,2024-09-30 23:00:00.000000 +00:00,USD,,B,2024-09-30 23:59:00.000000 +00:00,WP_113820,NECOA NT B/I Icy Blue,PRIMARY,CHP-1110N_BU,ENDING_INVENTORY,MONTHLY,2024-10-01 02:00:00.000000 +00:00,기말재고 갱신,304.30,
189,2024-09-30 23:00:00.000000 +00:00,USD,,B,2024-10-01 23:59:00.000000 +00:00,WP_113820,NECOA NT B/I Icy Blue,PRIMARY,CHP-1110N_BU,BEGINNING_INVENTORY,MONTHLY,2024-10-01 02:00:00.000000 +00:00,기초재고 갱신,303.91,
190,2024-10-31 23:00:00.000000 +00:00,USD,,B,2024-10-31 23:59:00.000000 +00:00,WP_113820,NECOA NT B/I Icy Blue,PRIMARY,CHP-1110N_BU,ENDING_INVENTORY,MONTHLY,2024-11-01 02:00:00.000000 +00:00,기말재고 갱신,303.01,
191,2024-10-31 23:00:00.000000 +00:00,USD,,B,2024-11-01 23:59:00.000000 +00:00,WP_113820,NECOA NT B/I Icy Blue,PRIMARY,CHP-1110N_BU,BEGINNING_INVENTORY,MONTHLY,2024-11-01 02:00:00.000000 +00:00,기초재고 갱신,303.01,
192,2024-11-30 23:00:00.000000 +00:00,USD,,B,2024-11-30 23:59:00.000000 +00:00,WP_113820,NECOA NT B/I Icy Blue,PRIMARY,CHP-1110N_BU,ENDING_INVENTORY,MONTHLY,2024-12-01 02:00:00.000000 +00:00,기말재고 갱신,303.91,
