doc_id,doc_template_code,biz_system,biz_tx_id,biz_process,biz_event,accounting_event
SA2500300001,CTOR001,OT,0105434300039-0102,OR,ORR,PAYMENT_RECEIVED
SA2500300002,CTOR001,OT,0105434500040-0102,OR,ORR,PAYMENT_RECEIVED
SA2500300003,CTOR001,OT,0105434900006-0102,OR,ORR,PAYMENT_RECEIVED
SA2500300004,CTOR001,OT,0105436500008-0102,OR,ORR,PAYMENT_RECEIVED
SA2500300005,CTOR001,OT,0105436500008-0202,OR,ORR,PAYMENT_RECEIVED
SA2500300006,CTOR001,OT,0105436500008-0302,OR,ORR,PAYMENT_RECEIVED
SA2500300007,CTOR001,OT,0105436500008-0402,OR,ORR,PAYMENT_RECEIVED
SA2500300008,CTOR001,OT,0105434600007-0102,OR,ORR,PAYMENT_RECEIVED
SA2500300009,CTOR001,OT,0105434400045-0102,OR,ORR,PAYMENT_RECEIVED
SA2500300010,CTOR001,OT,0105434400045-0202,OR,ORR,PAYMENT_RECEIVED
SA2500300011,CTOR001,OT,0105436100016-0102,OR,ORR,PAYMENT_RECEIVED
SA2500300012,CTOR001,OT,0105435300045-0102,OR,ORR,PAYMENT_RECEIVED
SA2500300013,CTOR001,OT,0105434000002-0102,OR,ORR,PAYMENT_RECEIVED
SA2500300014,CTOR001,OT,0105433700025-0102,OR,ORR,PAYMENT_RECEIVED
SA2500300015,CTOR001,OT,0105433700025-0202,OR,ORR,PAYMENT_RECEIVED
SA2500300016,CTOR001,OT,0105433700025-0602,OR,ORR,PAYMENT_RECEIVED
SA2500300017,CTOR001,OT,0105434300022-0102,OR,ORR,PAYMENT_RECEIVED
SA2500300018,CTOR001,OT,0105434300022-0202,OR,ORR,PAYMENT_RECEIVED
SA2500300019,CTOR001,OT,0105434300022-0302,OR,ORR,PAYMENT_RECEIVED
SA2500300020,CTOR001,OT,0105436600008-0102,OR,ORR,PAYMENT_RECEIVED
SA2500300021,CTOR001,OT,0105435300001-0102,OR,ORR,PAYMENT_RECEIVED
SA2500300022,CTOR001,OT,0105434500039-0102,OR,ORR,PAYMENT_RECEIVED
SA2500300023,CTOR001,OT,0105434700074-0102,OR,ORR,PAYMENT_RECEIVED
SA2500300024,CTOR001,OT,0105434200018-0102,OR,ORR,PAYMENT_RECEIVED
SA2500300025,CTOR001,OT,0105434200018-0202,OR,ORR,PAYMENT_RECEIVED
SA2500300026,CTOR001,OT,0105434200018-0302,OR,ORR,PAYMENT_RECEIVED
SA2500300027,CTOR001,OT,0105435200062-0102,OR,ORR,PAYMENT_RECEIVED
SA2500300028,CTOR001,OT,0105435200062-0202,OR,ORR,PAYMENT_RECEIVED
SA2500300029,CTOR001,OT,0105435300012-0102,OR,ORR,PAYMENT_RECEIVED
SA2500300030,CTOR001,OT,0105435900004-0102,OR,ORR,PAYMENT_RECEIVED
SA2500300031,CTOR001,OT,0105435200010-0102,OR,ORR,PAYMENT_RECEIVED
SA2500300032,CTOR001,OT,0105434600008-0102,OR,ORR,PAYMENT_RECEIVED
SA2500300033,CTOR001,OT,0105434300006-0102,OR,ORR,PAYMENT_RECEIVED
SA2500300034,CTOR001,OT,0105434400034-0102,OR,ORR,PAYMENT_RECEIVED
SA2500300035,CTOR001,OT,0105434400034-0202,OR,ORR,PAYMENT_RECEIVED
SA2500300036,CTOR001,OT,0105434400034-0302,OR,ORR,PAYMENT_RECEIVED
SA2500300037,CTOR001,OT,0105436500001-0102,OR,ORR,PAYMENT_RECEIVED
SA2500300038,CTOR001,OT,0105436500001-0202,OR,ORR,PAYMENT_RECEIVED
SA2500300039,CTOR001,OT,0105436500002-0102,OR,ORR,PAYMENT_RECEIVED
SA2500300040,CTOR001,OT,0105434400026-0102,OR,ORR,PAYMENT_RECEIVED
SA2500300041,CTOR001,OT,0105434400026-0202,OR,ORR,PAYMENT_RECEIVED
SA2500300042,CTOR001,OT,0105434400026-0302,OR,ORR,PAYMENT_RECEIVED
SA2500300043,CTOR001,OT,0105435200061-0102,OR,ORR,PAYMENT_RECEIVED
SA2500300044,CTOR001,OT,0105434100041-0102,OR,ORR,PAYMENT_RECEIVED
SA2500300045,CTOR001,OT,0105433700020-0102,OR,ORR,PAYMENT_RECEIVED
SA2500300046,CTOR001,OT,0105434500045-0102,OR,ORR,PAYMENT_RECEIVED
SA2500300047,CTOR001,OT,0105434500043-0102,OR,ORR,PAYMENT_RECEIVED
SA2500300048,CTOR001,OT,0105435600012-0102,OR,ORR,PAYMENT_RECEIVED
SA2500300049,CTOR001,OT,0105434300040-0102,OR,ORR,PAYMENT_RECEIVED
SA2500300050,CTOR001,OT,0105436100025-0102,OR,ORR,PAYMENT_RECEIVED
SA2500300051,CTOR001,OT,0105436100025-0202,OR,ORR,PAYMENT_RECEIVED
SA2500300052,CTOR001,OT,0105436100025-0302,OR,ORR,PAYMENT_RECEIVED
SA2500300053,CTOR001,OT,0105436100025-0402,OR,ORR,PAYMENT_RECEIVED
SA2500300054,CTOR001,OT,0105436100025-0502,OR,ORR,PAYMENT_RECEIVED
SA2500300055,CTOR001,OT,0105436100025-0602,OR,ORR,PAYMENT_RECEIVED
SA2500300056,CTOR001,OT,0105434700005-0102,OR,ORR,PAYMENT_RECEIVED
SA2500300057,CTOR001,OT,0105434700005-0202,OR,ORR,PAYMENT_RECEIVED
SA2500300058,CTOR001,OT,0105435200001-0102,OR,ORR,PAYMENT_RECEIVED
SA2500300059,CTOR001,OT,0105435200001-0202,OR,ORR,PAYMENT_RECEIVED
SA2500300060,CTOR001,OT,0105435200001-0302,OR,ORR,PAYMENT_RECEIVED
SA2500300061,CTOR001,OT,0105435200001-0402,OR,ORR,PAYMENT_RECEIVED
SA2500300062,CTOR001,OT,0105435200001-0502,OR,ORR,PAYMENT_RECEIVED
SA2500300063,CTOR001,OT,0105435200001-0602,OR,ORR,PAYMENT_RECEIVED
SA2500300064,CTOR001,OT,0105433700009-0102,OR,ORR,PAYMENT_RECEIVED
SA2500300065,CTOR001,OT,0105434300036-0102,OR,ORR,PAYMENT_RECEIVED
SA2500300066,CTOR001,OT,0105435900026-0102,OR,ORR,PAYMENT_RECEIVED
SA2500300067,CTOR001,OT,0105434500037-0102,OR,ORR,PAYMENT_RECEIVED
SA2500300068,CTOR001,OT,0105434600009-0102,OR,ORR,PAYMENT_RECEIVED
SA2500300069,CTOR001,OT,0105435200006-0102,OR,ORR,PAYMENT_RECEIVED
SA2500300070,CTOR001,OT,0105435800007-0102,OR,ORR,PAYMENT_RECEIVED
SA2500300071,CTOR001,OT,0105433800001-0102,OR,ORR,PAYMENT_RECEIVED
SA2500300072,CTOR001,OT,0105435500019-0102,OR,ORR,PAYMENT_RECEIVED
SA2500300073,CTOR001,OT,0105434700014-0102,OR,ORR,PAYMENT_RECEIVED
SA2500300074,CTOR001,OT,0105434700014-0202,OR,ORR,PAYMENT_RECEIVED
SA2500300075,CTOR001,OT,0105434700014-0302,OR,ORR,PAYMENT_RECEIVED
SA2500300076,CTOR001,OT,0105435100032-0102,OR,ORR,PAYMENT_RECEIVED
SA2500300077,CTOR001,OT,0105434700010-0102,OR,ORR,PAYMENT_RECEIVED
SA2500300078,CTOR001,OT,0105433700001-0102,OR,ORR,PAYMENT_RECEIVED
SA2500300079,CTOR001,OT,0105433900002-0102,OR,ORR,PAYMENT_RECEIVED
SA2500300080,CTOR001,OT,0105434100045-0102,OR,ORR,PAYMENT_RECEIVED
SA2500300081,CTOR001,OT,0105434100045-0202,OR,ORR,PAYMENT_RECEIVED
SA2500300082,CTOR001,OT,0105436500010-0102,OR,ORR,PAYMENT_RECEIVED
SA2500300083,CTOR001,OT,0105435900024-0102,OR,ORR,PAYMENT_RECEIVED
SA2500300084,CTOR001,OT,0105434700021-0102,OR,ORR,PAYMENT_RECEIVED
SA2500300085,CTOR001,OT,0105434700021-0202,OR,ORR,PAYMENT_RECEIVED
SA2500300086,CTOR001,OT,0105435900020-0102,OR,ORR,PAYMENT_RECEIVED
SA2500300087,CTOR001,OT,0105434700016-0102,OR,ORR,PAYMENT_RECEIVED
SA2500300088,CTOR001,OT,0105434700011-0102,OR,ORR,PAYMENT_RECEIVED
SA2500300089,CTOR001,OT,0105434700011-0202,OR,ORR,PAYMENT_RECEIVED
SA2500300090,CTOR001,OT,0105436500016-0102,OR,ORR,PAYMENT_RECEIVED
SA2500300091,CTOR001,OT,0105435800004-0102,OR,ORR,PAYMENT_RECEIVED
SA2500300092,CTOR001,OT,0105435800004-0202,OR,ORR,PAYMENT_RECEIVED
SA2500300093,CTOR001,OT,0105435800004-0302,OR,ORR,PAYMENT_RECEIVED
SA2500300094,CTOR001,OT,0105435800004-0402,OR,ORR,PAYMENT_RECEIVED
SA2500300095,CTOR001,OT,0105435800004-0502,OR,ORR,PAYMENT_RECEIVED
SA2500300096,CTOR001,OT,0105433700013-0202,OR,ORR,PAYMENT_RECEIVED
SA2500300097,CTOR001,OT,0105433700013-0302,OR,ORR,PAYMENT_RECEIVED
SA2500300098,CTOR001,OT,0105433700013-0402,OR,ORR,PAYMENT_RECEIVED
SA2500300099,CTOR001,OT,0105433700013-0102,OR,ORR,PAYMENT_RECEIVED
SA2500300100,CTOR001,OT,0105433900076-0102,OR,ORR,PAYMENT_RECEIVED
SA2500300101,CTOR001,OT,0105436500006-0102,OR,ORR,PAYMENT_RECEIVED
SA2500300102,CTOR001,OT,0105436500006-0202,OR,ORR,PAYMENT_RECEIVED
SA2500300103,CTOR001,OT,0105436500006-0302,OR,ORR,PAYMENT_RECEIVED
SA2500300104,CTOR001,OT,0105436500006-0402,OR,ORR,PAYMENT_RECEIVED
SA2500300105,CTOR001,OT,0105434400014-0102,OR,ORR,PAYMENT_RECEIVED
SA2500300106,CTOR001,OT,0105433900079-0102,OR,ORR,PAYMENT_RECEIVED
SA2500300107,CTOR001,OT,0105434400018-0102,OR,ORR,PAYMENT_RECEIVED
SA2500300108,CTOR001,OT,0105433800037-0102,OR,ORR,PAYMENT_RECEIVED
SA2500300109,CTOR001,OT,0105433800037-0202,OR,ORR,PAYMENT_RECEIVED
SA2500300110,CTOR001,OT,0105433800037-0302,OR,ORR,PAYMENT_RECEIVED
SA2500300111,CTOR001,OT,0105434400042-0102,OR,ORR,PAYMENT_RECEIVED
SA2500300112,CTOR001,OT,0105434400042-0202,OR,ORR,PAYMENT_RECEIVED
SA2500300113,CTOR001,OT,0105433800036-0102,OR,ORR,PAYMENT_RECEIVED
SA2500300114,CTOR001,OT,0105433800036-0202,OR,ORR,PAYMENT_RECEIVED
SA2500300115,CTOR001,OT,0105433800036-0302,OR,ORR,PAYMENT_RECEIVED
SA2500300116,CTOR001,OT,0105433800036-0402,OR,ORR,PAYMENT_RECEIVED
SA2500300117,CTOR001,OT,0105433800036-0502,OR,ORR,PAYMENT_RECEIVED
SA2500300118,CTOR001,OT,0105433800036-0602,OR,ORR,PAYMENT_RECEIVED
SA2500300119,CTOR001,OT,0105433700024-0102,OR,ORR,PAYMENT_RECEIVED
SA2500300120,CTOR001,OT,0105433700024-0202,OR,ORR,PAYMENT_RECEIVED
SA2500300121,CTOR001,OT,0105433700024-0302,OR,ORR,PAYMENT_RECEIVED
SA2500300122,CTOR001,OT,0105433700024-0402,OR,ORR,PAYMENT_RECEIVED
SA2500300123,CTOR001,OT,0105433700024-0502,OR,ORR,PAYMENT_RECEIVED
SA2500300124,CTOR001,OT,0105433700024-0602,OR,ORR,PAYMENT_RECEIVED
SA2500300125,CTOR001,OT,0105435900005-0102,OR,ORR,PAYMENT_RECEIVED
SA2500300126,CTOR001,OT,0105435200009-0102,OR,ORR,PAYMENT_RECEIVED
SA2500300127,CTOR001,OT,0105434300027-0102,OR,ORR,PAYMENT_RECEIVED
SA2500300128,CTOR001,OT,0105434300027-0202,OR,ORR,PAYMENT_RECEIVED
SA2500300129,CTOR001,OT,0105434300027-0302,OR,ORR,PAYMENT_RECEIVED
SA2500300130,CTOR001,OT,0105434200024-0102,OR,ORR,PAYMENT_RECEIVED
SA2500300131,CTOR001,OT,0105434200024-0202,OR,ORR,PAYMENT_RECEIVED
SA2500300132,CTOR001,OT,0105434100044-0102,OR,ORR,PAYMENT_RECEIVED
SA2500300133,CTOR001,OT,0105434100044-0202,OR,ORR,PAYMENT_RECEIVED
SA2500300134,CTOR001,OT,0105434100044-0302,OR,ORR,PAYMENT_RECEIVED
SA2500300135,CTOR001,OT,0105434000004-0102,OR,ORR,PAYMENT_RECEIVED
SA2500300136,CTOR001,OT,0105434000004-0202,OR,ORR,PAYMENT_RECEIVED
SA2500300137,CTOR001,OT,0105434000004-0302,OR,ORR,PAYMENT_RECEIVED
SA2500300138,CTOR001,OT,0105434000004-0402,OR,ORR,PAYMENT_RECEIVED
SA2500300139,CTOR001,OT,0105434000004-0502,OR,ORR,PAYMENT_RECEIVED
SA2500300140,CTOR001,OT,0105434000004-0602,OR,ORR,PAYMENT_RECEIVED
SA2500300141,CTOR001,OT,0105434200020-0102,OR,ORR,PAYMENT_RECEIVED
SA2500300142,CTOR001,OT,0105434200020-0202,OR,ORR,PAYMENT_RECEIVED
SA2500300143,CTOR001,OT,0105434200020-0302,OR,ORR,PAYMENT_RECEIVED
SA2500300144,CTOR001,OT,0105434200020-0402,OR,ORR,PAYMENT_RECEIVED
SA2500300145,CTOR001,OT,0105434200020-0502,OR,ORR,PAYMENT_RECEIVED
SA2500300146,CTOR001,OT,0105434200020-0602,OR,ORR,PAYMENT_RECEIVED
SA2500300147,CTOR001,OT,0105435000001-0102,OR,ORR,PAYMENT_RECEIVED
SA2500300148,CTOR001,OT,0105435800081-0102,OR,ORR,PAYMENT_RECEIVED
SA2500300149,CTOR001,OT,0105436100013-0102,OR,ORR,PAYMENT_RECEIVED
SA2500300150,CTOR001,OT,0105435900027-0102,OR,ORR,PAYMENT_RECEIVED
SA2500300151,CTOR001,OT,0105435900027-0202,OR,ORR,PAYMENT_RECEIVED
SA2500300152,CTOR001,OT,0105435900027-0302,OR,ORR,PAYMENT_RECEIVED
SA2500300153,CTOR001,OT,0105434600061-0102,OR,ORR,PAYMENT_RECEIVED
SA2500300154,CTOR001,OT,0105434600001-0102,OR,ORR,PAYMENT_RECEIVED
SA2500300155,CTOR001,OT,0105434300015-0102,OR,ORR,PAYMENT_RECEIVED
SA2500300156,CTOR001,OT,0105434300015-0202,OR,ORR,PAYMENT_RECEIVED
SA2500300157,CTOR001,OT,0105434300015-0302,OR,ORR,PAYMENT_RECEIVED
SA2500300158,CTOR001,OT,0105434300015-0402,OR,ORR,PAYMENT_RECEIVED
SA2500300159,CTOR001,OT,0105434300015-0502,OR,ORR,PAYMENT_RECEIVED
SA2500300160,CTOR001,OT,0105434400008-0102,OR,ORR,PAYMENT_RECEIVED
SA2500300161,CTOR001,OT,0105433800004-0102,OR,ORR,PAYMENT_RECEIVED
SA2500300162,CTOR001,OT,0105433800004-0202,OR,ORR,PAYMENT_RECEIVED
SA2500300163,CTOR001,OT,0105434600065-0102,OR,ORR,PAYMENT_RECEIVED
SA2500300164,CTOR001,OT,0105435200008-0102,OR,ORR,PAYMENT_RECEIVED
SA2500300165,CTOR001,OT,0105435200008-0202,OR,ORR,PAYMENT_RECEIVED
SA2500300166,CTOR001,OT,0105433700027-0102,OR,ORR,PAYMENT_RECEIVED
SA2500300167,CTOR001,OT,0105433700027-0202,OR,ORR,PAYMENT_RECEIVED
SA2500300168,CTOR001,OT,0105434600003-0102,OR,ORR,PAYMENT_RECEIVED
SA2500300169,CTOR001,OT,0105434600003-0202,OR,ORR,PAYMENT_RECEIVED
SA2500300170,CTOR001,OT,0105434000055-0102,OR,ORR,PAYMENT_RECEIVED
SA2500300171,CTOR001,OT,0105434300041-0102,OR,ORR,PAYMENT_RECEIVED
SA2500300172,CTOR001,OT,0105434600002-0102,OR,ORR,PAYMENT_RECEIVED
SA2500300173,CTOR001,OT,0105433700019-0102,OR,ORR,PAYMENT_RECEIVED
SA2500300174,CTOR001,OT,0105433700057-0102,OR,ORR,PAYMENT_RECEIVED
SA2500300175,CTOR001,OT,0105433700057-0202,OR,ORR,PAYMENT_RECEIVED
SA2500300176,CTOR001,OT,0105433700057-0302,OR,ORR,PAYMENT_RECEIVED
SA2500300177,CTOR001,OT,0105433700057-0402,OR,ORR,PAYMENT_RECEIVED
SA2500300178,CTOR001,OT,0105433700057-0502,OR,ORR,PAYMENT_RECEIVED
SA2500300179,CTOR001,OT,0105433700057-0602,OR,ORR,PAYMENT_RECEIVED
SA2500300180,CTOR001,OT,0105435800006-0102,OR,ORR,PAYMENT_RECEIVED
SA2500300181,CTOR001,OT,0105434500046-0102,OR,ORR,PAYMENT_RECEIVED
SA2500300182,CTOR001,OT,0105434700008-0102,OR,ORR,PAYMENT_RECEIVED
SA2500300183,CTOR001,OT,0105434500012-0102,OR,ORR,PAYMENT_RECEIVED
SA2500300184,CTOR001,OT,0105433800005-0102,OR,ORR,PAYMENT_RECEIVED
SA2500300185,CTOR001,OT,0105433700010-0102,OR,ORR,PAYMENT_RECEIVED
SA2500300186,CTOR001,OT,0105433700010-0202,OR,ORR,PAYMENT_RECEIVED
SA2500300187,CTOR001,OT,0105435600008-0102,OR,ORR,PAYMENT_RECEIVED
SA2500300188,CTOR001,OT,0105434700030-0102,OR,ORR,PAYMENT_RECEIVED
SA2500300189,CTOR001,OT,0105434700030-0202,OR,ORR,PAYMENT_RECEIVED
SA2500300190,CTOR001,OT,0105434700030-0302,OR,ORR,PAYMENT_RECEIVED
SA2500300191,CTOR001,OT,0105434700030-0402,OR,ORR,PAYMENT_RECEIVED
SA2500300192,CTOR001,OT,0105434700030-0502,OR,ORR,PAYMENT_RECEIVED
SA2500300193,CTOR001,OT,0105434700030-0602,OR,ORR,PAYMENT_RECEIVED
SA2500300194,CTOR001,OT,0105434300035-0102,OR,ORR,PAYMENT_RECEIVED
SA2500300195,CTOR001,OT,0105434500044-0102,OR,ORR,PAYMENT_RECEIVED
SA2500300196,CTOR002,OT,0105434300039-0102,OR,DPR,DEPOSIT_RECEIVED
SA2500300197,CTOR002,OT,0105434500040-0102,OR,DPR,DEPOSIT_RECEIVED
SA2500300198,CTOR002,OT,0105434900006-0102,OR,DPR,DEPOSIT_RECEIVED
SA2500300199,CTOR002,OT,0105436500008-0102,OR,DPR,DEPOSIT_RECEIVED
SA2500300200,CTOR002,OT,0105436500008-0202,OR,DPR,DEPOSIT_RECEIVED
SA2500300201,CTOR002,OT,0105436500008-0302,OR,DPR,DEPOSIT_RECEIVED
SA2500300202,CTOR002,OT,0105436500008-0402,OR,DPR,DEPOSIT_RECEIVED
SA2500300203,CTOR002,OT,0105434600007-0102,OR,DPR,DEPOSIT_RECEIVED
SA2500300204,CTOR002,OT,0105434400045-0102,OR,DPR,DEPOSIT_RECEIVED
SA2500300205,CTOR002,OT,0105434400045-0202,OR,DPR,DEPOSIT_RECEIVED
SA2500300206,CTOR002,OT,0105436100016-0102,OR,DPR,DEPOSIT_RECEIVED
SA2500300207,CTOR002,OT,0105435300045-0102,OR,DPR,DEPOSIT_RECEIVED
SA2500300208,CTOR002,OT,0105434000002-0102,OR,DPR,DEPOSIT_RECEIVED
SA2500300209,CTOR002,OT,0105433700025-0102,OR,DPR,DEPOSIT_RECEIVED
SA2500300210,CTOR002,OT,0105433700025-0202,OR,DPR,DEPOSIT_RECEIVED
SA2500300211,CTOR002,OT,0105433700025-0602,OR,DPR,DEPOSIT_RECEIVED
SA2500300212,CTOR002,OT,0105434300022-0102,OR,DPR,DEPOSIT_RECEIVED
SA2500300213,CTOR002,OT,0105434300022-0202,OR,DPR,DEPOSIT_RECEIVED
SA2500300214,CTOR002,OT,0105434300022-0302,OR,DPR,DEPOSIT_RECEIVED
SA2500300215,CTOR002,OT,0105436600008-0102,OR,DPR,DEPOSIT_RECEIVED
SA2500300216,CTOR002,OT,0105435300001-0102,OR,DPR,DEPOSIT_RECEIVED
SA2500300217,CTOR002,OT,0105434500039-0102,OR,DPR,DEPOSIT_RECEIVED
SA2500300218,CTOR002,OT,0105434700074-0102,OR,DPR,DEPOSIT_RECEIVED
SA2500300219,CTOR002,OT,0105434200018-0102,OR,DPR,DEPOSIT_RECEIVED
SA2500300220,CTOR002,OT,0105434200018-0202,OR,DPR,DEPOSIT_RECEIVED
SA2500300221,CTOR002,OT,0105434200018-0302,OR,DPR,DEPOSIT_RECEIVED
SA2500300222,CTOR002,OT,0105435200062-0102,OR,DPR,DEPOSIT_RECEIVED
SA2500300223,CTOR002,OT,0105435200062-0202,OR,DPR,DEPOSIT_RECEIVED
SA2500300224,CTOR002,OT,0105435300012-0102,OR,DPR,DEPOSIT_RECEIVED
SA2500300225,CTOR002,OT,0105435900004-0102,OR,DPR,DEPOSIT_RECEIVED
SA2500300226,CTOR002,OT,0105435200010-0102,OR,DPR,DEPOSIT_RECEIVED
SA2500300227,CTOR002,OT,0105434600008-0102,OR,DPR,DEPOSIT_RECEIVED
SA2500300228,CTOR002,OT,0105434300006-0102,OR,DPR,DEPOSIT_RECEIVED
SA2500300229,CTOR002,OT,0105434400034-0102,OR,DPR,DEPOSIT_RECEIVED
SA2500300230,CTOR002,OT,0105434400034-0202,OR,DPR,DEPOSIT_RECEIVED
SA2500300231,CTOR002,OT,0105434400034-0302,OR,DPR,DEPOSIT_RECEIVED
SA2500300232,CTOR002,OT,0105436500001-0102,OR,DPR,DEPOSIT_RECEIVED
SA2500300233,CTOR002,OT,0105436500001-0202,OR,DPR,DEPOSIT_RECEIVED
SA2500300234,CTOR002,OT,0105436500002-0102,OR,DPR,DEPOSIT_RECEIVED
SA2500300235,CTOR002,OT,0105434400026-0102,OR,DPR,DEPOSIT_RECEIVED
SA2500300236,CTOR002,OT,0105434400026-0202,OR,DPR,DEPOSIT_RECEIVED
SA2500300237,CTOR002,OT,0105434400026-0302,OR,DPR,DEPOSIT_RECEIVED
SA2500300238,CTOR002,OT,0105435200061-0102,OR,DPR,DEPOSIT_RECEIVED
SA2500300239,CTOR002,OT,0105434100041-0102,OR,DPR,DEPOSIT_RECEIVED
SA2500300240,CTOR002,OT,0105433700020-0102,OR,DPR,DEPOSIT_RECEIVED
SA2500300241,CTOR002,OT,0105434500045-0102,OR,DPR,DEPOSIT_RECEIVED
SA2500300242,CTOR002,OT,0105434500043-0102,OR,DPR,DEPOSIT_RECEIVED
SA2500300243,CTOR002,OT,0105435600012-0102,OR,DPR,DEPOSIT_RECEIVED
SA2500300244,CTOR002,OT,0105434300040-0102,OR,DPR,DEPOSIT_RECEIVED
SA2500300245,CTOR002,OT,0105436100025-0102,OR,DPR,DEPOSIT_RECEIVED
SA2500300246,CTOR002,OT,0105436100025-0202,OR,DPR,DEPOSIT_RECEIVED
SA2500300247,CTOR002,OT,0105436100025-0302,OR,DPR,DEPOSIT_RECEIVED
SA2500300248,CTOR002,OT,0105436100025-0402,OR,DPR,DEPOSIT_RECEIVED
SA2500300249,CTOR002,OT,0105436100025-0502,OR,DPR,DEPOSIT_RECEIVED
SA2500300250,CTOR002,OT,0105436100025-0602,OR,DPR,DEPOSIT_RECEIVED
SA2500300251,CTOR002,OT,0105434700005-0102,OR,DPR,DEPOSIT_RECEIVED
SA2500300252,CTOR002,OT,0105434700005-0202,OR,DPR,DEPOSIT_RECEIVED
SA2500300253,CTOR002,OT,0105435200001-0102,OR,DPR,DEPOSIT_RECEIVED
SA2500300254,CTOR002,OT,0105435200001-0202,OR,DPR,DEPOSIT_RECEIVED
SA2500300255,CTOR002,OT,0105435200001-0302,OR,DPR,DEPOSIT_RECEIVED
SA2500300256,CTOR002,OT,0105435200001-0402,OR,DPR,DEPOSIT_RECEIVED
SA2500300257,CTOR002,OT,0105435200001-0502,OR,DPR,DEPOSIT_RECEIVED
SA2500300258,CTOR002,OT,0105435200001-0602,OR,DPR,DEPOSIT_RECEIVED
SA2500300259,CTOR002,OT,0105433700009-0102,OR,DPR,DEPOSIT_RECEIVED
SA2500300260,CTOR002,OT,0105434300036-0102,OR,DPR,DEPOSIT_RECEIVED
SA2500300261,CTOR002,OT,0105435900026-0102,OR,DPR,DEPOSIT_RECEIVED
SA2500300262,CTOR002,OT,0105434500037-0102,OR,DPR,DEPOSIT_RECEIVED
SA2500300263,CTOR002,OT,0105434600009-0102,OR,DPR,DEPOSIT_RECEIVED
SA2500300264,CTOR002,OT,0105435200006-0102,OR,DPR,DEPOSIT_RECEIVED
SA2500300265,CTOR002,OT,0105435800007-0102,OR,DPR,DEPOSIT_RECEIVED
SA2500300266,CTOR002,OT,0105433800001-0102,OR,DPR,DEPOSIT_RECEIVED
SA2500300267,CTOR002,OT,0105435500019-0102,OR,DPR,DEPOSIT_RECEIVED
SA2500300268,CTOR002,OT,0105434700014-0102,OR,DPR,DEPOSIT_RECEIVED
SA2500300269,CTOR002,OT,0105434700014-0202,OR,DPR,DEPOSIT_RECEIVED
SA2500300270,CTOR002,OT,0105434700014-0302,OR,DPR,DEPOSIT_RECEIVED
SA2500300271,CTOR002,OT,0105435100032-0102,OR,DPR,DEPOSIT_RECEIVED
SA2500300272,CTOR002,OT,0105434700010-0102,OR,DPR,DEPOSIT_RECEIVED
SA2500300273,CTOR002,OT,0105433700001-0102,OR,DPR,DEPOSIT_RECEIVED
SA2500300274,CTOR002,OT,0105433900002-0102,OR,DPR,DEPOSIT_RECEIVED
SA2500300275,CTOR002,OT,0105434100045-0102,OR,DPR,DEPOSIT_RECEIVED
SA2500300276,CTOR002,OT,0105434100045-0202,OR,DPR,DEPOSIT_RECEIVED
SA2500300277,CTOR002,OT,0105436500010-0102,OR,DPR,DEPOSIT_RECEIVED
SA2500300278,CTOR002,OT,0105435900024-0102,OR,DPR,DEPOSIT_RECEIVED
SA2500300279,CTOR002,OT,0105434700021-0102,OR,DPR,DEPOSIT_RECEIVED
SA2500300280,CTOR002,OT,0105434700021-0202,OR,DPR,DEPOSIT_RECEIVED
SA2500300281,CTOR002,OT,0105435900020-0102,OR,DPR,DEPOSIT_RECEIVED
SA2500300282,CTOR002,OT,0105434700016-0102,OR,DPR,DEPOSIT_RECEIVED
SA2500300283,CTOR002,OT,0105434700011-0102,OR,DPR,DEPOSIT_RECEIVED
SA2500300284,CTOR002,OT,0105434700011-0202,OR,DPR,DEPOSIT_RECEIVED
SA2500300285,CTOR002,OT,0105436500016-0102,OR,DPR,DEPOSIT_RECEIVED
SA2500300286,CTOR002,OT,0105435800004-0102,OR,DPR,DEPOSIT_RECEIVED
SA2500300287,CTOR002,OT,0105435800004-0202,OR,DPR,DEPOSIT_RECEIVED
SA2500300288,CTOR002,OT,0105435800004-0302,OR,DPR,DEPOSIT_RECEIVED
SA2500300289,CTOR002,OT,0105435800004-0402,OR,DPR,DEPOSIT_RECEIVED
SA2500300290,CTOR002,OT,0105435800004-0502,OR,DPR,DEPOSIT_RECEIVED
SA2500300291,CTOR002,OT,0105433700013-0202,OR,DPR,DEPOSIT_RECEIVED
SA2500300292,CTOR002,OT,0105433700013-0302,OR,DPR,DEPOSIT_RECEIVED
SA2500300293,CTOR002,OT,0105433700013-0402,OR,DPR,DEPOSIT_RECEIVED
SA2500300294,CTOR002,OT,0105433700013-0102,OR,DPR,DEPOSIT_RECEIVED
SA2500300295,CTOR002,OT,0105433900076-0102,OR,DPR,DEPOSIT_RECEIVED
SA2500300296,CTOR002,OT,0105436500006-0102,OR,DPR,DEPOSIT_RECEIVED
SA2500300297,CTOR002,OT,0105436500006-0202,OR,DPR,DEPOSIT_RECEIVED
SA2500300298,CTOR002,OT,0105436500006-0302,OR,DPR,DEPOSIT_RECEIVED
SA2500300299,CTOR002,OT,0105436500006-0402,OR,DPR,DEPOSIT_RECEIVED
SA2500300300,CTOR002,OT,0105434400014-0102,OR,DPR,DEPOSIT_RECEIVED
SA2500300301,CTOR002,OT,0105433900079-0102,OR,DPR,DEPOSIT_RECEIVED
SA2500300302,CTOR002,OT,0105434400018-0102,OR,DPR,DEPOSIT_RECEIVED
SA2500300303,CTOR002,OT,0105433800037-0102,OR,DPR,DEPOSIT_RECEIVED
SA2500300304,CTOR002,OT,0105433800037-0202,OR,DPR,DEPOSIT_RECEIVED
SA2500300305,CTOR002,OT,0105433800037-0302,OR,DPR,DEPOSIT_RECEIVED
SA2500300306,CTOR002,OT,0105434400042-0102,OR,DPR,DEPOSIT_RECEIVED
SA2500300307,CTOR002,OT,0105434400042-0202,OR,DPR,DEPOSIT_RECEIVED
SA2500300308,CTOR002,OT,0105433800036-0102,OR,DPR,DEPOSIT_RECEIVED
SA2500300309,CTOR002,OT,0105433800036-0202,OR,DPR,DEPOSIT_RECEIVED
SA2500300310,CTOR002,OT,0105433800036-0302,OR,DPR,DEPOSIT_RECEIVED
SA2500300311,CTOR002,OT,0105433800036-0402,OR,DPR,DEPOSIT_RECEIVED
SA2500300312,CTOR002,OT,0105433800036-0502,OR,DPR,DEPOSIT_RECEIVED
SA2500300313,CTOR002,OT,0105433800036-0602,OR,DPR,DEPOSIT_RECEIVED
SA2500300314,CTOR002,OT,0105433700024-0102,OR,DPR,DEPOSIT_RECEIVED
SA2500300315,CTOR002,OT,0105433700024-0202,OR,DPR,DEPOSIT_RECEIVED
SA2500300316,CTOR002,OT,0105433700024-0302,OR,DPR,DEPOSIT_RECEIVED
SA2500300317,CTOR002,OT,0105433700024-0402,OR,DPR,DEPOSIT_RECEIVED
SA2500300318,CTOR002,OT,0105433700024-0502,OR,DPR,DEPOSIT_RECEIVED
SA2500300319,CTOR002,OT,0105433700024-0602,OR,DPR,DEPOSIT_RECEIVED
SA2500300320,CTOR002,OT,0105435900005-0102,OR,DPR,DEPOSIT_RECEIVED
SA2500300321,CTOR002,OT,0105435200009-0102,OR,DPR,DEPOSIT_RECEIVED
SA2500300322,CTOR002,OT,0105434300027-0102,OR,DPR,DEPOSIT_RECEIVED
SA2500300323,CTOR002,OT,0105434300027-0202,OR,DPR,DEPOSIT_RECEIVED
SA2500300324,CTOR002,OT,0105434300027-0302,OR,DPR,DEPOSIT_RECEIVED
SA2500300325,CTOR002,OT,0105434200024-0102,OR,DPR,DEPOSIT_RECEIVED
SA2500300326,CTOR002,OT,0105434200024-0202,OR,DPR,DEPOSIT_RECEIVED
SA2500300327,CTOR002,OT,0105434100044-0102,OR,DPR,DEPOSIT_RECEIVED
SA2500300328,CTOR002,OT,0105434100044-0202,OR,DPR,DEPOSIT_RECEIVED
SA2500300329,CTOR002,OT,0105434100044-0302,OR,DPR,DEPOSIT_RECEIVED
SA2500300330,CTOR002,OT,0105434000004-0102,OR,DPR,DEPOSIT_RECEIVED
SA2500300331,CTOR002,OT,0105434000004-0202,OR,DPR,DEPOSIT_RECEIVED
SA2500300332,CTOR002,OT,0105434000004-0302,OR,DPR,DEPOSIT_RECEIVED
SA2500300333,CTOR002,OT,0105434000004-0402,OR,DPR,DEPOSIT_RECEIVED
SA2500300334,CTOR002,OT,0105434000004-0502,OR,DPR,DEPOSIT_RECEIVED
SA2500300335,CTOR002,OT,0105434000004-0602,OR,DPR,DEPOSIT_RECEIVED
SA2500300336,CTOR002,OT,0105434200020-0102,OR,DPR,DEPOSIT_RECEIVED
SA2500300337,CTOR002,OT,0105434200020-0202,OR,DPR,DEPOSIT_RECEIVED
SA2500300338,CTOR002,OT,0105434200020-0302,OR,DPR,DEPOSIT_RECEIVED
SA2500300339,CTOR002,OT,0105434200020-0402,OR,DPR,DEPOSIT_RECEIVED
SA2500300340,CTOR002,OT,0105434200020-0502,OR,DPR,DEPOSIT_RECEIVED
SA2500300341,CTOR002,OT,0105434200020-0602,OR,DPR,DEPOSIT_RECEIVED
SA2500300342,CTOR002,OT,0105435000001-0102,OR,DPR,DEPOSIT_RECEIVED
SA2500300343,CTOR002,OT,0105435800081-0102,OR,DPR,DEPOSIT_RECEIVED
SA2500300344,CTOR002,OT,0105436100013-0102,OR,DPR,DEPOSIT_RECEIVED
SA2500300345,CTOR002,OT,0105435900027-0102,OR,DPR,DEPOSIT_RECEIVED
SA2500300346,CTOR002,OT,0105435900027-0202,OR,DPR,DEPOSIT_RECEIVED
SA2500300347,CTOR002,OT,0105435900027-0302,OR,DPR,DEPOSIT_RECEIVED
SA2500300348,CTOR002,OT,0105434600061-0102,OR,DPR,DEPOSIT_RECEIVED
SA2500300349,CTOR002,OT,0105434600001-0102,OR,DPR,DEPOSIT_RECEIVED
SA2500300350,CTOR002,OT,0105434300015-0102,OR,DPR,DEPOSIT_RECEIVED
SA2500300351,CTOR002,OT,0105434300015-0202,OR,DPR,DEPOSIT_RECEIVED
SA2500300352,CTOR002,OT,0105434300015-0302,OR,DPR,DEPOSIT_RECEIVED
SA2500300353,CTOR002,OT,0105434300015-0402,OR,DPR,DEPOSIT_RECEIVED
SA2500300354,CTOR002,OT,0105434300015-0502,OR,DPR,DEPOSIT_RECEIVED
SA2500300355,CTOR002,OT,0105434400008-0102,OR,DPR,DEPOSIT_RECEIVED
SA2500300356,CTOR002,OT,0105433800004-0102,OR,DPR,DEPOSIT_RECEIVED
SA2500300357,CTOR002,OT,0105433800004-0202,OR,DPR,DEPOSIT_RECEIVED
SA2500300358,CTOR002,OT,0105434600065-0102,OR,DPR,DEPOSIT_RECEIVED
SA2500300359,CTOR002,OT,0105435200008-0102,OR,DPR,DEPOSIT_RECEIVED
SA2500300360,CTOR002,OT,0105435200008-0202,OR,DPR,DEPOSIT_RECEIVED
SA2500300361,CTOR002,OT,0105433700027-0102,OR,DPR,DEPOSIT_RECEIVED
SA2500300362,CTOR002,OT,0105433700027-0202,OR,DPR,DEPOSIT_RECEIVED
SA2500300363,CTOR002,OT,0105434600003-0102,OR,DPR,DEPOSIT_RECEIVED
SA2500300364,CTOR002,OT,0105434600003-0202,OR,DPR,DEPOSIT_RECEIVED
SA2500300365,CTOR002,OT,0105434000055-0102,OR,DPR,DEPOSIT_RECEIVED
SA2500300366,CTOR002,OT,0105434300041-0102,OR,DPR,DEPOSIT_RECEIVED
SA2500300367,CTOR002,OT,0105434600002-0102,OR,DPR,DEPOSIT_RECEIVED
SA2500300368,CTOR002,OT,0105433700019-0102,OR,DPR,DEPOSIT_RECEIVED
SA2500300369,CTOR002,OT,0105433700057-0102,OR,DPR,DEPOSIT_RECEIVED
SA2500300370,CTOR002,OT,0105433700057-0202,OR,DPR,DEPOSIT_RECEIVED
SA2500300371,CTOR002,OT,0105433700057-0302,OR,DPR,DEPOSIT_RECEIVED
SA2500300372,CTOR002,OT,0105433700057-0402,OR,DPR,DEPOSIT_RECEIVED
SA2500300373,CTOR002,OT,0105433700057-0502,OR,DPR,DEPOSIT_RECEIVED
SA2500300374,CTOR002,OT,0105433700057-0602,OR,DPR,DEPOSIT_RECEIVED
SA2500300375,CTOR002,OT,0105435800006-0102,OR,DPR,DEPOSIT_RECEIVED
SA2500300376,CTOR002,OT,0105434500046-0102,OR,DPR,DEPOSIT_RECEIVED
SA2500300377,CTOR002,OT,0105434700008-0102,OR,DPR,DEPOSIT_RECEIVED
SA2500300378,CTOR002,OT,0105434500012-0102,OR,DPR,DEPOSIT_RECEIVED
SA2500300379,CTOR002,OT,0105433800005-0102,OR,DPR,DEPOSIT_RECEIVED
SA2500300380,CTOR002,OT,0105433700010-0102,OR,DPR,DEPOSIT_RECEIVED
SA2500300381,CTOR002,OT,0105433700010-0202,OR,DPR,DEPOSIT_RECEIVED
SA2500300382,CTOR002,OT,0105435600008-0102,OR,DPR,DEPOSIT_RECEIVED
SA2500300383,CTOR002,OT,0105434700030-0102,OR,DPR,DEPOSIT_RECEIVED
SA2500300384,CTOR002,OT,0105434700030-0202,OR,DPR,DEPOSIT_RECEIVED
SA2500300385,CTOR002,OT,0105434700030-0302,OR,DPR,DEPOSIT_RECEIVED
SA2500300386,CTOR002,OT,0105434700030-0402,OR,DPR,DEPOSIT_RECEIVED
SA2500300387,CTOR002,OT,0105434700030-0502,OR,DPR,DEPOSIT_RECEIVED
SA2500300388,CTOR002,OT,0105434700030-0602,OR,DPR,DEPOSIT_RECEIVED
SA2500300389,CTOR002,OT,0105434300035-0102,OR,DPR,DEPOSIT_RECEIVED
SA2500300390,CTOR002,OT,0105434500044-0102,OR,DPR,DEPOSIT_RECEIVED
SA2500300391,CTOR004,OT,0105434400045-0202,OR,ISC,REVENUE_RECOGNITION
SA2500300392,CTOR004,OT,0105436100016-0102,OR,ISC,REVENUE_RECOGNITION
SA2500300393,CTOR004,OT,0105434500039-0102,OR,ISC,REVENUE_RECOGNITION
SA2500300394,CTOR004,OT,0105435200061-0102,OR,ISC,REVENUE_RECOGNITION
SA2500300395,CTOR004,OT,0105435200001-0102,OR,ISC,REVENUE_RECOGNITION
SA2500300396,CTOR004,OT,0105434500037-0102,OR,ISC,REVENUE_RECOGNITION
SA2500300397,CTOR004,OT,0105435200006-0102,OR,ISC,REVENUE_RECOGNITION
SA2500300398,CTOR004,OT,0105435100032-0102,OR,ISC,REVENUE_RECOGNITION
SA2500300399,CTOR004,OT,0105434700021-0102,OR,ISC,REVENUE_RECOGNITION
SA2500300400,CTOR004,OT,0105435800004-0502,OR,ISC,REVENUE_RECOGNITION
SA2500300401,CTOR004,OT,0105434400014-0102,OR,ISC,REVENUE_RECOGNITION
SA2500300402,CTOR004,OT,0105433800037-0102,OR,ISC,REVENUE_RECOGNITION
SA2500300403,CTOR004,OT,0105433800037-0202,OR,ISC,REVENUE_RECOGNITION
SA2500300404,CTOR004,OT,0105433800037-0302,OR,ISC,REVENUE_RECOGNITION
SA2500300405,CTOR004,OT,0105433800036-0302,OR,ISC,REVENUE_RECOGNITION
SA2500300406,CTOR004,OT,0105433800036-0402,OR,ISC,REVENUE_RECOGNITION
SA2500300407,CTOR004,OT,0105434000004-0602,OR,ISC,REVENUE_RECOGNITION
SA2500300408,CTOR004,OT,0105434000004-0502,OR,ISC,REVENUE_RECOGNITION
SA2500300409,CTOR004,OT,0105434200020-0502,OR,ISC,REVENUE_RECOGNITION
SA2500300410,CTOR004,OT,0105433800004-0102,OR,ISC,REVENUE_RECOGNITION
SA2500300411,CTOR004,OT,0105433800004-0202,OR,ISC,REVENUE_RECOGNITION
SA2500300412,CTOR004,OT,0105433700057-0202,OR,ISC,REVENUE_RECOGNITION
SA2500300413,CTOR004,OT,0105433700057-0302,OR,ISC,REVENUE_RECOGNITION
SA2500300414,CTOR004,OT,0105433700057-0502,OR,ISC,REVENUE_RECOGNITION
SA2500300415,CTOR004,OT,0105433700057-0602,OR,ISC,REVENUE_RECOGNITION
SA2500300416,CTOR004,OT,0105433800005-0102,OR,ISC,REVENUE_RECOGNITION
SA2500300417,CTOR006,OT,0105434400045-0202,OR,ISC,ADVANCE_PAYMENT_OFFSET
SA2500300418,CTOR006,OT,0105436100016-0102,OR,ISC,ADVANCE_PAYMENT_OFFSET
SA2500300419,CTOR006,OT,0105434500039-0102,OR,ISC,ADVANCE_PAYMENT_OFFSET
SA2500300420,CTOR006,OT,0105435200061-0102,OR,ISC,ADVANCE_PAYMENT_OFFSET
SA2500300421,CTOR006,OT,0105435200001-0102,OR,ISC,ADVANCE_PAYMENT_OFFSET
SA2500300422,CTOR006,OT,0105434500037-0102,OR,ISC,ADVANCE_PAYMENT_OFFSET
SA2500300423,CTOR006,OT,0105435200006-0102,OR,ISC,ADVANCE_PAYMENT_OFFSET
SA2500300424,CTOR006,OT,0105435100032-0102,OR,ISC,ADVANCE_PAYMENT_OFFSET
SA2500300425,CTOR006,OT,0105434700021-0102,OR,ISC,ADVANCE_PAYMENT_OFFSET
SA2500300426,CTOR006,OT,0105435800004-0502,OR,ISC,ADVANCE_PAYMENT_OFFSET
SA2500300427,CTOR006,OT,0105434400014-0102,OR,ISC,ADVANCE_PAYMENT_OFFSET
SA2500300428,CTOR006,OT,0105433800037-0102,OR,ISC,ADVANCE_PAYMENT_OFFSET
SA2500300429,CTOR006,OT,0105433800037-0202,OR,ISC,ADVANCE_PAYMENT_OFFSET
SA2500300430,CTOR006,OT,0105433800037-0302,OR,ISC,ADVANCE_PAYMENT_OFFSET
SA2500300431,CTOR006,OT,0105433800036-0302,OR,ISC,ADVANCE_PAYMENT_OFFSET
SA2500300432,CTOR006,OT,0105433800036-0402,OR,ISC,ADVANCE_PAYMENT_OFFSET
SA2500300433,CTOR006,OT,0105434000004-0602,OR,ISC,ADVANCE_PAYMENT_OFFSET
SA2500300434,CTOR006,OT,0105434000004-0502,OR,ISC,ADVANCE_PAYMENT_OFFSET
SA2500300435,CTOR006,OT,0105434200020-0502,OR,ISC,ADVANCE_PAYMENT_OFFSET
SA2500300436,CTOR006,OT,0105433800004-0102,OR,ISC,ADVANCE_PAYMENT_OFFSET
SA2500300437,CTOR006,OT,0105433800004-0202,OR,ISC,ADVANCE_PAYMENT_OFFSET
SA2500300438,CTOR006,OT,0105433700057-0202,OR,ISC,ADVANCE_PAYMENT_OFFSET
SA2500300439,CTOR006,OT,0105433700057-0302,OR,ISC,ADVANCE_PAYMENT_OFFSET
SA2500300440,CTOR006,OT,0105433700057-0502,OR,ISC,ADVANCE_PAYMENT_OFFSET
SA2500300441,CTOR006,OT,0105433700057-0602,OR,ISC,ADVANCE_PAYMENT_OFFSET
SA2500300442,CTOR006,OT,0105433800005-0102,OR,ISC,ADVANCE_PAYMENT_OFFSET
