id,service_flow_id,service_status,last_service_status,service_type,install_id,serial_number,branch_id,warehouse_id,technician_id,order_item_id,create_time,update_time
1ayTM3z7Aiz,1ayTM2s8e6B,SHIPPING_SCHEDULED,SERVICE_CREATED,INSTALL,1ayTM324bej,,10fea0f2db2c2001,1awh0GaPD9P,,0105504500011-0101,2025-02-14 05:58:55.831000,2025-02-14 05:58:56.070415
1ayTdPjxUzi,1ayTM5aBB87,BOOKING_CANCELED,BOOKING_SCHEDULED,INSTALL,1ayTM5jXwQX,,10fea0f2db2c2001,1awh0GaPD9P,,0105504500011-0201,2025-02-14 05:58:56.423000,2025-02-14 06:10:18.050881
1ayTV0ybFgT,1ayTM2s8e6B,SHIPPING_CANCELED,BOOKING_CANCELED,INSTALL,1ayTM324bej,,10fea0f2db2c2001,1awh0GaPD9P,,0105504500011-0101,2025-02-14 05:58:55.831000,2025-02-14 06:11:19.129852
1awo1nMAcKL,1awo1iT11OL,SHIPPING_SCHEDULED,SERVICE_CREATED,INSTALL,1awo1jzXRi7,,10fea14a0a949002,1awh4rOxuWr,,0105504400001-0101,2025-02-13 05:53:00.018000,2025-02-13 05:53:00.903103
1awo1rXKO5s,1awo1iT11OL,BOOKING_SCHEDULED,SHIPPING_SCHEDULED,INSTALL,1awo1jzXRi7,,10fea14a0a949002,1awh4rOxuWr,,0105504400001-0101,2025-02-13 05:53:00.018000,2025-02-13 05:53:01.816548
1awo1sx2RIH,1awo1iT11OL,BOOKING_CONFIRMED,BOOKING_SCHEDULED,INSTALL,1awo1jzXRi7,,10fea14a0a949002,1awh4rOxuWr,tech0301,0105504400001-0101,2025-02-13 05:53:00.018000,2025-02-13 05:53:02.125846
1awoP6mR63F,1awoP4VveeB,SHIPPING_SCHEDULED,SERVICE_CREATED,INSTALL,1awoP51R85d,,10fea14a0a949002,1awh4rOxuWr,,0105504400002-0101,2025-02-13 05:58:16.154000,2025-02-13 05:58:16.617437
1awoP8y7MEg,1awoP4VveeB,BOOKING_SCHEDULED,SHIPPING_SCHEDULED,INSTALL,1awoP51R85d,,10fea14a0a949002,1awh4rOxuWr,,0105504400002-0101,2025-02-13 05:58:16.154000,2025-02-13 05:58:17.095609
1awoP9G05RA,1awoP4VveeB,BOOKING_CONFIRMED,BOOKING_SCHEDULED,INSTALL,1awoP51R85d,,10fea14a0a949002,1awh4rOxuWr,tech0301,0105504400002-0101,2025-02-13 05:58:16.154000,2025-02-13 05:58:17.158602
1awoP9yHVkO,1awoP9GqspN,SHIPPING_SCHEDULED,SERVICE_CREATED,INSTALL,1awoP9RvEuB,,10fea14a0a949002,1awh4rOxuWr,,0105504400002-0201,2025-02-13 05:58:17.167000,2025-02-13 05:58:17.314370
1awoPAza3lO,1awoP9GqspN,BOOKING_SCHEDULED,SHIPPING_SCHEDULED,INSTALL,1awoP9RvEuB,,10fea14a0a949002,1awh4rOxuWr,,0105504400002-0201,2025-02-13 05:58:17.167000,2025-02-13 05:58:17.537843
1awoPBELCXE,1awoP9GqspN,BOOKING_CONFIRMED,BOOKING_SCHEDULED,INSTALL,1awoP9RvEuB,,10fea14a0a949002,1awh4rOxuWr,tech0301,0105504400002-0201,2025-02-13 05:58:17.167000,2025-02-13 05:58:17.589898
1awouKS04j8,1awouI6Nqyv,SHIPPING_SCHEDULED,SERVICE_CREATED,INSTALL,1awouJ6Y0TL,,10fea14a0a949002,1awh4rOxuWr,,0105504400003-0101,2025-02-13 06:05:19.081000,2025-02-13 06:05:19.412115
1awouMJoPoJ,1awouI6Nqyv,BOOKING_SCHEDULED,SHIPPING_SCHEDULED,INSTALL,1awouJ6Y0TL,,10fea14a0a949002,1awh4rOxuWr,,0105504400003-0101,2025-02-13 06:05:19.081000,2025-02-13 06:05:19.820234
1awouMkD6uu,1awouI6Nqyv,BOOKING_CONFIRMED,BOOKING_SCHEDULED,INSTALL,1awouJ6Y0TL,,10fea14a0a949002,1awh4rOxuWr,tech0301,0105504400003-0101,2025-02-13 06:05:19.081000,2025-02-13 06:05:19.913722
1awouNci5uS,1awouMncITh,SHIPPING_SCHEDULED,SERVICE_CREATED,INSTALL,1awouMzXRwh,,10fea14a0a949002,1awh4rOxuWr,,0105504400003-0201,2025-02-13 06:05:19.928000,2025-02-13 06:05:20.105773
1awouOhPpUU,1awouMncITh,BOOKING_SCHEDULED,SHIPPING_SCHEDULED,INSTALL,1awouMzXRwh,,10fea14a0a949002,1awh4rOxuWr,,0105504400003-0201,2025-02-13 06:05:19.928000,2025-02-13 06:05:20.340298
1awouOwkAWS,1awouMncITh,BOOKING_CONFIRMED,BOOKING_SCHEDULED,INSTALL,1awouMzXRwh,,10fea14a0a949002,1awh4rOxuWr,tech0301,0105504400003-0201,2025-02-13 06:05:19.928000,2025-02-13 06:05:20.394720
1awouPnXYjY,1awouOwkAWM,SHIPPING_SCHEDULED,SERVICE_CREATED,INSTALL,1awouP9EWFW,,10fea14a0a949002,1awh4rOxuWr,,0105504400003-0301,2025-02-13 06:05:20.396000,2025-02-13 06:05:20.580148
1ayTV1HtyXG,1ayTM2s8e6B,SHIPPING_SCHEDULED,SHIPPING_CANCELED,INSTALL,1ayTM324bej,,10fea0f2db2c2001,1awh0GaPD9P,,0105504500011-0101,2025-02-14 05:58:55.831000,2025-02-14 06:11:19.197317
1ayTV0daw3X,1ayTM2s8e6B,BOOKING_CANCELED,BOOKING_SCHEDULED,INSTALL,1ayTM324bej,,10fea0f2db2c2001,1awh0GaPD9P,,0105504500011-0101,2025-02-14 05:58:55.831000,2025-02-14 06:11:19.098813
1aycOB2sgIG,1aycOAWWPRq,SHIPPING_SCHEDULED,SERVICE_CREATED,INSTALL,1aycOAf2NM7,,10fea0f2db2c2001,1awh0GaPD9P,,0105504500019-0202,2025-02-14 08:05:21.151000,2025-02-14 08:05:21.262378
1awqZm6W55n,1awqZjZpVH1,SHIPPING_SCHEDULED,SERVICE_CREATED,INSTALL,1awqZjm2Fs5,,10fea14a0a949002,1awh4rOxuWr,,0105504400004-0101,2025-02-13 06:28:39.755000,2025-02-13 06:28:40.302649
1awqZo1APTK,1awqZjZpVH1,BOOKING_SCHEDULED,SHIPPING_SCHEDULED,INSTALL,1awqZjm2Fs5,,10fea14a0a949002,1awh4rOxuWr,,0105504400004-0101,2025-02-13 06:28:39.755000,2025-02-13 06:28:40.720267
1awqcNrbQrk,1awqZjZpVH1,BOOKING_CANCELED,BOOKING_SCHEDULED,INSTALL,1awqZjm2Fs5,,10fea14a0a949002,1awh4rOxuWr,,0105504400004-0101,2025-02-13 06:28:39.755000,2025-02-13 06:29:15.634792
1awqcOI07xw,1awqZjZpVH1,SHIPPING_CANCELED,BOOKING_CANCELED,INSTALL,1awqZjm2Fs5,,10fea14a0a949002,1awh4rOxuWr,,0105504400004-0101,2025-02-13 06:28:39.755000,2025-02-13 06:29:15.727466
1awqcOiOp4Y,1awqZjZpVH1,SERVICE_ON_HOLD,SHIPPING_CANCELED,INSTALL,1awqZjm2Fs5,,10fea14a0a949002,1awh4rOxuWr,,0105504400004-0101,2025-02-13 06:28:39.755000,2025-02-13 06:29:15.820013
1ayVI0t0gHE,1ayTM5aBB87,BOOKING_CANCELED,SERVICE_CANCELED,INSTALL,1ayTM5jXwQX,,10fea0f2db2c2001,1awh0GaPD9P,,0105504500011-0201,2025-02-14 05:58:56.423000,2025-02-14 06:33:01.908683
1ayYYhE6hbm,1ayYYfiR4fI,SHIPPING_SCHEDULED,SERVICE_CREATED,INSTALL,1ayYYfsN2Dq,,10fea0f2db2c2001,1awh0GaPD9P,,0105504500015-0101,2025-02-14 07:11:44.916000,2025-02-14 07:11:45.240180
1ayYYhugX8D,1ayYYfiR4fI,BOOKING_SCHEDULED,SHIPPING_SCHEDULED,INSTALL,1ayYYfsN2Dq,,10fea0f2db2c2001,1awh0GaPD9P,,0105504500015-0101,2025-02-14 07:11:44.916000,2025-02-14 07:11:45.390035
1ayaPeRLigi,1ayaPcmava9,SHIPPING_SCHEDULED,SERVICE_CREATED,INSTALL,1ayaPcwWt8h,,10fea0f2db2c2001,1awh0GaPD9P,,0105504500016-0101,2025-02-14 07:37:41.630000,2025-02-14 07:37:41.988065
1aycOATgQ9B,1aycO8lWRTE,BOOKING_SCHEDULED,SHIPPING_SCHEDULED,INSTALL,1aycO8u2PNV,,10fea0f2db2c2001,1awh0GaPD9P,,0105504500019-0102,2025-02-14 08:05:20.767000,2025-02-14 08:05:21.138741
1awouSKE8Xn,1awouOwkAWM,BOOKING_SCHEDULED,SHIPPING_SCHEDULED,INSTALL,1awouP9EWFW,,10fea14a0a949002,1awh4rOxuWr,,0105504400003-0301,2025-02-13 06:05:20.396000,2025-02-13 06:05:21.132983
1awouSkcpeH,1awouOwkAWM,BOOKING_CONFIRMED,BOOKING_SCHEDULED,INSTALL,1awouP9EWFW,,10fea14a0a949002,1awh4rOxuWr,tech0302,0105504400003-0301,2025-02-13 06:05:20.396000,2025-02-13 06:05:21.225513
1awqjm8znpU,1awo1iT11OL,BOOKING_CANCELED,BOOKING_CONFIRMED,INSTALL,1awo1jzXRi7,,10fea14a0a949002,1awh4rOxuWr,tech0301,0105504400001-0101,2025-02-13 05:53:00.018000,2025-02-13 06:30:55.733199
1awqjmh3fRP,1awo1iT11OL,SHIPPING_CANCELED,BOOKING_CANCELED,INSTALL,1awo1jzXRi7,,10fea14a0a949002,1awh4rOxuWr,tech0301,0105504400001-0101,2025-02-13 05:53:00.018000,2025-02-13 06:30:55.853760
1awqjnYQFuA,1awo1iT11OL,SERVICE_ON_HOLD,SHIPPING_CANCELED,INSTALL,1awo1jzXRi7,,10fea14a0a949002,1awh4rOxuWr,tech0301,0105504400001-0101,2025-02-13 05:53:00.018000,2025-02-13 06:30:56.041320
1awrGei7bzG,1awrGcfEupB,SHIPPING_SCHEDULED,SERVICE_CREATED,INSTALL,1awrGd161qR,,10fea0f2db2c2001,1awh0GaPD9P,,0105504400005-0101,2025-02-13 06:38:20.561000,2025-02-13 06:38:21.003497
1awrGh59pNA,1awrGcfEupB,BOOKING_SCHEDULED,SHIPPING_SCHEDULED,INSTALL,1awrGd161qR,,10fea0f2db2c2001,1awh0GaPD9P,,0105504400005-0101,2025-02-13 06:38:20.561000,2025-02-13 06:38:21.521010
1awrOvhpEDp,1awrOumUFvc,SHIPPING_SCHEDULED,SERVICE_CREATED,INSTALL,1awrOuzXnuv,,10fea0f2db2c2001,1awh0GaPD9P,,0105504400006-0102,2025-02-13 06:40:12.855000,2025-02-13 06:40:13.053400
1awrOzYXsch,1awrOumUFvc,BOOKING_SCHEDULED,SHIPPING_SCHEDULED,INSTALL,1awrOuzXnuv,,10fea0f2db2c2001,1awh0GaPD9P,,0105504400006-0102,2025-02-13 06:40:12.855000,2025-02-13 06:40:13.894577
1awsjsHRYZq,1awrOumUFvc,BOOKING_CANCELED,BOOKING_SCHEDULED,INSTALL,1awrOuzXnuv,,10fea0f2db2c2001,1awh0GaPD9P,,0105504400006-0102,2025-02-13 06:40:12.855000,2025-02-13 06:58:56.310431
1awsjsyaaLp,1awrOumUFvc,SHIPPING_CANCELED,BOOKING_CANCELED,INSTALL,1awrOuzXnuv,,10fea0f2db2c2001,1awh0GaPD9P,,0105504400006-0102,2025-02-13 06:40:12.855000,2025-02-13 06:58:56.462317
1awxU7G728e,1awxU3ZbwPa,SHIPPING_SCHEDULED,SERVICE_CREATED,INSTALL,1awxU4Sg7eO,,10fea0f2db2c2001,1awh0GaPD9P,,0105504400007-0101,2025-02-13 08:05:20.213000,2025-02-13 08:05:20.998536
1awxUBY5B1u,1awxU3ZbwPa,BOOKING_SCHEDULED,SHIPPING_SCHEDULED,INSTALL,1awxU4Sg7eO,,10fea0f2db2c2001,1awh0GaPD9P,,0105504400007-0101,2025-02-13 08:05:20.213000,2025-02-13 08:05:21.935524
1awxUCLBmXV,1awxU3ZbwPa,BOOKING_CONFIRMED,BOOKING_SCHEDULED,INSTALL,1awxU4Sg7eO,,10fea0f2db2c2001,1awh0GaPD9P,tech0204,0105504400007-0101,2025-02-13 08:05:20.213000,2025-02-13 08:05:22.108329
1ax0hXrQigg,1ax0hVIkwxT,SHIPPING_SCHEDULED,SERVICE_CREATED,INSTALL,1ax0hVopcf3,,10fea0f2db2c2001,1awh0GaPD9P,,0105504400008-0101,2025-02-13 08:50:21.166000,2025-02-13 08:50:21.712432
1ax0hZRvWpc,1ax0hVIkwxT,BOOKING_SCHEDULED,SHIPPING_SCHEDULED,INSTALL,1ax0hVopcf3,,10fea0f2db2c2001,1awh0GaPD9P,,0105504400008-0101,2025-02-13 08:50:21.166000,2025-02-13 08:50:22.059544
1ax9dUOMSBV,1ax9dR2ITnG,SHIPPING_SCHEDULED,SERVICE_CREATED,INSTALL,1ax9dRa4kHH,,10fea0f2db2c2001,1awh0GaPD9P,,0105504400009-0102,2025-02-13 10:55:22.635000,2025-02-13 10:55:23.351482
1ax9dXcC3lg,1ax9dR2ITnG,BOOKING_SCHEDULED,SHIPPING_SCHEDULED,INSTALL,1ax9dRa4kHH,,10fea0f2db2c2001,1awh0GaPD9P,,0105504400009-0102,2025-02-13 10:55:22.635000,2025-02-13 10:55:24.055054
1awskajebb5,1awrOumUFvc,SERVICE_CANCELED,SHIPPING_CANCELED,INSTALL,1awrOuzXnuv,,10fea0f2db2c2001,1awh0GaPD9P,,0105504400006-0102,2025-02-13 06:40:12.855000,2025-02-13 06:59:06.020610
1ax9eB3rwUn,1ax9dR2ITnG,BOOKING_CANCELED,BOOKING_SCHEDULED,INSTALL,1ax9dRa4kHH,,10fea0f2db2c2001,1awh0GaPD9P,,0105504400009-0102,2025-02-13 10:55:22.635000,2025-02-13 10:55:32.671251
1ax9eBgBn3f,1ax9dR2ITnG,SHIPPING_CANCELED,BOOKING_CANCELED,INSTALL,1ax9dRa4kHH,,10fea0f2db2c2001,1awh0GaPD9P,,0105504400009-0102,2025-02-13 10:55:22.635000,2025-02-13 10:55:32.806491
1ayaPfJqhfe,1ayaPcmava9,BOOKING_SCHEDULED,SHIPPING_SCHEDULED,INSTALL,1ayaPcwWt8h,,10fea0f2db2c2001,1awh0GaPD9P,,0105504500016-0101,2025-02-14 07:37:41.630000,2025-02-14 07:37:42.180555
1aybcdFCjjE,1aybcc4p1Xe,SHIPPING_SCHEDULED,SERVICE_CREATED,INSTALL,1aybccF2aEG,,10fea0f2db2c2001,1awh0GaPD9P,,0105504500017-0101,2025-02-14 07:54:37.144000,2025-02-14 07:54:37.394138
1aybceqpwOg,1aybcc4p1Xe,BOOKING_SCHEDULED,SHIPPING_SCHEDULED,INSTALL,1aybccF2aEG,,10fea0f2db2c2001,1awh0GaPD9P,,0105504500017-0101,2025-02-14 07:54:37.144000,2025-02-14 07:54:37.745875
1aybcf5JU2Y,1aybcc4p1Xe,BOOKING_CONFIRMED,BOOKING_SCHEDULED,INSTALL,1aybccF2aEG,,10fea0f2db2c2001,1awh0GaPD9P,tech0201,0105504500017-0101,2025-02-14 07:54:37.144000,2025-02-14 07:54:37.796989
1aycGIfDGFk,1aycGHNANYM,SHIPPING_SCHEDULED,SERVICE_CREATED,INSTALL,1aycGHWFXii,,10fea0f2db2c2001,1awh0GaPD9P,,0105504500018-0101,2025-02-14 08:03:34.310000,2025-02-14 08:03:34.588214
1aycGKGqSuw,1aycGHNANYM,BOOKING_SCHEDULED,SHIPPING_SCHEDULED,INSTALL,1aycGHWFXii,,10fea0f2db2c2001,1awh0GaPD9P,,0105504500018-0101,2025-02-14 08:03:34.310000,2025-02-14 08:03:34.939318
1aycO9atq1z,1aycO8lWRTE,SHIPPING_SCHEDULED,SERVICE_CREATED,INSTALL,1aycO8u2PNV,,10fea0f2db2c2001,1awh0GaPD9P,,0105504500019-0102,2025-02-14 08:05:20.767000,2025-02-14 08:05:20.946000
1ayiSicMhGp,1ayiSgjhYn9,SHIPPING_SCHEDULED,SERVICE_CREATED,INSTALL,1ayiSgsV7pR,,10fea0f2db2c2001,1awh0GaPD9P,,0105504500021-0101,2025-02-14 09:30:20.067000,2025-02-14 09:30:20.474757
1ayiSk6tvgR,1ayiSgjhYn9,BOOKING_SCHEDULED,SHIPPING_SCHEDULED,INSTALL,1ayiSgsV7pR,,10fea0f2db2c2001,1awh0GaPD9P,,0105504500021-0101,2025-02-14 09:30:20.067000,2025-02-14 09:30:20.800251
1ayiSkIFstS,1ayiSgjhYn9,BOOKING_CONFIRMED,BOOKING_SCHEDULED,INSTALL,1ayiSgsV7pR,,10fea0f2db2c2001,1awh0GaPD9P,tech0201,0105504500021-0101,2025-02-14 09:30:20.067000,2025-02-14 09:30:20.840462
1ax9ev7znIj,1ax9dR2ITnG,SERVICE_CANCELED,SHIPPING_CANCELED,INSTALL,1ax9dRa4kHH,,10fea0f2db2c2001,1awh0GaPD9P,,0105504400009-0102,2025-02-13 10:55:22.635000,2025-02-13 10:55:42.733934
1ax9mWVXXSl,1ax9mTy0AFq,SHIPPING_SCHEDULED,SERVICE_CREATED,INSTALL,1ax9mUa2Pgm,,10fea0f2db2c2001,1awh0GaPD9P,,0105504400010-0101,2025-02-13 10:57:25.160000,2025-02-13 10:57:25.693497
1ayDYzWCZ1f,1ayDYxmcai4,SHIPPING_SCHEDULED,SERVICE_CREATED,INSTALL,1ayDYxxgwms,,10fea14a0a949002,1awh4rOxuWr,,0105504500002-0101,2025-02-14 02:17:56.875000,2025-02-14 02:17:57.250579
1ayDZ298JhJ,1ayDYxmcai4,BOOKING_SCHEDULED,SHIPPING_SCHEDULED,INSTALL,1ayDYxxgwms,,10fea14a0a949002,1awh4rOxuWr,,0105504500002-0101,2025-02-14 02:17:56.875000,2025-02-14 02:17:57.824106
1ax9mZ0EvMX,1ax9mTy0AFq,BOOKING_SCHEDULED,SHIPPING_SCHEDULED,INSTALL,1ax9mUa2Pgm,,10fea0f2db2c2001,1awh0GaPD9P,,0105504400010-0101,2025-02-13 10:57:25.160000,2025-02-13 10:57:26.238971
1ax9ovmDIVs,1ax9mTy0AFq,BOOKING_CANCELED,BOOKING_SCHEDULED,INSTALL,1ax9mUa2Pgm,,10fea0f2db2c2001,1awh0GaPD9P,,0105504400010-0101,2025-02-13 10:57:25.160000,2025-02-13 10:57:58.297631
1ax9ow1G2PV,1ax9mTy0AFq,SHIPPING_CANCELED,BOOKING_CANCELED,INSTALL,1ax9mUa2Pgm,,10fea0f2db2c2001,1awh0GaPD9P,,0105504400010-0101,2025-02-13 10:57:25.160000,2025-02-13 10:57:58.350648
1ax9owdrU6s,1ax9mTy0AFq,SERVICE_CANCELED,SHIPPING_CANCELED,INSTALL,1ax9mUa2Pgm,,10fea0f2db2c2001,1awh0GaPD9P,,0105504400010-0101,2025-02-13 10:57:25.160000,2025-02-13 10:57:58.486308
1axIs4FfS4t,1axIs1K0AoJ,SHIPPING_SCHEDULED,SERVICE_CREATED,INSTALL,1axIs1jGTOL,,10fea0f2db2c2001,1awh0GaPD9P,,0105504400011-0101,2025-02-13 13:04:36.706000,2025-02-13 13:04:37.340963
1axIs6lVEUz,1axIs1K0AoJ,BOOKING_SCHEDULED,SHIPPING_SCHEDULED,INSTALL,1axIs1jGTOL,,10fea0f2db2c2001,1awh0GaPD9P,,0105504400011-0101,2025-02-13 13:04:36.706000,2025-02-13 13:04:37.889738
1ayCCTtBjkP,1ayCCQIvosl,SHIPPING_SCHEDULED,SERVICE_CREATED,INSTALL,1ayCCQilJiv,,10fea0f2db2c2001,1awh0GaPD9P,,0105504500001-0101,2025-02-14 01:58:52.027000,2025-02-14 01:58:52.794745
1ayCCWEWMM2,1ayCCQIvosl,BOOKING_SCHEDULED,SHIPPING_SCHEDULED,INSTALL,1ayCCQilJiv,,10fea0f2db2c2001,1awh0GaPD9P,,0105504500001-0101,2025-02-14 01:58:52.027000,2025-02-14 01:58:53.306845
1ayEvhy2sRw,1ayEvfxiZSP,SHIPPING_SCHEDULED,SERVICE_CREATED,INSTALL,1ayEvgNGTAV,,10fea0f2db2c2001,1awh0GaPD9P,,0105504500003-0101,2025-02-14 02:37:04.081000,2025-02-14 02:37:04.506351
1ayEyRZN60t,1ayEvfxiZSP,BOOKING_CANCELED,BOOKING_SCHEDULED,INSTALL,1ayEvgNGTAV,,10fea0f2db2c2001,1awh0GaPD9P,,0105504500003-0101,2025-02-14 02:37:04.081000,2025-02-14 02:37:41.551634
1ayEySIVJhL,1ayEvfxiZSP,SHIPPING_CANCELED,BOOKING_CANCELED,INSTALL,1ayEvgNGTAV,,10fea0f2db2c2001,1awh0GaPD9P,,0105504500003-0101,2025-02-14 02:37:04.081000,2025-02-14 02:37:41.710309
1ayEySevcym,1ayEvfxiZSP,SHIPPING_SCHEDULED,SHIPPING_CANCELED,INSTALL,1ayEvgNGTAV,,10fea0f2db2c2001,1awh0GaPD9P,,0105504500003-0101,2025-02-14 02:37:04.081000,2025-02-14 02:37:41.789346
1ayEvjjtdnM,1ayEvfxiZSP,BOOKING_SCHEDULED,SHIPPING_SCHEDULED,INSTALL,1ayEvgNGTAV,,10fea0f2db2c2001,1awh0GaPD9P,,0105504500003-0101,2025-02-14 02:37:04.081000,2025-02-14 02:37:42.216246
1ayGMLayELd,1ayGMIZcyTo,SHIPPING_SCHEDULED,SERVICE_CREATED,INSTALL,1ayGMInXJrG,,10fea0f2db2c2001,1awh0GaPD9P,,0105504500004-0101,2025-02-14 02:57:04.222000,2025-02-14 02:57:04.878348
1ayGMNF9pBY,1ayGMIZcyTo,BOOKING_SCHEDULED,SHIPPING_SCHEDULED,INSTALL,1ayGMInXJrG,,10fea0f2db2c2001,1awh0GaPD9P,,0105504500004-0101,2025-02-14 02:57:04.222000,2025-02-14 02:57:05.238924
1ayGNsTor8J,1ayGMIZcyTo,BOOKING_CANCELED,BOOKING_SCHEDULED,INSTALL,1ayGMInXJrG,,10fea0f2db2c2001,1awh0GaPD9P,,0105504500004-0101,2025-02-14 02:57:04.222000,2025-02-14 02:57:25.603091
1ayGNt2jW8R,1ayGMIZcyTo,SHIPPING_CANCELED,BOOKING_CANCELED,INSTALL,1ayGMInXJrG,,10fea0f2db2c2001,1awh0GaPD9P,,0105504500004-0101,2025-02-14 02:57:04.222000,2025-02-14 02:57:25.727007
1ayGNtKKeD1,1ayGMIZcyTo,SERVICE_CANCELED,SHIPPING_CANCELED,INSTALL,1ayGMInXJrG,,10fea0f2db2c2001,1awh0GaPD9P,,0105504500004-0101,2025-02-14 02:57:04.222000,2025-02-14 02:57:25.788139
1ayHC9OmCgC,1ayHC81cXdi,SHIPPING_SCHEDULED,SERVICE_CREATED,INSTALL,1ayHC8EOUUu,,10fea0f2db2c2001,1awh0GaPD9P,,0105504500005-0101,2025-02-14 03:08:46.115000,2025-02-14 03:08:46.410773
1ayHCABbD3s,1ayHC81cXdi,BOOKING_SCHEDULED,SHIPPING_SCHEDULED,INSTALL,1ayHC8EOUUu,,10fea0f2db2c2001,1awh0GaPD9P,,0105504500005-0101,2025-02-14 03:08:46.115000,2025-02-14 03:08:46.582193
1ayHCANWMX0,1ayHC81cXdi,BOOKING_CONFIRMED,BOOKING_SCHEDULED,INSTALL,1ayHC8EOUUu,,10fea0f2db2c2001,1awh0GaPD9P,tech0204,0105504500005-0101,2025-02-14 03:08:46.115000,2025-02-14 03:08:46.624624
1ayI111L2by,1ayI0zK1rKs,SHIPPING_SCHEDULED,SERVICE_CREATED,INSTALL,1ayI0zV6DPg,,10fea0f2db2c2001,1awh0GaPD9P,,0105504500006-0101,2025-02-14 03:20:14.868000,2025-02-14 03:20:15.234677
1ayI11tYQSr,1ayI0zK1rKs,BOOKING_SCHEDULED,SHIPPING_SCHEDULED,INSTALL,1ayI0zV6DPg,,10fea0f2db2c2001,1awh0GaPD9P,,0105504500006-0101,2025-02-14 03:20:14.868000,2025-02-14 03:20:15.425014
1ayKer1STtg,1ayKepJrhUe,SHIPPING_SCHEDULED,SERVICE_CREATED,INSTALL,1ayKepVDehZ,,10fea0f2db2c2001,1awh0GaPD9P,,0105504500007-0102,2025-02-14 03:57:13.609000,2025-02-14 03:57:13.976952
1ayKet5TZZW,1ayKepJrhUe,BOOKING_SCHEDULED,SHIPPING_SCHEDULED,INSTALL,1ayKepVDehZ,,10fea0f2db2c2001,1awh0GaPD9P,,0105504500007-0102,2025-02-14 03:57:13.609000,2025-02-14 03:57:14.427995
1ayMNvlGmKs,1ayMNuGjXum,SHIPPING_SCHEDULED,SERVICE_CREATED,INSTALL,1ayMNuRWIrZ,,10fea0f2db2c2001,1awh0GaPD9P,,0105504500008-0102,2025-02-14 04:21:23.709000,2025-02-14 04:21:24.030205
1ayMNwisWbK,1ayMNuGjXum,BOOKING_SCHEDULED,SHIPPING_SCHEDULED,INSTALL,1ayMNuRWIrZ,,10fea0f2db2c2001,1awh0GaPD9P,,0105504500008-0102,2025-02-14 04:21:23.709000,2025-02-14 04:21:24.240732
1ayMNwung4Y,1ayMNuGjXum,BOOKING_CONFIRMED,BOOKING_SCHEDULED,INSTALL,1ayMNuRWIrZ,,10fea0f2db2c2001,1awh0GaPD9P,tech0204,0105504500008-0102,2025-02-14 04:21:23.709000,2025-02-14 04:21:24.282895
1ayOjMNiJnI,1ayOjKcQkhP,SHIPPING_SCHEDULED,SERVICE_CREATED,INSTALL,1ayOjKmvuW8,,10fea0f2db2c2001,1awh0GaPD9P,,0105504500009-0102,2025-02-14 04:54:13.088000,2025-02-14 04:54:13.468136
1ayOjPFPDEP,1ayOjKcQkhP,BOOKING_SCHEDULED,SHIPPING_SCHEDULED,INSTALL,1ayOjKmvuW8,,10fea0f2db2c2001,1awh0GaPD9P,,0105504500009-0102,2025-02-14 04:54:13.088000,2025-02-14 04:54:14.094185
1ayOjPSkMLu,1ayOjKcQkhP,BOOKING_CONFIRMED,BOOKING_SCHEDULED,INSTALL,1ayOjKmvuW8,,10fea0f2db2c2001,1awh0GaPD9P,tech0203,0105504500009-0102,2025-02-14 04:54:13.088000,2025-02-14 04:54:14.141019
1ayTCtbMOFu,1ayTCrzjBa8,SHIPPING_SCHEDULED,SERVICE_CREATED,INSTALL,1ayTCsEUKLm,,10fea0f2db2c2001,1awh0GaPD9P,,0105504500010-0101,2025-02-14 05:56:51.575000,2025-02-14 05:56:51.922857
1ayTM6Dv1MI,1ayTM5aBB87,SHIPPING_SCHEDULED,SERVICE_CREATED,INSTALL,1ayTM5jXwQX,,10fea0f2db2c2001,1awh0GaPD9P,,0105504500011-0201,2025-02-14 05:58:56.423000,2025-02-14 05:58:56.559640
1ayTM5Vdb34,1ayTM2s8e6B,BOOKING_SCHEDULED,SHIPPING_SCHEDULED,INSTALL,1ayTM324bej,,10fea0f2db2c2001,1awh0GaPD9P,,0105504500011-0101,2025-02-14 05:58:55.831000,2025-02-14 06:11:19.433193
1ayTCvCzavM,1ayTCrzjBa8,BOOKING_SCHEDULED,SHIPPING_SCHEDULED,INSTALL,1ayTCsEUKLm,,10fea0f2db2c2001,1awh0GaPD9P,,0105504500010-0101,2025-02-14 05:56:51.575000,2025-02-14 06:17:22.764282
1ayTdQBmBkE,1ayTM5aBB87,SHIPPING_CANCELED,BOOKING_CANCELED,INSTALL,1ayTM5jXwQX,,10fea0f2db2c2001,1awh0GaPD9P,,0105504500011-0201,2025-02-14 05:58:56.423000,2025-02-14 06:33:01.937886
1ayTdQVvhzI,1ayTM5aBB87,SHIPPING_SCHEDULED,SHIPPING_CANCELED,INSTALL,1ayTM5jXwQX,,10fea0f2db2c2001,1awh0GaPD9P,,0105504500011-0201,2025-02-14 05:58:56.423000,2025-02-14 06:02:51.209128
1ayTM72A1OK,1ayTM5aBB87,BOOKING_SCHEDULED,SHIPPING_SCHEDULED,INSTALL,1ayTM5jXwQX,,10fea0f2db2c2001,1awh0GaPD9P,,0105504500011-0201,2025-02-14 05:58:56.423000,2025-02-14 06:02:51.394330
1ayUExa5689,1ayTM2s8e6B,BOOKING_CONFIRMED,BOOKING_SCHEDULED,INSTALL,1ayTM324bej,,10fea0f2db2c2001,1awh0GaPD9P,tech0202,0105504500011-0101,2025-02-14 05:58:55.831000,2025-02-14 06:11:19.494436
1ayUfl6BVeg,1ayTCrzjBa8,BOOKING_CANCELED,BOOKING_SCHEDULED,INSTALL,1ayTCsEUKLm,,10fea0f2db2c2001,1awh0GaPD9P,,0105504500010-0101,2025-02-14 05:56:51.575000,2025-02-14 06:17:22.408545
1ayUflZ8avS,1ayTCrzjBa8,SHIPPING_CANCELED,BOOKING_CANCELED,INSTALL,1ayTCsEUKLm,,10fea0f2db2c2001,1awh0GaPD9P,,0105504500010-0101,2025-02-14 05:56:51.575000,2025-02-14 06:17:22.510151
1ayUflp28DY,1ayTCrzjBa8,SHIPPING_SCHEDULED,SHIPPING_CANCELED,INSTALL,1ayTCsEUKLm,,10fea0f2db2c2001,1awh0GaPD9P,,0105504500010-0101,2025-02-14 05:56:51.575000,2025-02-14 06:17:22.566686
1ayVXDDrKyT,1ayVXCFxyVc,SHIPPING_SCHEDULED,SERVICE_CREATED,INSTALL,1ayVXCQkjSM,,10fea0f2db2c2001,1awh0GaPD9P,,0105504500012-0101,2025-02-14 06:29:26.082000,2025-02-14 06:29:26.289104
1ayVXF8E4E4,1ayVXCFxyVc,BOOKING_SCHEDULED,SHIPPING_SCHEDULED,INSTALL,1ayVXCQkjSM,,10fea0f2db2c2001,1awh0GaPD9P,,0105504500012-0101,2025-02-14 06:29:26.082000,2025-02-14 06:29:26.707001
1ayVXFlxuSG,1ayVXFCU3B3,SHIPPING_SCHEDULED,SERVICE_CREATED,INSTALL,1ayVXFLHcDL,,10fea0f2db2c2001,1awh0GaPD9P,,0105504500012-0201,2025-02-14 06:29:26.725000,2025-02-14 06:29:26.847004
1ayVbfJsvIM,1ayVXCFxyVc,BOOKING_CANCELED,BOOKING_SCHEDULED,INSTALL,1ayVXCQkjSM,,10fea0f2db2c2001,1awh0GaPD9P,,0105504500012-0101,2025-02-14 06:29:26.082000,2025-02-14 06:30:26.595749
1ayVbfTFgaf,1ayVXCFxyVc,SHIPPING_CANCELED,BOOKING_CANCELED,INSTALL,1ayVXCQkjSM,,10fea0f2db2c2001,1awh0GaPD9P,,0105504500012-0101,2025-02-14 06:29:26.082000,2025-02-14 06:30:26.628960
1ayVbfgapiI,1ayVXCFxyVc,SERVICE_CANCELED,SHIPPING_CANCELED,INSTALL,1ayVXCQkjSM,,10fea0f2db2c2001,1awh0GaPD9P,,0105504500012-0101,2025-02-14 06:29:26.082000,2025-02-14 06:30:26.675803
1ayVhtBEoGu,1ayVXFCU3B3,BOOKING_CANCELED,BOOKING_SCHEDULED,INSTALL,1ayVXFLHcDL,,10fea0f2db2c2001,1awh0GaPD9P,,0105504500012-0201,2025-02-14 06:29:26.725000,2025-02-14 06:31:50.876889
1ayVhtPzx2Z,1ayVXFCU3B3,SHIPPING_CANCELED,BOOKING_CANCELED,INSTALL,1ayVXFLHcDL,,10fea0f2db2c2001,1awh0GaPD9P,,0105504500012-0201,2025-02-14 06:29:26.725000,2025-02-14 06:31:50.928456
1ayVhtgkHif,1ayVXFCU3B3,SHIPPING_SCHEDULED,SHIPPING_CANCELED,INSTALL,1ayVXFLHcDL,,10fea0f2db2c2001,1awh0GaPD9P,,0105504500012-0201,2025-02-14 06:29:26.725000,2025-02-14 06:31:50.987621
1ayVXGWEWfb,1ayVXFCU3B3,BOOKING_SCHEDULED,SHIPPING_SCHEDULED,INSTALL,1ayVXFLHcDL,,10fea0f2db2c2001,1awh0GaPD9P,,0105504500012-0201,2025-02-14 06:29:26.725000,2025-02-14 06:31:51.108096
1ayVhuY6sBy,1ayVXFCU3B3,BOOKING_CONFIRMED,BOOKING_SCHEDULED,INSTALL,1ayVXFLHcDL,,10fea0f2db2c2001,1awh0GaPD9P,tech0202,0105504500012-0201,2025-02-14 06:29:26.725000,2025-02-14 06:31:51.175037
1ayUAQvZxem,1ayTM5aBB87,SERVICE_CANCELED,SHIPPING_CANCELED,INSTALL,1ayTM5jXwQX,,10fea0f2db2c2001,1awh0GaPD9P,,0105504500011-0201,2025-02-14 05:58:56.423000,2025-02-14 06:33:01.988628
1ayWXhvYoEC,1ayWXgdEKOg,SHIPPING_SCHEDULED,SERVICE_CREATED,INSTALL,1ayWXgmJUZ2,,10fea0f2db2c2001,1awh0GaPD9P,,0105504500013-0101,2025-02-14 06:43:32.335000,2025-02-14 06:43:32.614841
1ayWXjJqrmG,1ayWXgdEKOg,BOOKING_SCHEDULED,SHIPPING_SCHEDULED,INSTALL,1ayWXgmJUZ2,,10fea0f2db2c2001,1awh0GaPD9P,,0105504500013-0101,2025-02-14 06:43:32.335000,2025-02-14 06:43:32.918821
1ayWXjVUQ7L,1ayWXgdEKOg,BOOKING_CONFIRMED,BOOKING_SCHEDULED,INSTALL,1ayWXgmJUZ2,,10fea0f2db2c2001,1awh0GaPD9P,tech0201,0105504500013-0101,2025-02-14 06:43:32.335000,2025-02-14 06:43:32.959385
1ayXGn8zXQy,1ayXGmFM9v9,SHIPPING_SCHEDULED,SERVICE_CREATED,INSTALL,1ayXGmP0WLd,,10fea0f2db2c2001,1awh0GaPD9P,,0105504500014-0101,2025-02-14 06:53:42.961000,2025-02-14 06:53:43.154374
1ayXGnrq9zj,1ayXGmFM9v9,BOOKING_SCHEDULED,SHIPPING_SCHEDULED,INSTALL,1ayXGmP0WLd,,10fea0f2db2c2001,1awh0GaPD9P,,0105504500014-0101,2025-02-14 06:53:42.961000,2025-02-14 06:53:43.312607
1ayXGo6JhdS,1ayXGmFM9v9,BOOKING_CONFIRMED,BOOKING_SCHEDULED,INSTALL,1ayXGmP0WLd,,10fea0f2db2c2001,1awh0GaPD9P,tech0203,0105504500014-0101,2025-02-14 06:53:42.961000,2025-02-14 06:53:43.363212
1aycOBR0aMX,1aycOAWWPRq,BOOKING_SCHEDULED,SHIPPING_SCHEDULED,INSTALL,1aycOAf2NM7,,10fea0f2db2c2001,1awh0GaPD9P,,0105504500019-0202,2025-02-14 08:05:21.151000,2025-02-14 08:05:21.347311
1aydFRyosBB,1aydFQaWocW,SHIPPING_SCHEDULED,SERVICE_CREATED,INSTALL,1aydFQj2mWn,,10fea0f2db2c2001,1awh0GaPD9P,,0105504500020-0102,2025-02-14 08:17:22.398000,2025-02-14 08:17:22.699352
1aydFTOWvO7,1aydFQaWocW,BOOKING_SCHEDULED,SHIPPING_SCHEDULED,INSTALL,1aydFQj2mWn,,10fea0f2db2c2001,1awh0GaPD9P,,0105504500020-0102,2025-02-14 08:17:22.398000,2025-02-14 08:17:23.008647
1aydFTx9zH3,1aydFTT4VTA,SHIPPING_SCHEDULED,SERVICE_CREATED,INSTALL,1aydFTZssb3,,10fea0f2db2c2001,1awh0GaPD9P,,0105504500020-0202,2025-02-14 08:17:23.027000,2025-02-14 08:17:23.130846
1aydFUZTpqn,1aydFTT4VTA,BOOKING_SCHEDULED,SHIPPING_SCHEDULED,INSTALL,1aydFTZssb3,,10fea0f2db2c2001,1awh0GaPD9P,,0105504500020-0202,2025-02-14 08:17:23.027000,2025-02-14 08:17:23.265699
1aydFV4Q72u,1aydFUcJp9S,SHIPPING_SCHEDULED,SERVICE_CREATED,INSTALL,1aydFUhznl5,,10fea0f2db2c2001,1awh0GaPD9P,,0105504500020-0302,2025-02-14 08:17:23.277000,2025-02-14 08:17:23.374836
1aydFVeTAa9,1aydFUcJp9S,BOOKING_SCHEDULED,SHIPPING_SCHEDULED,INSTALL,1aydFUhznl5,,10fea0f2db2c2001,1awh0GaPD9P,,0105504500020-0302,2025-02-14 08:17:23.277000,2025-02-14 08:17:23.501930
1aydFWAXqIU,1aydFVhsM8w,SHIPPING_SCHEDULED,SERVICE_CREATED,INSTALL,1aydFVo7X0h,,10fea0f2db2c2001,1awh0GaPD9P,,0105504500020-0402,2025-02-14 08:17:23.515000,2025-02-14 08:17:23.614999
1aydFWoZHeh,1aydFVhsM8w,BOOKING_SCHEDULED,SHIPPING_SCHEDULED,INSTALL,1aydFVo7X0h,,10fea0f2db2c2001,1awh0GaPD9P,,0105504500020-0402,2025-02-14 08:17:23.515000,2025-02-14 08:17:23.755108
1aylK2iFNfj,1aylK17SyO6,SHIPPING_SCHEDULED,SERVICE_CREATED,INSTALL,1aylK1HgX4i,,10fea0f2db2c2001,1awh0GaPD9P,,0105504500022-0101,2025-02-14 10:10:21.496000,2025-02-14 10:10:21.838208
1aylK3XuMHy,1aylK17SyO6,BOOKING_SCHEDULED,SHIPPING_SCHEDULED,INSTALL,1aylK1HgX4i,,10fea0f2db2c2001,1awh0GaPD9P,,0105504500022-0101,2025-02-14 10:10:21.496000,2025-02-14 10:10:22.020594
1aynWrQaaMr,1aynWq8pInl,SHIPPING_SCHEDULED,SERVICE_CREATED,INSTALL,1aynWqHuSy9,,10fea0f2db2c2001,1awh0GaPD9P,,0105504500023-0102,2025-02-14 10:41:14.383000,2025-02-14 10:41:14.659045
1aynWsGFa3H,1aynWq8pInl,BOOKING_SCHEDULED,SHIPPING_SCHEDULED,INSTALL,1aynWqHuSy9,,10fea0f2db2c2001,1awh0GaPD9P,,0105504500023-0102,2025-02-14 10:41:14.383000,2025-02-14 10:41:14.841162
1aynXjRlg7X,1aynWq8pInl,BOOKING_CANCELED,BOOKING_SCHEDULED,INSTALL,1aynWqHuSy9,,10fea0f2db2c2001,1awh0GaPD9P,,0105504500023-0102,2025-02-14 10:41:14.383000,2025-02-14 10:41:26.458459
1aynXjnuOGk,1aynWq8pInl,SHIPPING_CANCELED,BOOKING_CANCELED,INSTALL,1aynWqHuSy9,,10fea0f2db2c2001,1awh0GaPD9P,,0105504500023-0102,2025-02-14 10:41:14.383000,2025-02-14 10:41:26.536189
1aynXkMp3H2,1aynWq8pInl,SERVICE_CANCELED,SHIPPING_CANCELED,INSTALL,1aynWqHuSy9,,10fea0f2db2c2001,1awh0GaPD9P,,0105504500023-0102,2025-02-14 10:41:14.383000,2025-02-14 10:41:26.659511
1aynfhhQBDQ,1aynfh17woj,SHIPPING_SCHEDULED,SERVICE_CREATED,INSTALL,1aynfh9duj0,,10fea0f2db2c2001,1awh0GaPD9P,,0105504500024-0102,2025-02-14 10:43:14.269000,2025-02-14 10:43:14.414384
1aynfi6Osg3,1aynfh17woj,BOOKING_SCHEDULED,SHIPPING_SCHEDULED,INSTALL,1aynfh9duj0,,10fea0f2db2c2001,1awh0GaPD9P,,0105504500024-0102,2025-02-14 10:43:14.269000,2025-02-14 10:43:14.502700
1aynfiGu2Ut,1aynfh17woj,BOOKING_CONFIRMED,BOOKING_SCHEDULED,INSTALL,1aynfh9duj0,,10fea0f2db2c2001,1awh0GaPD9P,tech0204,0105504500024-0102,2025-02-14 10:43:14.269000,2025-02-14 10:43:14.539766
