id,material_series_code,rental_code,material_care_type,price,currency,tax_included,period_type,start_date
1,NECOA_ROCT,N0000A,SELF_CARE,65.00,USD,N,MONTHLY,2024-01-01
2,NECOA_ROCT,N3000A,SELF_CARE,45.00,USD,N,MONTHLY,2024-01-01
3,NECOA_ROCT,N3N00A,SELF_CARE,45.00,USD,N,MONTHLY,2024-01-01
4,NECOA_ROCT,N3200A,SELF_CARE,32.00,USD,N,MONTHLY,2024-01-01
5,NECOA_ROCT,N32N0A,SELF_CARE,32.00,USD,N,MONTHLY,2024-01-01
6,NECOA_ROCT,N5000A,SELF_CARE,35.00,USD,N,MONTHLY,2024-01-01
7,NECOA_ROCT,N5N00A,SELF_CARE,35.00,USD,N,MONTHLY,2024-01-01
8,NECOA_ROCT,30000A,SELF_CARE,45.00,USD,N,MONTHLY,2024-01-01
9,NECOA_ROCT,3N000A,SELF_CARE,45.00,USD,N,MONTHLY,2024-01-01
10,NECOA_ROCT,32000A,SELF_CARE,32.00,USD,N,MONTHLY,2024-01-01
11,NECOA_ROCT,32N00A,SELF_CARE,32.00,USD,N,MONTHLY,2024-01-01
12,NECOA_ROCT,32200A,SELF_CARE,25.00,USD,N,MONTHLY,2024-01-01
13,NECOA_ROCT,34000A,SELF_CARE,25.00,USD,N,MONTHLY,2024-01-01
14,NECOA_ROCT,50000A,SELF_CARE,35.00,USD,N,MONTHLY,2024-01-01
15,NECOA_ROCT,5N000A,SELF_CARE,35.00,USD,N,MONTHLY,2024-01-01
16,NECOA_ROCT,52000A,SELF_CARE,23.00,USD,N,MONTHLY,2024-01-01
17,NECOA_ROCT,70000A,SELF_CARE,30.00,USD,N,MONTHLY,2024-01-01
18,NECOA_ROCT,N0000A,HOME_CARE,75.00,USD,N,MONTHLY,2024-01-01
19,NECOA_ROCT,N3000A,HOME_CARE,55.00,USD,N,MONTHLY,2024-01-01
20,NECOA_ROCT,N3N00A,HOME_CARE,55.00,USD,N,MONTHLY,2024-01-01
21,NECOA_ROCT,N3200A,HOME_CARE,42.00,USD,N,MONTHLY,2024-01-01
22,NECOA_ROCT,N32N0A,HOME_CARE,42.00,USD,N,MONTHLY,2024-01-01
23,NECOA_ROCT,N5000A,HOME_CARE,45.00,USD,N,MONTHLY,2024-01-01
24,NECOA_ROCT,N5N00A,HOME_CARE,45.00,USD,N,MONTHLY,2024-01-01
25,NECOA_ROCT,30000A,HOME_CARE,55.00,USD,N,MONTHLY,2024-01-01
26,NECOA_ROCT,3N000A,HOME_CARE,55.00,USD,N,MONTHLY,2024-01-01
27,NECOA_ROCT,32000A,HOME_CARE,42.00,USD,N,MONTHLY,2024-01-01
28,NECOA_ROCT,32N00A,HOME_CARE,42.00,USD,N,MONTHLY,2024-01-01
29,NECOA_ROCT,32200A,HOME_CARE,35.00,USD,N,MONTHLY,2024-01-01
30,NECOA_ROCT,34000A,HOME_CARE,35.00,USD,N,MONTHLY,2024-01-01
31,NECOA_ROCT,50000A,HOME_CARE,45.00,USD,N,MONTHLY,2024-01-01
32,NECOA_ROCT,5N000A,HOME_CARE,45.00,USD,N,MONTHLY,2024-01-01
33,NECOA_ROCT,52000A,HOME_CARE,33.00,USD,N,MONTHLY,2024-01-01
34,NECOA_ROCT,70000A,HOME_CARE,40.00,USD,N,MONTHLY,2024-01-01
35,NECOA_NTCT,N0000A,SELF_CARE,93.00,USD,N,MONTHLY,2024-01-01
36,NECOA_NTCT,N3000A,SELF_CARE,65.00,USD,N,MONTHLY,2024-01-01
37,NECOA_NTCT,N3N00A,SELF_CARE,65.00,USD,N,MONTHLY,2024-01-01
38,NECOA_NTCT,N3200A,SELF_CARE,46.00,USD,N,MONTHLY,2024-01-01
39,NECOA_NTCT,N32N0A,SELF_CARE,46.00,USD,N,MONTHLY,2024-01-01
40,NECOA_NTCT,N5000A,SELF_CARE,36.00,USD,N,MONTHLY,2024-01-01
41,NECOA_NTCT,N5N00A,SELF_CARE,50.00,USD,N,MONTHLY,2024-01-01
42,NECOA_NTCT,30000A,SELF_CARE,65.00,USD,N,MONTHLY,2024-01-01
43,NECOA_NTCT,3N000A,SELF_CARE,65.00,USD,N,MONTHLY,2024-01-01
44,NECOA_NTCT,32000A,SELF_CARE,46.00,USD,N,MONTHLY,2024-01-01
45,NECOA_NTCT,32N00A,SELF_CARE,46.00,USD,N,MONTHLY,2024-01-01
46,NECOA_NTCT,32200A,SELF_CARE,36.00,USD,N,MONTHLY,2024-01-01
47,NECOA_NTCT,34000A,SELF_CARE,36.00,USD,N,MONTHLY,2024-01-01
48,NECOA_NTCT,50000A,SELF_CARE,36.00,USD,N,MONTHLY,2024-01-01
49,NECOA_NTCT,5N000A,SELF_CARE,50.00,USD,N,MONTHLY,2024-01-01
50,NECOA_NTCT,52000A,SELF_CARE,33.00,USD,N,MONTHLY,2024-01-01
51,NECOA_NTCT,70000A,SELF_CARE,43.00,USD,N,MONTHLY,2024-01-01
52,NECOA_NTCT,N0000A,HOME_CARE,103.00,USD,N,MONTHLY,2024-01-01
53,NECOA_NTCT,N3000A,HOME_CARE,75.00,USD,N,MONTHLY,2024-01-01
54,NECOA_NTCT,N3N00A,HOME_CARE,75.00,USD,N,MONTHLY,2024-01-01
55,NECOA_NTCT,N3200A,HOME_CARE,56.00,USD,N,MONTHLY,2024-01-01
56,NECOA_NTCT,N32N0A,HOME_CARE,56.00,USD,N,MONTHLY,2024-01-01
57,NECOA_NTCT,N5000A,HOME_CARE,46.00,USD,N,MONTHLY,2024-01-01
58,NECOA_NTCT,N5N00A,HOME_CARE,60.00,USD,N,MONTHLY,2024-01-01
59,NECOA_NTCT,30000A,HOME_CARE,75.00,USD,N,MONTHLY,2024-01-01
60,NECOA_NTCT,3N000A,HOME_CARE,75.00,USD,N,MONTHLY,2024-01-01
61,NECOA_NTCT,32000A,HOME_CARE,56.00,USD,N,MONTHLY,2024-01-01
62,NECOA_NTCT,32N00A,HOME_CARE,56.00,USD,N,MONTHLY,2024-01-01
63,NECOA_NTCT,32200A,HOME_CARE,46.00,USD,N,MONTHLY,2024-01-01
64,NECOA_NTCT,34000A,HOME_CARE,46.00,USD,N,MONTHLY,2024-01-01
65,NECOA_NTCT,50000A,HOME_CARE,46.00,USD,N,MONTHLY,2024-01-01
66,NECOA_NTCT,5N000A,HOME_CARE,60.00,USD,N,MONTHLY,2024-01-01
67,NECOA_NTCT,52000A,HOME_CARE,43.00,USD,N,MONTHLY,2024-01-01
68,NECOA_NTCT,70000A,HOME_CARE,53.00,USD,N,MONTHLY,2024-01-01
69,NECOA_ROICE,N0000A,SELF_CARE,65.00,USD,N,MONTHLY,2024-01-01
70,NECOA_ROICE,N3000A,SELF_CARE,45.00,USD,N,MONTHLY,2024-01-01
71,NECOA_ROICE,N3N00A,SELF_CARE,45.00,USD,N,MONTHLY,2024-01-01
72,NECOA_ROICE,N3200A,SELF_CARE,32.00,USD,N,MONTHLY,2024-01-01
73,NECOA_ROICE,N32N0A,SELF_CARE,32.00,USD,N,MONTHLY,2024-01-01
74,NECOA_ROICE,N5000A,SELF_CARE,35.00,USD,N,MONTHLY,2024-01-01
75,NECOA_ROICE,N5N00A,SELF_CARE,35.00,USD,N,MONTHLY,2024-01-01
76,NECOA_ROICE,30000A,SELF_CARE,45.00,USD,N,MONTHLY,2024-01-01
77,NECOA_ROICE,3N000A,SELF_CARE,45.00,USD,N,MONTHLY,2024-01-01
78,NECOA_ROICE,32000A,SELF_CARE,32.00,USD,N,MONTHLY,2024-01-01
79,NECOA_ROICE,32N00A,SELF_CARE,32.00,USD,N,MONTHLY,2024-01-01
80,NECOA_ROICE,32200A,SELF_CARE,25.00,USD,N,MONTHLY,2024-01-01
81,NECOA_ROICE,34000A,SELF_CARE,25.00,USD,N,MONTHLY,2024-01-01
82,NECOA_ROICE,50000A,SELF_CARE,35.00,USD,N,MONTHLY,2024-01-01
83,NECOA_ROICE,5N000A,SELF_CARE,35.00,USD,N,MONTHLY,2024-01-01
84,NECOA_ROICE,52000A,SELF_CARE,23.00,USD,N,MONTHLY,2024-01-01
85,NECOA_ROICE,70000A,SELF_CARE,30.00,USD,N,MONTHLY,2024-01-01
86,NECOA_ROICE,N0000A,HOME_CARE,75.00,USD,N,MONTHLY,2024-01-01
87,NECOA_ROICE,N3000A,HOME_CARE,55.00,USD,N,MONTHLY,2024-01-01
88,NECOA_ROICE,N3N00A,HOME_CARE,55.00,USD,N,MONTHLY,2024-01-01
89,NECOA_ROICE,N3200A,HOME_CARE,42.00,USD,N,MONTHLY,2024-01-01
90,NECOA_ROICE,N32N0A,HOME_CARE,42.00,USD,N,MONTHLY,2024-01-01
91,NECOA_ROICE,N5000A,HOME_CARE,45.00,USD,N,MONTHLY,2024-01-01
92,NECOA_ROICE,N5N00A,HOME_CARE,45.00,USD,N,MONTHLY,2024-01-01
93,NECOA_ROICE,30000A,HOME_CARE,55.00,USD,N,MONTHLY,2024-01-01
94,NECOA_ROICE,3N000A,HOME_CARE,55.00,USD,N,MONTHLY,2024-01-01
95,NECOA_ROICE,32000A,HOME_CARE,42.00,USD,N,MONTHLY,2024-01-01
96,NECOA_ROICE,32N00A,HOME_CARE,42.00,USD,N,MONTHLY,2024-01-01
97,NECOA_ROICE,32200A,HOME_CARE,35.00,USD,N,MONTHLY,2024-01-01
98,NECOA_ROICE,34000A,HOME_CARE,35.00,USD,N,MONTHLY,2024-01-01
99,NECOA_ROICE,50000A,HOME_CARE,45.00,USD,N,MONTHLY,2024-01-01
100,NECOA_ROICE,5N000A,HOME_CARE,45.00,USD,N,MONTHLY,2024-01-01
101,NECOA_ROICE,52000A,HOME_CARE,33.00,USD,N,MONTHLY,2024-01-01
102,NECOA_ROICE,70000A,HOME_CARE,40.00,USD,N,MONTHLY,2024-01-01
103,NECOA_ROBI_HP,N0000A,SELF_CARE,64.00,USD,N,MONTHLY,2024-01-01
104,NECOA_ROBI_HP,N3000A,SELF_CARE,44.00,USD,N,MONTHLY,2024-01-01
105,NECOA_ROBI_HP,N3N00A,SELF_CARE,31.00,USD,N,MONTHLY,2024-01-01
106,NECOA_ROBI_HP,N3200A,SELF_CARE,31.00,USD,N,MONTHLY,2024-01-01
107,NECOA_ROBI_HP,N32N0A,SELF_CARE,31.00,USD,N,MONTHLY,2024-01-01
108,NECOA_ROBI_HP,N5000A,SELF_CARE,35.00,USD,N,MONTHLY,2024-01-01
109,NECOA_ROBI_HP,N5N00A,SELF_CARE,35.00,USD,N,MONTHLY,2024-01-01
110,NECOA_ROBI_HP,30000A,SELF_CARE,44.00,USD,N,MONTHLY,2024-01-01
111,NECOA_ROBI_HP,3N000A,SELF_CARE,31.00,USD,N,MONTHLY,2024-01-01
112,NECOA_ROBI_HP,32000A,SELF_CARE,31.00,USD,N,MONTHLY,2024-01-01
113,NECOA_ROBI_HP,32N00A,SELF_CARE,31.00,USD,N,MONTHLY,2024-01-01
114,NECOA_ROBI_HP,32200A,SELF_CARE,25.00,USD,N,MONTHLY,2024-01-01
115,NECOA_ROBI_HP,34000A,SELF_CARE,25.00,USD,N,MONTHLY,2024-01-01
116,NECOA_ROBI_HP,50000A,SELF_CARE,35.00,USD,N,MONTHLY,2024-01-01
117,NECOA_ROBI_HP,5N000A,SELF_CARE,35.00,USD,N,MONTHLY,2024-01-01
118,NECOA_ROBI_HP,52000A,SELF_CARE,23.00,USD,N,MONTHLY,2024-01-01
119,NECOA_ROBI_HP,70000A,SELF_CARE,30.00,USD,N,MONTHLY,2024-01-01
120,NECOA_ROBI_HP,N0000A,HOME_CARE,74.00,USD,N,MONTHLY,2024-01-01
121,NECOA_ROBI_HP,N3000A,HOME_CARE,54.00,USD,N,MONTHLY,2024-01-01
122,NECOA_ROBI_HP,N3N00A,HOME_CARE,41.00,USD,N,MONTHLY,2024-01-01
123,NECOA_ROBI_HP,N3200A,HOME_CARE,41.00,USD,N,MONTHLY,2024-01-01
124,NECOA_ROBI_HP,N32N0A,HOME_CARE,41.00,USD,N,MONTHLY,2024-01-01
125,NECOA_ROBI_HP,N5000A,HOME_CARE,45.00,USD,N,MONTHLY,2024-01-01
126,NECOA_ROBI_HP,N5N00A,HOME_CARE,45.00,USD,N,MONTHLY,2024-01-01
127,NECOA_ROBI_HP,30000A,HOME_CARE,54.00,USD,N,MONTHLY,2024-01-01
128,NECOA_ROBI_HP,3N000A,HOME_CARE,41.00,USD,N,MONTHLY,2024-01-01
129,NECOA_ROBI_HP,32000A,HOME_CARE,41.00,USD,N,MONTHLY,2024-01-01
130,NECOA_ROBI_HP,32N00A,HOME_CARE,41.00,USD,N,MONTHLY,2024-01-01
131,NECOA_ROBI_HP,32200A,HOME_CARE,35.00,USD,N,MONTHLY,2024-01-01
132,NECOA_ROBI_HP,34000A,HOME_CARE,35.00,USD,N,MONTHLY,2024-01-01
133,NECOA_ROBI_HP,50000A,HOME_CARE,45.00,USD,N,MONTHLY,2024-01-01
134,NECOA_ROBI_HP,5N000A,HOME_CARE,45.00,USD,N,MONTHLY,2024-01-01
135,NECOA_ROBI_HP,52000A,HOME_CARE,33.00,USD,N,MONTHLY,2024-01-01
136,NECOA_ROBI_HP,70000A,HOME_CARE,40.00,USD,N,MONTHLY,2024-01-01
137,NECOA_ROBI,N0000A,SELF_CARE,79.00,USD,N,MONTHLY,2024-01-01
138,NECOA_ROBI,N3000A,SELF_CARE,55.00,USD,N,MONTHLY,2024-01-01
139,NECOA_ROBI,N3N00A,SELF_CARE,55.00,USD,N,MONTHLY,2024-01-01
140,NECOA_ROBI,N3200A,SELF_CARE,39.00,USD,N,MONTHLY,2024-01-01
141,NECOA_ROBI,N32N0A,SELF_CARE,39.00,USD,N,MONTHLY,2024-01-01
142,NECOA_ROBI,N5000A,SELF_CARE,43.00,USD,N,MONTHLY,2024-01-01
143,NECOA_ROBI,N5N00A,SELF_CARE,43.00,USD,N,MONTHLY,2024-01-01
144,NECOA_ROBI,30000A,SELF_CARE,55.00,USD,N,MONTHLY,2024-01-01
145,NECOA_ROBI,3N000A,SELF_CARE,55.00,USD,N,MONTHLY,2024-01-01
146,NECOA_ROBI,32000A,SELF_CARE,39.00,USD,N,MONTHLY,2024-01-01
147,NECOA_ROBI,32N00A,SELF_CARE,39.00,USD,N,MONTHLY,2024-01-01
148,NECOA_ROBI,32200A,SELF_CARE,31.00,USD,N,MONTHLY,2024-01-01
149,NECOA_ROBI,34000A,SELF_CARE,31.00,USD,N,MONTHLY,2024-01-01
150,NECOA_ROBI,50000A,SELF_CARE,43.00,USD,N,MONTHLY,2024-01-01
151,NECOA_ROBI,5N000A,SELF_CARE,43.00,USD,N,MONTHLY,2024-01-01
152,NECOA_ROBI,52000A,SELF_CARE,28.00,USD,N,MONTHLY,2024-01-01
153,NECOA_ROBI,70000A,SELF_CARE,37.00,USD,N,MONTHLY,2024-01-01
154,NECOA_ROBI,N0000A,HOME_CARE,89.00,USD,N,MONTHLY,2024-01-01
155,NECOA_ROBI,N3000A,HOME_CARE,65.00,USD,N,MONTHLY,2024-01-01
156,NECOA_ROBI,N3N00A,HOME_CARE,65.00,USD,N,MONTHLY,2024-01-01
157,NECOA_ROBI,N3200A,HOME_CARE,49.00,USD,N,MONTHLY,2024-01-01
158,NECOA_ROBI,N32N0A,HOME_CARE,49.00,USD,N,MONTHLY,2024-01-01
159,NECOA_ROBI,N5000A,HOME_CARE,53.00,USD,N,MONTHLY,2024-01-01
160,NECOA_ROBI,N5N00A,HOME_CARE,53.00,USD,N,MONTHLY,2024-01-01
161,NECOA_ROBI,30000A,HOME_CARE,65.00,USD,N,MONTHLY,2024-01-01
162,NECOA_ROBI,3N000A,HOME_CARE,65.00,USD,N,MONTHLY,2024-01-01
163,NECOA_ROBI,32000A,HOME_CARE,49.00,USD,N,MONTHLY,2024-01-01
164,NECOA_ROBI,32N00A,HOME_CARE,49.00,USD,N,MONTHLY,2024-01-01
165,NECOA_ROBI,32200A,HOME_CARE,41.00,USD,N,MONTHLY,2024-01-01
166,NECOA_ROBI,34000A,HOME_CARE,41.00,USD,N,MONTHLY,2024-01-01
167,NECOA_ROBI,50000A,HOME_CARE,53.00,USD,N,MONTHLY,2024-01-01
168,NECOA_ROBI,5N000A,HOME_CARE,53.00,USD,N,MONTHLY,2024-01-01
169,NECOA_ROBI,52000A,HOME_CARE,38.00,USD,N,MONTHLY,2024-01-01
170,NECOA_ROBI,70000A,HOME_CARE,47.00,USD,N,MONTHLY,2024-01-01
171,NECOA_NTBI,N0000A,SELF_CARE,71.00,USD,N,MONTHLY,2024-01-01
172,NECOA_NTBI,N3000A,SELF_CARE,49.00,USD,N,MONTHLY,2024-01-01
173,NECOA_NTBI,N3N00A,SELF_CARE,49.00,USD,N,MONTHLY,2024-01-01
174,NECOA_NTBI,N3200A,SELF_CARE,35.00,USD,N,MONTHLY,2024-01-01
175,NECOA_NTBI,N32N0A,SELF_CARE,35.00,USD,N,MONTHLY,2024-01-01
176,NECOA_NTBI,N5000A,SELF_CARE,39.00,USD,N,MONTHLY,2024-01-01
177,NECOA_NTBI,N5N00A,SELF_CARE,39.00,USD,N,MONTHLY,2024-01-01
178,NECOA_NTBI,30000A,SELF_CARE,49.00,USD,N,MONTHLY,2024-01-01
179,NECOA_NTBI,3N000A,SELF_CARE,49.00,USD,N,MONTHLY,2024-01-01
180,NECOA_NTBI,32000A,SELF_CARE,35.00,USD,N,MONTHLY,2024-01-01
181,NECOA_NTBI,32N00A,SELF_CARE,35.00,USD,N,MONTHLY,2024-01-01
182,NECOA_NTBI,32200A,SELF_CARE,27.00,USD,N,MONTHLY,2024-01-01
183,NECOA_NTBI,34000A,SELF_CARE,27.00,USD,N,MONTHLY,2024-01-01
184,NECOA_NTBI,50000A,SELF_CARE,39.00,USD,N,MONTHLY,2024-01-01
185,NECOA_NTBI,5N000A,SELF_CARE,39.00,USD,N,MONTHLY,2024-01-01
186,NECOA_NTBI,52000A,SELF_CARE,26.00,USD,N,MONTHLY,2024-01-01
187,NECOA_NTBI,70000A,SELF_CARE,33.00,USD,N,MONTHLY,2024-01-01
188,NECOA_NTBI,N0000A,HOME_CARE,81.00,USD,N,MONTHLY,2024-01-01
189,NECOA_NTBI,N3000A,HOME_CARE,59.00,USD,N,MONTHLY,2024-01-01
190,NECOA_NTBI,N3N00A,HOME_CARE,59.00,USD,N,MONTHLY,2024-01-01
191,NECOA_NTBI,N3200A,HOME_CARE,45.00,USD,N,MONTHLY,2024-01-01
192,NECOA_NTBI,N32N0A,HOME_CARE,45.00,USD,N,MONTHLY,2024-01-01
193,NECOA_NTBI,N5000A,HOME_CARE,49.00,USD,N,MONTHLY,2024-01-01
194,NECOA_NTBI,N5N00A,HOME_CARE,49.00,USD,N,MONTHLY,2024-01-01
195,NECOA_NTBI,30000A,HOME_CARE,59.00,USD,N,MONTHLY,2024-01-01
196,NECOA_NTBI,3N000A,HOME_CARE,59.00,USD,N,MONTHLY,2024-01-01
197,NECOA_NTBI,32000A,HOME_CARE,45.00,USD,N,MONTHLY,2024-01-01
198,NECOA_NTBI,32N00A,HOME_CARE,45.00,USD,N,MONTHLY,2024-01-01
199,NECOA_NTBI,32200A,HOME_CARE,37.00,USD,N,MONTHLY,2024-01-01
200,NECOA_NTBI,34000A,HOME_CARE,37.00,USD,N,MONTHLY,2024-01-01
201,NECOA_NTBI,50000A,HOME_CARE,49.00,USD,N,MONTHLY,2024-01-01
202,NECOA_NTBI,5N000A,HOME_CARE,49.00,USD,N,MONTHLY,2024-01-01
203,NECOA_NTBI,52000A,HOME_CARE,36.00,USD,N,MONTHLY,2024-01-01
204,NECOA_NTBI,70000A,HOME_CARE,43.00,USD,N,MONTHLY,2024-01-01
205,NECOA_ROCT,N0000A,SELF_CARE,70.00,USD,N,MONTHLY,2023-10-01
206,NECOA_ROCT,N3000A,SELF_CARE,50.00,USD,N,MONTHLY,2023-10-01
207,NECOA_ROCT,N3N00A,SELF_CARE,50.00,USD,N,MONTHLY,2023-10-01
208,NECOA_ROCT,N3200A,SELF_CARE,37.00,USD,N,MONTHLY,2023-10-01
209,NECOA_ROCT,N32N0A,SELF_CARE,37.00,USD,N,MONTHLY,2023-10-01
210,NECOA_ROCT,N5000A,SELF_CARE,40.00,USD,N,MONTHLY,2023-10-01
211,NECOA_ROCT,N5N00A,SELF_CARE,40.00,USD,N,MONTHLY,2023-10-01
212,NECOA_ROCT,30000A,SELF_CARE,50.00,USD,N,MONTHLY,2023-10-01
213,NECOA_ROCT,3N000A,SELF_CARE,50.00,USD,N,MONTHLY,2023-10-01
214,NECOA_ROCT,32000A,SELF_CARE,37.00,USD,N,MONTHLY,2023-10-01
215,NECOA_ROCT,32N00A,SELF_CARE,37.00,USD,N,MONTHLY,2023-10-01
216,NECOA_ROCT,32200A,SELF_CARE,30.00,USD,N,MONTHLY,2023-10-01
217,NECOA_ROCT,34000A,SELF_CARE,30.00,USD,N,MONTHLY,2023-10-01
218,NECOA_ROCT,50000A,SELF_CARE,40.00,USD,N,MONTHLY,2023-10-01
219,NECOA_ROCT,5N000A,SELF_CARE,40.00,USD,N,MONTHLY,2023-10-01
220,NECOA_ROCT,52000A,SELF_CARE,28.00,USD,N,MONTHLY,2023-10-01
221,NECOA_ROCT,70000A,SELF_CARE,35.00,USD,N,MONTHLY,2023-10-01
222,NECOA_ROCT,N0000A,HOME_CARE,80.00,USD,N,MONTHLY,2023-10-01
223,NECOA_ROCT,N3000A,HOME_CARE,60.00,USD,N,MONTHLY,2023-10-01
224,NECOA_ROCT,N3N00A,HOME_CARE,60.00,USD,N,MONTHLY,2023-10-01
225,NECOA_ROCT,N3200A,HOME_CARE,47.00,USD,N,MONTHLY,2023-10-01
226,NECOA_ROCT,N32N0A,HOME_CARE,47.00,USD,N,MONTHLY,2023-10-01
227,NECOA_ROCT,N5000A,HOME_CARE,50.00,USD,N,MONTHLY,2023-10-01
228,NECOA_ROCT,N5N00A,HOME_CARE,50.00,USD,N,MONTHLY,2023-10-01
229,NECOA_ROCT,30000A,HOME_CARE,60.00,USD,N,MONTHLY,2023-10-01
230,NECOA_ROCT,3N000A,HOME_CARE,60.00,USD,N,MONTHLY,2023-10-01
231,NECOA_ROCT,32000A,HOME_CARE,47.00,USD,N,MONTHLY,2023-10-01
232,NECOA_ROCT,32N00A,HOME_CARE,47.00,USD,N,MONTHLY,2023-10-01
233,NECOA_ROCT,32200A,HOME_CARE,40.00,USD,N,MONTHLY,2023-10-01
234,NECOA_ROCT,34000A,HOME_CARE,40.00,USD,N,MONTHLY,2023-10-01
235,NECOA_ROCT,50000A,HOME_CARE,50.00,USD,N,MONTHLY,2023-10-01
236,NECOA_ROCT,5N000A,HOME_CARE,50.00,USD,N,MONTHLY,2023-10-01
237,NECOA_ROCT,52000A,HOME_CARE,38.00,USD,N,MONTHLY,2023-10-01
238,NECOA_ROCT,70000A,HOME_CARE,45.00,USD,N,MONTHLY,2023-10-01
239,NECOA_NTCT,N0000A,SELF_CARE,98.00,USD,N,MONTHLY,2023-10-01
240,NECOA_NTCT,N3000A,SELF_CARE,70.00,USD,N,MONTHLY,2023-10-01
241,NECOA_NTCT,N3N00A,SELF_CARE,70.00,USD,N,MONTHLY,2023-10-01
242,NECOA_NTCT,N3200A,SELF_CARE,51.00,USD,N,MONTHLY,2023-10-01
243,NECOA_NTCT,N32N0A,SELF_CARE,51.00,USD,N,MONTHLY,2023-10-01
244,NECOA_NTCT,N5000A,SELF_CARE,41.00,USD,N,MONTHLY,2023-10-01
245,NECOA_NTCT,N5N00A,SELF_CARE,55.00,USD,N,MONTHLY,2023-10-01
246,NECOA_NTCT,30000A,SELF_CARE,70.00,USD,N,MONTHLY,2023-10-01
247,NECOA_NTCT,3N000A,SELF_CARE,70.00,USD,N,MONTHLY,2023-10-01
248,NECOA_NTCT,32000A,SELF_CARE,51.00,USD,N,MONTHLY,2023-10-01
249,NECOA_NTCT,32N00A,SELF_CARE,51.00,USD,N,MONTHLY,2023-10-01
250,NECOA_NTCT,32200A,SELF_CARE,41.00,USD,N,MONTHLY,2023-10-01
251,NECOA_NTCT,34000A,SELF_CARE,41.00,USD,N,MONTHLY,2023-10-01
252,NECOA_NTCT,50000A,SELF_CARE,41.00,USD,N,MONTHLY,2023-10-01
253,NECOA_NTCT,5N000A,SELF_CARE,55.00,USD,N,MONTHLY,2023-10-01
254,NECOA_NTCT,52000A,SELF_CARE,38.00,USD,N,MONTHLY,2023-10-01
255,NECOA_NTCT,70000A,SELF_CARE,48.00,USD,N,MONTHLY,2023-10-01
256,NECOA_NTCT,N0000A,HOME_CARE,108.00,USD,N,MONTHLY,2023-10-01
257,NECOA_NTCT,N3000A,HOME_CARE,80.00,USD,N,MONTHLY,2023-10-01
258,NECOA_NTCT,N3N00A,HOME_CARE,80.00,USD,N,MONTHLY,2023-10-01
259,NECOA_NTCT,N3200A,HOME_CARE,61.00,USD,N,MONTHLY,2023-10-01
260,NECOA_NTCT,N32N0A,HOME_CARE,61.00,USD,N,MONTHLY,2023-10-01
261,NECOA_NTCT,N5000A,HOME_CARE,51.00,USD,N,MONTHLY,2023-10-01
262,NECOA_NTCT,N5N00A,HOME_CARE,65.00,USD,N,MONTHLY,2023-10-01
263,NECOA_NTCT,30000A,HOME_CARE,80.00,USD,N,MONTHLY,2023-10-01
264,NECOA_NTCT,3N000A,HOME_CARE,80.00,USD,N,MONTHLY,2023-10-01
265,NECOA_NTCT,32000A,HOME_CARE,61.00,USD,N,MONTHLY,2023-10-01
266,NECOA_NTCT,32N00A,HOME_CARE,61.00,USD,N,MONTHLY,2023-10-01
267,NECOA_NTCT,32200A,HOME_CARE,51.00,USD,N,MONTHLY,2023-10-01
268,NECOA_NTCT,34000A,HOME_CARE,51.00,USD,N,MONTHLY,2023-10-01
269,NECOA_NTCT,50000A,HOME_CARE,51.00,USD,N,MONTHLY,2023-10-01
270,NECOA_NTCT,5N000A,HOME_CARE,65.00,USD,N,MONTHLY,2023-10-01
271,NECOA_NTCT,52000A,HOME_CARE,48.00,USD,N,MONTHLY,2023-10-01
272,NECOA_NTCT,70000A,HOME_CARE,58.00,USD,N,MONTHLY,2023-10-01
273,NECOA_ROICE,N0000A,SELF_CARE,70.00,USD,N,MONTHLY,2023-10-01
274,NECOA_ROICE,N3000A,SELF_CARE,50.00,USD,N,MONTHLY,2023-10-01
275,NECOA_ROICE,N3N00A,SELF_CARE,50.00,USD,N,MONTHLY,2023-10-01
276,NECOA_ROICE,N3200A,SELF_CARE,37.00,USD,N,MONTHLY,2023-10-01
277,NECOA_ROICE,N32N0A,SELF_CARE,37.00,USD,N,MONTHLY,2023-10-01
278,NECOA_ROICE,N5000A,SELF_CARE,40.00,USD,N,MONTHLY,2023-10-01
279,NECOA_ROICE,N5N00A,SELF_CARE,40.00,USD,N,MONTHLY,2023-10-01
280,NECOA_ROICE,30000A,SELF_CARE,50.00,USD,N,MONTHLY,2023-10-01
281,NECOA_ROICE,3N000A,SELF_CARE,50.00,USD,N,MONTHLY,2023-10-01
282,NECOA_ROICE,32000A,SELF_CARE,37.00,USD,N,MONTHLY,2023-10-01
283,NECOA_ROICE,32N00A,SELF_CARE,37.00,USD,N,MONTHLY,2023-10-01
284,NECOA_ROICE,32200A,SELF_CARE,30.00,USD,N,MONTHLY,2023-10-01
285,NECOA_ROICE,34000A,SELF_CARE,30.00,USD,N,MONTHLY,2023-10-01
286,NECOA_ROICE,50000A,SELF_CARE,40.00,USD,N,MONTHLY,2023-10-01
287,NECOA_ROICE,5N000A,SELF_CARE,40.00,USD,N,MONTHLY,2023-10-01
288,NECOA_ROICE,52000A,SELF_CARE,28.00,USD,N,MONTHLY,2023-10-01
289,NECOA_ROICE,70000A,SELF_CARE,35.00,USD,N,MONTHLY,2023-10-01
290,NECOA_ROICE,N0000A,HOME_CARE,80.00,USD,N,MONTHLY,2023-10-01
291,NECOA_ROICE,N3000A,HOME_CARE,60.00,USD,N,MONTHLY,2023-10-01
292,NECOA_ROICE,N3N00A,HOME_CARE,60.00,USD,N,MONTHLY,2023-10-01
293,NECOA_ROICE,N3200A,HOME_CARE,47.00,USD,N,MONTHLY,2023-10-01
294,NECOA_ROICE,N32N0A,HOME_CARE,47.00,USD,N,MONTHLY,2023-10-01
295,NECOA_ROICE,N5000A,HOME_CARE,50.00,USD,N,MONTHLY,2023-10-01
296,NECOA_ROICE,N5N00A,HOME_CARE,50.00,USD,N,MONTHLY,2023-10-01
297,NECOA_ROICE,30000A,HOME_CARE,60.00,USD,N,MONTHLY,2023-10-01
298,NECOA_ROICE,3N000A,HOME_CARE,60.00,USD,N,MONTHLY,2023-10-01
299,NECOA_ROICE,32000A,HOME_CARE,47.00,USD,N,MONTHLY,2023-10-01
300,NECOA_ROICE,32N00A,HOME_CARE,47.00,USD,N,MONTHLY,2023-10-01
301,NECOA_ROICE,32200A,HOME_CARE,40.00,USD,N,MONTHLY,2023-10-01
302,NECOA_ROICE,34000A,HOME_CARE,40.00,USD,N,MONTHLY,2023-10-01
303,NECOA_ROICE,50000A,HOME_CARE,50.00,USD,N,MONTHLY,2023-10-01
304,NECOA_ROICE,5N000A,HOME_CARE,50.00,USD,N,MONTHLY,2023-10-01
305,NECOA_ROICE,52000A,HOME_CARE,38.00,USD,N,MONTHLY,2023-10-01
306,NECOA_ROICE,70000A,HOME_CARE,45.00,USD,N,MONTHLY,2023-10-01
307,NECOA_ROBI_HP,N0000A,SELF_CARE,69.00,USD,N,MONTHLY,2023-10-01
308,NECOA_ROBI_HP,N3000A,SELF_CARE,49.00,USD,N,MONTHLY,2023-10-01
309,NECOA_ROBI_HP,N3N00A,SELF_CARE,36.00,USD,N,MONTHLY,2023-10-01
310,NECOA_ROBI_HP,N3200A,SELF_CARE,36.00,USD,N,MONTHLY,2023-10-01
311,NECOA_ROBI_HP,N32N0A,SELF_CARE,36.00,USD,N,MONTHLY,2023-10-01
312,NECOA_ROBI_HP,N5000A,SELF_CARE,40.00,USD,N,MONTHLY,2023-10-01
313,NECOA_ROBI_HP,N5N00A,SELF_CARE,40.00,USD,N,MONTHLY,2023-10-01
314,NECOA_ROBI_HP,30000A,SELF_CARE,49.00,USD,N,MONTHLY,2023-10-01
315,NECOA_ROBI_HP,3N000A,SELF_CARE,36.00,USD,N,MONTHLY,2023-10-01
316,NECOA_ROBI_HP,32000A,SELF_CARE,36.00,USD,N,MONTHLY,2023-10-01
317,NECOA_ROBI_HP,32N00A,SELF_CARE,36.00,USD,N,MONTHLY,2023-10-01
318,NECOA_ROBI_HP,32200A,SELF_CARE,30.00,USD,N,MONTHLY,2023-10-01
319,NECOA_ROBI_HP,34000A,SELF_CARE,30.00,USD,N,MONTHLY,2023-10-01
320,NECOA_ROBI_HP,50000A,SELF_CARE,40.00,USD,N,MONTHLY,2023-10-01
321,NECOA_ROBI_HP,5N000A,SELF_CARE,40.00,USD,N,MONTHLY,2023-10-01
322,NECOA_ROBI_HP,52000A,SELF_CARE,28.00,USD,N,MONTHLY,2023-10-01
323,NECOA_ROBI_HP,70000A,SELF_CARE,35.00,USD,N,MONTHLY,2023-10-01
324,NECOA_ROBI_HP,N0000A,HOME_CARE,79.00,USD,N,MONTHLY,2023-10-01
325,NECOA_ROBI_HP,N3000A,HOME_CARE,59.00,USD,N,MONTHLY,2023-10-01
326,NECOA_ROBI_HP,N3N00A,HOME_CARE,46.00,USD,N,MONTHLY,2023-10-01
327,NECOA_ROBI_HP,N3200A,HOME_CARE,46.00,USD,N,MONTHLY,2023-10-01
328,NECOA_ROBI_HP,N32N0A,HOME_CARE,46.00,USD,N,MONTHLY,2023-10-01
329,NECOA_ROBI_HP,N5000A,HOME_CARE,50.00,USD,N,MONTHLY,2023-10-01
330,NECOA_ROBI_HP,N5N00A,HOME_CARE,50.00,USD,N,MONTHLY,2023-10-01
331,NECOA_ROBI_HP,30000A,HOME_CARE,59.00,USD,N,MONTHLY,2023-10-01
332,NECOA_ROBI_HP,3N000A,HOME_CARE,46.00,USD,N,MONTHLY,2023-10-01
333,NECOA_ROBI_HP,32000A,HOME_CARE,46.00,USD,N,MONTHLY,2023-10-01
334,NECOA_ROBI_HP,32N00A,HOME_CARE,46.00,USD,N,MONTHLY,2023-10-01
335,NECOA_ROBI_HP,32200A,HOME_CARE,40.00,USD,N,MONTHLY,2023-10-01
336,NECOA_ROBI_HP,34000A,HOME_CARE,40.00,USD,N,MONTHLY,2023-10-01
337,NECOA_ROBI_HP,50000A,HOME_CARE,50.00,USD,N,MONTHLY,2023-10-01
338,NECOA_ROBI_HP,5N000A,HOME_CARE,50.00,USD,N,MONTHLY,2023-10-01
339,NECOA_ROBI_HP,52000A,HOME_CARE,38.00,USD,N,MONTHLY,2023-10-01
340,NECOA_ROBI_HP,70000A,HOME_CARE,45.00,USD,N,MONTHLY,2023-10-01
341,NECOA_ROBI,N0000A,SELF_CARE,84.00,USD,N,MONTHLY,2023-10-01
342,NECOA_ROBI,N3000A,SELF_CARE,60.00,USD,N,MONTHLY,2023-10-01
343,NECOA_ROBI,N3N00A,SELF_CARE,60.00,USD,N,MONTHLY,2023-10-01
344,NECOA_ROBI,N3200A,SELF_CARE,44.00,USD,N,MONTHLY,2023-10-01
345,NECOA_ROBI,N32N0A,SELF_CARE,44.00,USD,N,MONTHLY,2023-10-01
346,NECOA_ROBI,N5000A,SELF_CARE,48.00,USD,N,MONTHLY,2023-10-01
347,NECOA_ROBI,N5N00A,SELF_CARE,48.00,USD,N,MONTHLY,2023-10-01
348,NECOA_ROBI,30000A,SELF_CARE,60.00,USD,N,MONTHLY,2023-10-01
349,NECOA_ROBI,3N000A,SELF_CARE,60.00,USD,N,MONTHLY,2023-10-01
350,NECOA_ROBI,32000A,SELF_CARE,44.00,USD,N,MONTHLY,2023-10-01
351,NECOA_ROBI,32N00A,SELF_CARE,44.00,USD,N,MONTHLY,2023-10-01
352,NECOA_ROBI,32200A,SELF_CARE,36.00,USD,N,MONTHLY,2023-10-01
353,NECOA_ROBI,34000A,SELF_CARE,36.00,USD,N,MONTHLY,2023-10-01
354,NECOA_ROBI,50000A,SELF_CARE,48.00,USD,N,MONTHLY,2023-10-01
355,NECOA_ROBI,5N000A,SELF_CARE,48.00,USD,N,MONTHLY,2023-10-01
356,NECOA_ROBI,52000A,SELF_CARE,33.00,USD,N,MONTHLY,2023-10-01
357,NECOA_ROBI,70000A,SELF_CARE,42.00,USD,N,MONTHLY,2023-10-01
358,NECOA_ROBI,N0000A,HOME_CARE,94.00,USD,N,MONTHLY,2023-10-01
359,NECOA_ROBI,N3000A,HOME_CARE,70.00,USD,N,MONTHLY,2023-10-01
360,NECOA_ROBI,N3N00A,HOME_CARE,70.00,USD,N,MONTHLY,2023-10-01
361,NECOA_ROBI,N3200A,HOME_CARE,54.00,USD,N,MONTHLY,2023-10-01
362,NECOA_ROBI,N32N0A,HOME_CARE,54.00,USD,N,MONTHLY,2023-10-01
363,NECOA_ROBI,N5000A,HOME_CARE,58.00,USD,N,MONTHLY,2023-10-01
364,NECOA_ROBI,N5N00A,HOME_CARE,58.00,USD,N,MONTHLY,2023-10-01
365,NECOA_ROBI,30000A,HOME_CARE,70.00,USD,N,MONTHLY,2023-10-01
366,NECOA_ROBI,3N000A,HOME_CARE,70.00,USD,N,MONTHLY,2023-10-01
367,NECOA_ROBI,32000A,HOME_CARE,54.00,USD,N,MONTHLY,2023-10-01
368,NECOA_ROBI,32N00A,HOME_CARE,54.00,USD,N,MONTHLY,2023-10-01
369,NECOA_ROBI,32200A,HOME_CARE,46.00,USD,N,MONTHLY,2023-10-01
370,NECOA_ROBI,34000A,HOME_CARE,46.00,USD,N,MONTHLY,2023-10-01
371,NECOA_ROBI,50000A,HOME_CARE,58.00,USD,N,MONTHLY,2023-10-01
372,NECOA_ROBI,5N000A,HOME_CARE,58.00,USD,N,MONTHLY,2023-10-01
373,NECOA_ROBI,52000A,HOME_CARE,43.00,USD,N,MONTHLY,2023-10-01
374,NECOA_ROBI,70000A,HOME_CARE,52.00,USD,N,MONTHLY,2023-10-01
375,NECOA_NTBI,N0000A,SELF_CARE,76.00,USD,N,MONTHLY,2023-10-01
376,NECOA_NTBI,N3000A,SELF_CARE,54.00,USD,N,MONTHLY,2023-10-01
377,NECOA_NTBI,N3N00A,SELF_CARE,54.00,USD,N,MONTHLY,2023-10-01
378,NECOA_NTBI,N3200A,SELF_CARE,40.00,USD,N,MONTHLY,2023-10-01
379,NECOA_NTBI,N32N0A,SELF_CARE,40.00,USD,N,MONTHLY,2023-10-01
380,NECOA_NTBI,N5000A,SELF_CARE,44.00,USD,N,MONTHLY,2023-10-01
381,NECOA_NTBI,N5N00A,SELF_CARE,44.00,USD,N,MONTHLY,2023-10-01
382,NECOA_NTBI,30000A,SELF_CARE,54.00,USD,N,MONTHLY,2023-10-01
383,NECOA_NTBI,3N000A,SELF_CARE,54.00,USD,N,MONTHLY,2023-10-01
384,NECOA_NTBI,32000A,SELF_CARE,40.00,USD,N,MONTHLY,2023-10-01
385,NECOA_NTBI,32N00A,SELF_CARE,40.00,USD,N,MONTHLY,2023-10-01
386,NECOA_NTBI,32200A,SELF_CARE,32.00,USD,N,MONTHLY,2023-10-01
387,NECOA_NTBI,34000A,SELF_CARE,32.00,USD,N,MONTHLY,2023-10-01
388,NECOA_NTBI,50000A,SELF_CARE,44.00,USD,N,MONTHLY,2023-10-01
389,NECOA_NTBI,5N000A,SELF_CARE,44.00,USD,N,MONTHLY,2023-10-01
390,NECOA_NTBI,52000A,SELF_CARE,31.00,USD,N,MONTHLY,2023-10-01
391,NECOA_NTBI,70000A,SELF_CARE,38.00,USD,N,MONTHLY,2023-10-01
392,NECOA_NTBI,N0000A,HOME_CARE,86.00,USD,N,MONTHLY,2023-10-01
393,NECOA_NTBI,N3000A,HOME_CARE,64.00,USD,N,MONTHLY,2023-10-01
394,NECOA_NTBI,N3N00A,HOME_CARE,64.00,USD,N,MONTHLY,2023-10-01
395,NECOA_NTBI,N3200A,HOME_CARE,50.00,USD,N,MONTHLY,2023-10-01
396,NECOA_NTBI,N32N0A,HOME_CARE,50.00,USD,N,MONTHLY,2023-10-01
397,NECOA_NTBI,N5000A,HOME_CARE,54.00,USD,N,MONTHLY,2023-10-01
398,NECOA_NTBI,N5N00A,HOME_CARE,54.00,USD,N,MONTHLY,2023-10-01
399,NECOA_NTBI,30000A,HOME_CARE,64.00,USD,N,MONTHLY,2023-10-01
400,NECOA_NTBI,3N000A,HOME_CARE,64.00,USD,N,MONTHLY,2023-10-01
401,NECOA_NTBI,32000A,HOME_CARE,50.00,USD,N,MONTHLY,2023-10-01
402,NECOA_NTBI,32N00A,HOME_CARE,50.00,USD,N,MONTHLY,2023-10-01
403,NECOA_NTBI,32200A,HOME_CARE,42.00,USD,N,MONTHLY,2023-10-01
404,NECOA_NTBI,34000A,HOME_CARE,42.00,USD,N,MONTHLY,2023-10-01
405,NECOA_NTBI,50000A,HOME_CARE,54.00,USD,N,MONTHLY,2023-10-01
406,NECOA_NTBI,5N000A,HOME_CARE,54.00,USD,N,MONTHLY,2023-10-01
407,NECOA_NTBI,52000A,HOME_CARE,41.00,USD,N,MONTHLY,2023-10-01
408,NECOA_NTBI,70000A,HOME_CARE,48.00,USD,N,MONTHLY,2023-10-01
409,NECOA_ROCT,N0000A,SELF_CARE,75.00,USD,N,MONTHLY,2025-01-01
410,NECOA_ROCT,N3000A,SELF_CARE,55.00,USD,N,MONTHLY,2025-01-01
411,NECOA_ROCT,N3N00A,SELF_CARE,55.00,USD,N,MONTHLY,2025-01-01
412,NECOA_ROCT,N3200A,SELF_CARE,42.00,USD,N,MONTHLY,2025-01-01
413,NECOA_ROCT,N32N0A,SELF_CARE,42.00,USD,N,MONTHLY,2025-01-01
414,NECOA_ROCT,N5000A,SELF_CARE,45.00,USD,N,MONTHLY,2025-01-01
415,NECOA_ROCT,N5N00A,SELF_CARE,45.00,USD,N,MONTHLY,2025-01-01
416,NECOA_ROCT,30000A,SELF_CARE,55.00,USD,N,MONTHLY,2025-01-01
417,NECOA_ROCT,3N000A,SELF_CARE,55.00,USD,N,MONTHLY,2025-01-01
418,NECOA_ROCT,32000A,SELF_CARE,42.00,USD,N,MONTHLY,2025-01-01
419,NECOA_ROCT,32N00A,SELF_CARE,42.00,USD,N,MONTHLY,2025-01-01
420,NECOA_ROCT,32200A,SELF_CARE,35.00,USD,N,MONTHLY,2025-01-01
421,NECOA_ROCT,34000A,SELF_CARE,35.00,USD,N,MONTHLY,2025-01-01
422,NECOA_ROCT,50000A,SELF_CARE,45.00,USD,N,MONTHLY,2025-01-01
423,NECOA_ROCT,5N000A,SELF_CARE,45.00,USD,N,MONTHLY,2025-01-01
424,NECOA_ROCT,52000A,SELF_CARE,33.00,USD,N,MONTHLY,2025-01-01
425,NECOA_ROCT,70000A,SELF_CARE,40.00,USD,N,MONTHLY,2025-01-01
426,NECOA_ROCT,N0000A,HOME_CARE,85.00,USD,N,MONTHLY,2025-01-01
427,NECOA_ROCT,N3000A,HOME_CARE,65.00,USD,N,MONTHLY,2025-01-01
428,NECOA_ROCT,N3N00A,HOME_CARE,65.00,USD,N,MONTHLY,2025-01-01
429,NECOA_ROCT,N3200A,HOME_CARE,52.00,USD,N,MONTHLY,2025-01-01
430,NECOA_ROCT,N32N0A,HOME_CARE,52.00,USD,N,MONTHLY,2025-01-01
431,NECOA_ROCT,N5000A,HOME_CARE,55.00,USD,N,MONTHLY,2025-01-01
432,NECOA_ROCT,N5N00A,HOME_CARE,55.00,USD,N,MONTHLY,2025-01-01
433,NECOA_ROCT,30000A,HOME_CARE,65.00,USD,N,MONTHLY,2025-01-01
434,NECOA_ROCT,3N000A,HOME_CARE,65.00,USD,N,MONTHLY,2025-01-01
435,NECOA_ROCT,32000A,HOME_CARE,52.00,USD,N,MONTHLY,2025-01-01
436,NECOA_ROCT,32N00A,HOME_CARE,52.00,USD,N,MONTHLY,2025-01-01
437,NECOA_ROCT,32200A,HOME_CARE,45.00,USD,N,MONTHLY,2025-01-01
438,NECOA_ROCT,34000A,HOME_CARE,45.00,USD,N,MONTHLY,2025-01-01
439,NECOA_ROCT,50000A,HOME_CARE,55.00,USD,N,MONTHLY,2025-01-01
440,NECOA_ROCT,5N000A,HOME_CARE,55.00,USD,N,MONTHLY,2025-01-01
441,NECOA_ROCT,52000A,HOME_CARE,43.00,USD,N,MONTHLY,2025-01-01
442,NECOA_ROCT,70000A,HOME_CARE,50.00,USD,N,MONTHLY,2025-01-01
443,NECOA_NTCT,N0000A,SELF_CARE,103.00,USD,N,MONTHLY,2025-01-01
444,NECOA_NTCT,N3000A,SELF_CARE,75.00,USD,N,MONTHLY,2025-01-01
445,NECOA_NTCT,N3N00A,SELF_CARE,75.00,USD,N,MONTHLY,2025-01-01
446,NECOA_NTCT,N3200A,SELF_CARE,56.00,USD,N,MONTHLY,2025-01-01
447,NECOA_NTCT,N32N0A,SELF_CARE,56.00,USD,N,MONTHLY,2025-01-01
448,NECOA_NTCT,N5000A,SELF_CARE,46.00,USD,N,MONTHLY,2025-01-01
449,NECOA_NTCT,N5N00A,SELF_CARE,60.00,USD,N,MONTHLY,2025-01-01
450,NECOA_NTCT,30000A,SELF_CARE,75.00,USD,N,MONTHLY,2025-01-01
451,NECOA_NTCT,3N000A,SELF_CARE,75.00,USD,N,MONTHLY,2025-01-01
452,NECOA_NTCT,32000A,SELF_CARE,56.00,USD,N,MONTHLY,2025-01-01
453,NECOA_NTCT,32N00A,SELF_CARE,56.00,USD,N,MONTHLY,2025-01-01
454,NECOA_NTCT,32200A,SELF_CARE,46.00,USD,N,MONTHLY,2025-01-01
455,NECOA_NTCT,34000A,SELF_CARE,46.00,USD,N,MONTHLY,2025-01-01
456,NECOA_NTCT,50000A,SELF_CARE,46.00,USD,N,MONTHLY,2025-01-01
457,NECOA_NTCT,5N000A,SELF_CARE,60.00,USD,N,MONTHLY,2025-01-01
458,NECOA_NTCT,52000A,SELF_CARE,43.00,USD,N,MONTHLY,2025-01-01
459,NECOA_NTCT,70000A,SELF_CARE,53.00,USD,N,MONTHLY,2025-01-01
460,NECOA_NTCT,N0000A,HOME_CARE,113.00,USD,N,MONTHLY,2025-01-01
461,NECOA_NTCT,N3000A,HOME_CARE,85.00,USD,N,MONTHLY,2025-01-01
462,NECOA_NTCT,N3N00A,HOME_CARE,85.00,USD,N,MONTHLY,2025-01-01
463,NECOA_NTCT,N3200A,HOME_CARE,66.00,USD,N,MONTHLY,2025-01-01
464,NECOA_NTCT,N32N0A,HOME_CARE,66.00,USD,N,MONTHLY,2025-01-01
465,NECOA_NTCT,N5000A,HOME_CARE,56.00,USD,N,MONTHLY,2025-01-01
466,NECOA_NTCT,N5N00A,HOME_CARE,70.00,USD,N,MONTHLY,2025-01-01
467,NECOA_NTCT,30000A,HOME_CARE,85.00,USD,N,MONTHLY,2025-01-01
468,NECOA_NTCT,3N000A,HOME_CARE,85.00,USD,N,MONTHLY,2025-01-01
469,NECOA_NTCT,32000A,HOME_CARE,66.00,USD,N,MONTHLY,2025-01-01
470,NECOA_NTCT,32N00A,HOME_CARE,66.00,USD,N,MONTHLY,2025-01-01
471,NECOA_NTCT,32200A,HOME_CARE,56.00,USD,N,MONTHLY,2025-01-01
472,NECOA_NTCT,34000A,HOME_CARE,56.00,USD,N,MONTHLY,2025-01-01
473,NECOA_NTCT,50000A,HOME_CARE,56.00,USD,N,MONTHLY,2025-01-01
474,NECOA_NTCT,5N000A,HOME_CARE,70.00,USD,N,MONTHLY,2025-01-01
475,NECOA_NTCT,52000A,HOME_CARE,53.00,USD,N,MONTHLY,2025-01-01
476,NECOA_NTCT,70000A,HOME_CARE,63.00,USD,N,MONTHLY,2025-01-01
477,NECOA_ROICE,N0000A,SELF_CARE,75.00,USD,N,MONTHLY,2025-01-01
478,NECOA_ROICE,N3000A,SELF_CARE,55.00,USD,N,MONTHLY,2025-01-01
479,NECOA_ROICE,N3N00A,SELF_CARE,55.00,USD,N,MONTHLY,2025-01-01
480,NECOA_ROICE,N3200A,SELF_CARE,42.00,USD,N,MONTHLY,2025-01-01
481,NECOA_ROICE,N32N0A,SELF_CARE,42.00,USD,N,MONTHLY,2025-01-01
482,NECOA_ROICE,N5000A,SELF_CARE,45.00,USD,N,MONTHLY,2025-01-01
483,NECOA_ROICE,N5N00A,SELF_CARE,45.00,USD,N,MONTHLY,2025-01-01
484,NECOA_ROICE,30000A,SELF_CARE,55.00,USD,N,MONTHLY,2025-01-01
485,NECOA_ROICE,3N000A,SELF_CARE,55.00,USD,N,MONTHLY,2025-01-01
486,NECOA_ROICE,32000A,SELF_CARE,42.00,USD,N,MONTHLY,2025-01-01
487,NECOA_ROICE,32N00A,SELF_CARE,42.00,USD,N,MONTHLY,2025-01-01
488,NECOA_ROICE,32200A,SELF_CARE,35.00,USD,N,MONTHLY,2025-01-01
489,NECOA_ROICE,34000A,SELF_CARE,35.00,USD,N,MONTHLY,2025-01-01
490,NECOA_ROICE,50000A,SELF_CARE,45.00,USD,N,MONTHLY,2025-01-01
491,NECOA_ROICE,5N000A,SELF_CARE,45.00,USD,N,MONTHLY,2025-01-01
492,NECOA_ROICE,52000A,SELF_CARE,33.00,USD,N,MONTHLY,2025-01-01
493,NECOA_ROICE,70000A,SELF_CARE,40.00,USD,N,MONTHLY,2025-01-01
494,NECOA_ROICE,N0000A,HOME_CARE,85.00,USD,N,MONTHLY,2025-01-01
495,NECOA_ROICE,N3000A,HOME_CARE,65.00,USD,N,MONTHLY,2025-01-01
496,NECOA_ROICE,N3N00A,HOME_CARE,65.00,USD,N,MONTHLY,2025-01-01
497,NECOA_ROICE,N3200A,HOME_CARE,52.00,USD,N,MONTHLY,2025-01-01
498,NECOA_ROICE,N32N0A,HOME_CARE,52.00,USD,N,MONTHLY,2025-01-01
499,NECOA_ROICE,N5000A,HOME_CARE,55.00,USD,N,MONTHLY,2025-01-01
500,NECOA_ROICE,N5N00A,HOME_CARE,55.00,USD,N,MONTHLY,2025-01-01
501,NECOA_ROICE,30000A,HOME_CARE,65.00,USD,N,MONTHLY,2025-01-01
502,NECOA_ROICE,3N000A,HOME_CARE,65.00,USD,N,MONTHLY,2025-01-01
503,NECOA_ROICE,32000A,HOME_CARE,52.00,USD,N,MONTHLY,2025-01-01
504,NECOA_ROICE,32N00A,HOME_CARE,52.00,USD,N,MONTHLY,2025-01-01
505,NECOA_ROICE,32200A,HOME_CARE,45.00,USD,N,MONTHLY,2025-01-01
506,NECOA_ROICE,34000A,HOME_CARE,45.00,USD,N,MONTHLY,2025-01-01
507,NECOA_ROICE,50000A,HOME_CARE,55.00,USD,N,MONTHLY,2025-01-01
508,NECOA_ROICE,5N000A,HOME_CARE,55.00,USD,N,MONTHLY,2025-01-01
509,NECOA_ROICE,52000A,HOME_CARE,43.00,USD,N,MONTHLY,2025-01-01
510,NECOA_ROICE,70000A,HOME_CARE,50.00,USD,N,MONTHLY,2025-01-01
511,NECOA_ROBI_HP,N0000A,SELF_CARE,74.00,USD,N,MONTHLY,2025-01-01
512,NECOA_ROBI_HP,N3000A,SELF_CARE,54.00,USD,N,MONTHLY,2025-01-01
513,NECOA_ROBI_HP,N3N00A,SELF_CARE,41.00,USD,N,MONTHLY,2025-01-01
514,NECOA_ROBI_HP,N3200A,SELF_CARE,41.00,USD,N,MONTHLY,2025-01-01
515,NECOA_ROBI_HP,N32N0A,SELF_CARE,41.00,USD,N,MONTHLY,2025-01-01
516,NECOA_ROBI_HP,N5000A,SELF_CARE,45.00,USD,N,MONTHLY,2025-01-01
517,NECOA_ROBI_HP,N5N00A,SELF_CARE,45.00,USD,N,MONTHLY,2025-01-01
518,NECOA_ROBI_HP,30000A,SELF_CARE,54.00,USD,N,MONTHLY,2025-01-01
519,NECOA_ROBI_HP,3N000A,SELF_CARE,41.00,USD,N,MONTHLY,2025-01-01
520,NECOA_ROBI_HP,32000A,SELF_CARE,41.00,USD,N,MONTHLY,2025-01-01
521,NECOA_ROBI_HP,32N00A,SELF_CARE,41.00,USD,N,MONTHLY,2025-01-01
522,NECOA_ROBI_HP,32200A,SELF_CARE,35.00,USD,N,MONTHLY,2025-01-01
523,NECOA_ROBI_HP,34000A,SELF_CARE,35.00,USD,N,MONTHLY,2025-01-01
524,NECOA_ROBI_HP,50000A,SELF_CARE,45.00,USD,N,MONTHLY,2025-01-01
525,NECOA_ROBI_HP,5N000A,SELF_CARE,45.00,USD,N,MONTHLY,2025-01-01
526,NECOA_ROBI_HP,52000A,SELF_CARE,33.00,USD,N,MONTHLY,2025-01-01
527,NECOA_ROBI_HP,70000A,SELF_CARE,40.00,USD,N,MONTHLY,2025-01-01
528,NECOA_ROBI_HP,N0000A,HOME_CARE,84.00,USD,N,MONTHLY,2025-01-01
529,NECOA_ROBI_HP,N3000A,HOME_CARE,64.00,USD,N,MONTHLY,2025-01-01
530,NECOA_ROBI_HP,N3N00A,HOME_CARE,51.00,USD,N,MONTHLY,2025-01-01
531,NECOA_ROBI_HP,N3200A,HOME_CARE,51.00,USD,N,MONTHLY,2025-01-01
532,NECOA_ROBI_HP,N32N0A,HOME_CARE,51.00,USD,N,MONTHLY,2025-01-01
533,NECOA_ROBI_HP,N5000A,HOME_CARE,55.00,USD,N,MONTHLY,2025-01-01
534,NECOA_ROBI_HP,N5N00A,HOME_CARE,55.00,USD,N,MONTHLY,2025-01-01
535,NECOA_ROBI_HP,30000A,HOME_CARE,64.00,USD,N,MONTHLY,2025-01-01
536,NECOA_ROBI_HP,3N000A,HOME_CARE,51.00,USD,N,MONTHLY,2025-01-01
537,NECOA_ROBI_HP,32000A,HOME_CARE,51.00,USD,N,MONTHLY,2025-01-01
538,NECOA_ROBI_HP,32N00A,HOME_CARE,51.00,USD,N,MONTHLY,2025-01-01
539,NECOA_ROBI_HP,32200A,HOME_CARE,45.00,USD,N,MONTHLY,2025-01-01
540,NECOA_ROBI_HP,34000A,HOME_CARE,45.00,USD,N,MONTHLY,2025-01-01
541,NECOA_ROBI_HP,50000A,HOME_CARE,55.00,USD,N,MONTHLY,2025-01-01
542,NECOA_ROBI_HP,5N000A,HOME_CARE,55.00,USD,N,MONTHLY,2025-01-01
543,NECOA_ROBI_HP,52000A,HOME_CARE,43.00,USD,N,MONTHLY,2025-01-01
544,NECOA_ROBI_HP,70000A,HOME_CARE,50.00,USD,N,MONTHLY,2025-01-01
545,NECOA_ROBI,N0000A,SELF_CARE,89.00,USD,N,MONTHLY,2025-01-01
546,NECOA_ROBI,N3000A,SELF_CARE,65.00,USD,N,MONTHLY,2025-01-01
547,NECOA_ROBI,N3N00A,SELF_CARE,65.00,USD,N,MONTHLY,2025-01-01
548,NECOA_ROBI,N3200A,SELF_CARE,49.00,USD,N,MONTHLY,2025-01-01
549,NECOA_ROBI,N32N0A,SELF_CARE,49.00,USD,N,MONTHLY,2025-01-01
550,NECOA_ROBI,N5000A,SELF_CARE,53.00,USD,N,MONTHLY,2025-01-01
551,NECOA_ROBI,N5N00A,SELF_CARE,53.00,USD,N,MONTHLY,2025-01-01
552,NECOA_ROBI,30000A,SELF_CARE,65.00,USD,N,MONTHLY,2025-01-01
553,NECOA_ROBI,3N000A,SELF_CARE,65.00,USD,N,MONTHLY,2025-01-01
554,NECOA_ROBI,32000A,SELF_CARE,49.00,USD,N,MONTHLY,2025-01-01
555,NECOA_ROBI,32N00A,SELF_CARE,49.00,USD,N,MONTHLY,2025-01-01
556,NECOA_ROBI,32200A,SELF_CARE,41.00,USD,N,MONTHLY,2025-01-01
557,NECOA_ROBI,34000A,SELF_CARE,41.00,USD,N,MONTHLY,2025-01-01
558,NECOA_ROBI,50000A,SELF_CARE,53.00,USD,N,MONTHLY,2025-01-01
559,NECOA_ROBI,5N000A,SELF_CARE,53.00,USD,N,MONTHLY,2025-01-01
560,NECOA_ROBI,52000A,SELF_CARE,38.00,USD,N,MONTHLY,2025-01-01
561,NECOA_ROBI,70000A,SELF_CARE,47.00,USD,N,MONTHLY,2025-01-01
562,NECOA_ROBI,N0000A,HOME_CARE,99.00,USD,N,MONTHLY,2025-01-01
563,NECOA_ROBI,N3000A,HOME_CARE,75.00,USD,N,MONTHLY,2025-01-01
564,NECOA_ROBI,N3N00A,HOME_CARE,75.00,USD,N,MONTHLY,2025-01-01
565,NECOA_ROBI,N3200A,HOME_CARE,59.00,USD,N,MONTHLY,2025-01-01
566,NECOA_ROBI,N32N0A,HOME_CARE,59.00,USD,N,MONTHLY,2025-01-01
567,NECOA_ROBI,N5000A,HOME_CARE,63.00,USD,N,MONTHLY,2025-01-01
568,NECOA_ROBI,N5N00A,HOME_CARE,63.00,USD,N,MONTHLY,2025-01-01
569,NECOA_ROBI,30000A,HOME_CARE,75.00,USD,N,MONTHLY,2025-01-01
570,NECOA_ROBI,3N000A,HOME_CARE,75.00,USD,N,MONTHLY,2025-01-01
571,NECOA_ROBI,32000A,HOME_CARE,59.00,USD,N,MONTHLY,2025-01-01
572,NECOA_ROBI,32N00A,HOME_CARE,59.00,USD,N,MONTHLY,2025-01-01
573,NECOA_ROBI,32200A,HOME_CARE,51.00,USD,N,MONTHLY,2025-01-01
574,NECOA_ROBI,34000A,HOME_CARE,51.00,USD,N,MONTHLY,2025-01-01
575,NECOA_ROBI,50000A,HOME_CARE,63.00,USD,N,MONTHLY,2025-01-01
576,NECOA_ROBI,5N000A,HOME_CARE,63.00,USD,N,MONTHLY,2025-01-01
577,NECOA_ROBI,52000A,HOME_CARE,48.00,USD,N,MONTHLY,2025-01-01
578,NECOA_ROBI,70000A,HOME_CARE,57.00,USD,N,MONTHLY,2025-01-01
579,NECOA_NTBI,N0000A,SELF_CARE,81.00,USD,N,MONTHLY,2025-01-01
580,NECOA_NTBI,N3000A,SELF_CARE,59.00,USD,N,MONTHLY,2025-01-01
581,NECOA_NTBI,N3N00A,SELF_CARE,59.00,USD,N,MONTHLY,2025-01-01
582,NECOA_NTBI,N3200A,SELF_CARE,45.00,USD,N,MONTHLY,2025-01-01
583,NECOA_NTBI,N32N0A,SELF_CARE,45.00,USD,N,MONTHLY,2025-01-01
584,NECOA_NTBI,N5000A,SELF_CARE,49.00,USD,N,MONTHLY,2025-01-01
585,NECOA_NTBI,N5N00A,SELF_CARE,49.00,USD,N,MONTHLY,2025-01-01
586,NECOA_NTBI,30000A,SELF_CARE,59.00,USD,N,MONTHLY,2025-01-01
587,NECOA_NTBI,3N000A,SELF_CARE,59.00,USD,N,MONTHLY,2025-01-01
588,NECOA_NTBI,32000A,SELF_CARE,45.00,USD,N,MONTHLY,2025-01-01
589,NECOA_NTBI,32N00A,SELF_CARE,45.00,USD,N,MONTHLY,2025-01-01
590,NECOA_NTBI,32200A,SELF_CARE,37.00,USD,N,MONTHLY,2025-01-01
591,NECOA_NTBI,34000A,SELF_CARE,37.00,USD,N,MONTHLY,2025-01-01
592,NECOA_NTBI,50000A,SELF_CARE,49.00,USD,N,MONTHLY,2025-01-01
593,NECOA_NTBI,5N000A,SELF_CARE,49.00,USD,N,MONTHLY,2025-01-01
594,NECOA_NTBI,52000A,SELF_CARE,36.00,USD,N,MONTHLY,2025-01-01
595,NECOA_NTBI,70000A,SELF_CARE,43.00,USD,N,MONTHLY,2025-01-01
596,NECOA_NTBI,N0000A,HOME_CARE,91.00,USD,N,MONTHLY,2025-01-01
597,NECOA_NTBI,N3000A,HOME_CARE,69.00,USD,N,MONTHLY,2025-01-01
598,NECOA_NTBI,N3N00A,HOME_CARE,69.00,USD,N,MONTHLY,2025-01-01
599,NECOA_NTBI,N3200A,HOME_CARE,55.00,USD,N,MONTHLY,2025-01-01
600,NECOA_NTBI,N32N0A,HOME_CARE,55.00,USD,N,MONTHLY,2025-01-01
601,NECOA_NTBI,N5000A,HOME_CARE,59.00,USD,N,MONTHLY,2025-01-01
602,NECOA_NTBI,N5N00A,HOME_CARE,59.00,USD,N,MONTHLY,2025-01-01
603,NECOA_NTBI,30000A,HOME_CARE,69.00,USD,N,MONTHLY,2025-01-01
604,NECOA_NTBI,3N000A,HOME_CARE,69.00,USD,N,MONTHLY,2025-01-01
605,NECOA_NTBI,32000A,HOME_CARE,55.00,USD,N,MONTHLY,2025-01-01
606,NECOA_NTBI,32N00A,HOME_CARE,55.00,USD,N,MONTHLY,2025-01-01
607,NECOA_NTBI,32200A,HOME_CARE,47.00,USD,N,MONTHLY,2025-01-01
608,NECOA_NTBI,34000A,HOME_CARE,47.00,USD,N,MONTHLY,2025-01-01
609,NECOA_NTBI,50000A,HOME_CARE,59.00,USD,N,MONTHLY,2025-01-01
610,NECOA_NTBI,5N000A,HOME_CARE,59.00,USD,N,MONTHLY,2025-01-01
611,NECOA_NTBI,52000A,HOME_CARE,46.00,USD,N,MONTHLY,2025-01-01
612,NECOA_NTBI,70000A,HOME_CARE,53.00,USD,N,MONTHLY,2025-01-01