hash_code,entity,field,value,feature_code,description,filter_type,installation_type,material_brand_name,material_category_code,material_id,material_model_name,material_name,material_series_code,material_type,product_type,create_time,update_time,is_active
a4838f0b243517759e91034344dd6b84,,,,COLD_HOT_PURIFIED,,,,NECOA,WATER_PURIFIER,WP_987017,CHP-9870N_BG,NECOA NTQ ITA NT Iron Silver,NECOA_NTQ_ITA,PRODUCT,PRIMARY,2025-01-03 01:05:48.753000 +00:00,2025-01-03 01:15:13.378000 +00:00,Y
21516dabade22a59b0e46e9041524eb5,,,,COLD_HOT_PURIFIED,,,,NECOA,WATER_PURIFIER,WP_999017,CHP-9990N_PG,NECOA NTQ ITB NT Pebble Gray,NECOA_NTQ_ITB,PRODUCT,PRIMARY,2024-12-20 05:24:27.907000 +00:00,2024-12-26 01:32:00.526000 +00:00,Y
5f6964f6528fa8711ed733805e09b2de,,,,COLD_HOT_PURIFIED,,,,NECOA,WATER_PURIFIER,WP_999016,CHP-9870N_BR,NECOA NTQ ITB NT Quartz Brown,NECOA_NTQ_ITB,PRODUCT,PRIMARY,2024-12-20 05:24:14.726000 +00:00,2024-12-26 01:32:29.662000 +00:00,Y
f47d99458cd69e99577482b45488a912,,,,COLD_HOT_PURIFIED,,,,NECOA,WATER_PURIFIER,WP_999015,CHP-9870N_BG,NECOA NTQ ITB NT Bronze Beige,NECOA_NTQ_ITF,PRODUCT,PRIMARY,2024-12-20 05:24:04.238000 +00:00,2024-12-26 01:32:53.351000 +00:00,Y
848eef72b3ef3bcb15bd93d863f97d33,,,,COLD_HOT_PURIFIED,,,,NECOA,WATER_PURIFIER,WP_999014,CHP-9870N_BG,NECOA NTQ ITB NT Bronze Beige,NECOA_NTQ_ITD,PRODUCT,PRIMARY,2024-12-20 05:23:49.226000 +00:00,2024-12-26 01:31:34.858000 +00:00,Y
60eb5203b6c37a3829b4c2cabbafa378,,,,COLD_HOT_PURIFIED,,,,NECOA,WATER_PURIFIER,WP_999013,CHP-9870N_BR,NECOA NTQ ITB NT Icy Blue,NECOA_NTQ_ITC,PRODUCT,PRIMARY,2024-12-20 05:23:39.549000 +00:00,2024-12-26 01:33:15.884000 +00:00,Y
8d5192125549d0c1aeeb4e54841538e9,,,,COLD_HOT_PURIFIED,,,,NECOA,WATER_PURIFIER,WP_999012,CHP-9870N_BR,NECOA NTQ ITB NT Quartz Brown,NECOA_NTQ_ITB,PRODUCT,PRIMARY,2024-12-20 05:23:28.283000 +00:00,2024-12-26 01:33:38.026000 +00:00,Y
92d43458ba82aea31075b4b4b4deb81d,,,,COLD_HOT_PURIFIED,,,,NECOA,WATER_PURIFIER,WP_999011,CHP-9990N_PG,NECOA NTQ ITB NT Pebble Gray,NECOA_NTQ_ITH,PRODUCT,PRIMARY,2024-12-20 05:23:16.762000 +00:00,2024-12-26 01:34:02.900000 +00:00,Y
039bd8fefc0255bf12db4680c83e8489,,,,COLD_HOT_PURIFIED,,,,NECOA,WATER_PURIFIER,WP_987016,CHP-9870N_BR,NECOA NTQ ITA NT Quartz Brown,NECOA_NTQ_ITG,PRODUCT,PRIMARY,2024-12-20 05:22:58.443000 +00:00,2024-12-26 01:34:27.222000 +00:00,Y
378a2129dde2f57fd3fe435f1681c45e,,,,COLD_HOT_PURIFIED,,,,NECOA,WATER_PURIFIER,WP_987015,CHP-9870N_BG,NECOA NTQ ITA NT Bronze Beige,NECOA_NTQ_ITA,PRODUCT,PRIMARY,2024-12-20 05:22:47.615000 +00:00,2024-12-26 01:34:57.789000 +00:00,Y
f8340387253e95f614fc8359630c1eeb,,,,COLD_HOT_PURIFIED,,,,NECOA,WATER_PURIFIER,WP_987014,CHP-9870N_BG,NECOA NTQ ITA NT Bronze Beige,NECOA_NTQ_ITE,PRODUCT,PRIMARY,2024-12-20 05:22:35.766000 +00:00,2024-12-26 01:35:21.213000 +00:00,Y
5f474f53c63396bfa71ed43566bf204c,,,,COLD_HOT_PURIFIED,,,,NECOA,WATER_PURIFIER,WP_987013,CHP-9870N_BR,NECOA NTQ ITA NT Icy Blue,NECOA_NTQ_ITD,PRODUCT,PRIMARY,2024-12-20 05:22:24.495000 +00:00,2024-12-26 01:31:00.448000 +00:00,Y
7d6ebacaaf2aadad2a478f6e1f09f746,,,,COLD_HOT_PURIFIED,,,,NECOA,WATER_PURIFIER,WP_987012,CHP-9870N_BR,NECOA NTQ ITA NT Quartz Brown,NECOA_NTQ_ITA,PRODUCT,PRIMARY,2024-12-20 05:22:11.537000 +00:00,2024-12-26 01:35:44.735000 +00:00,Y
4827c1275e81c4fe872220153a99d92c,,,,COLD_HOT_PURIFIED,,,,NECOA,WATER_PURIFIER,WP_987011,CHP-9870N_PG,NECOA NTQ ITA NT Pebble Gray,NECOA_NTQ_ITA,PRODUCT,PRIMARY,2024-12-20 05:21:53.998000 +00:00,2024-12-26 01:36:05.819000 +00:00,Y
7d6426f220869860fcd2f0c95fae84bc,,,,,Accessory for tray-assy(bu),,,NECOA,WATER_PURIFIER_PART,WPP_3116199,,TRAY-ASSY(BU),,PART,SECONDARY,2024-12-17 07:49:31.074000 +00:00,2024-12-17 08:02:20.918000 +00:00,Y
3fa01db4b249995a42a103c5d35fa7a7,,,,,Accessory for tray-assy(bg),,,NECOA,WATER_PURIFIER_PART,WPP_3116198,,TRAY-ASSY(BG),,PART,SECONDARY,2024-12-17 07:49:29.903000 +00:00,2024-12-17 07:49:29.906000 +00:00,Y
937e60113e42ba0cac89c4023aa4f268,,,,,Accessory for cover-front assy(bu),,,NECOA,WATER_PURIFIER_PART,WPP_3116197,,COVER-FRONT ASSY(BU),,PART,SECONDARY,2024-12-17 07:49:28.186000 +00:00,2024-12-17 07:49:28.189000 +00:00,Y
33e2579754b330eb1a689b03fca88505,,,,,Accessory for cover-front assy(bg),,,NECOA,WATER_PURIFIER_PART,WPP_3116196,,COVER-FRONT ASSY(BG),,PART,SECONDARY,2024-12-17 07:49:26.937000 +00:00,2024-12-17 07:49:26.940000 +00:00,Y
8fce301876badce5b883c6fa4b34db08,,,,,Accessory for cover-display assy(bu),,,NECOA,WATER_PURIFIER_PART,WPP_3116194,,COVER-DISPLAY ASSY(BU),,PART,SECONDARY,2024-12-17 07:49:25.498000 +00:00,2024-12-17 07:49:25.500000 +00:00,Y
85aabe9c0873212ffc9f4bbd27849fb7,,,,,Accessory for cover-display assy(bg),,,NECOA,WATER_PURIFIER_PART,WPP_3116193,,COVER-DISPLAY ASSY(BG),,PART,SECONDARY,2024-12-17 07:49:23.990000 +00:00,2024-12-17 07:49:23.992000 +00:00,Y
7afc0eff6c10b45e1960c84c6229ec22,,,,,This filter enhances water purity,,,NECOA,WATER_PURIFIER_PART,WPP_3116192,,DOOR-FILTER ASSY(BU),,PART,SECONDARY,2024-12-17 07:49:22.755000 +00:00,2024-12-17 07:49:22.757000 +00:00,Y
e9283e699089d08e7d039a60c28b2d21,,,,,This filter enhances water purity,,,NECOA,WATER_PURIFIER_PART,WPP_3116191,,DOOR-FILTER ASSY(BG),,PART,SECONDARY,2024-12-17 07:49:21.718000 +00:00,2024-12-17 07:49:21.721000 +00:00,Y
32ee8f1968eb39f066af68b3bded2cde,,,,,Accessory for cover-top assy(bu),,,NECOA,WATER_PURIFIER_PART,WPP_3116183,,COVER-TOP ASSY(BU),,PART,SECONDARY,2024-12-17 07:49:20.493000 +00:00,2024-12-17 07:49:20.496000 +00:00,Y
fe28821b1fe028507ed2b3bef0cf87b7,,,,,Accessory for cover-top assy(bg),,,NECOA,WATER_PURIFIER_PART,WPP_3116178,,COVER-TOP ASSY(BG),,PART,SECONDARY,2024-12-17 07:49:18.954000 +00:00,2024-12-17 07:49:18.956000 +00:00,Y
1a797c74f8c70ed757bcd00154d7a038,,,,,Accessory for cover-side l assy(bu),,,NECOA,WATER_PURIFIER_PART,WPP_3116176,,COVER-SIDE L ASSY(BU),,PART,SECONDARY,2024-12-17 07:49:17.681000 +00:00,2024-12-17 07:49:17.685000 +00:00,Y
272aeb25911e7e3342c0d164123da8fb,,,,,Accessory for cover-side l assy(bg),,,NECOA,WATER_PURIFIER_PART,WPP_3116175,,COVER-SIDE L ASSY(BG),,PART,SECONDARY,2024-12-17 07:49:16.281000 +00:00,2024-12-17 07:49:16.284000 +00:00,Y
ebf9dc67536cae6e6467747559942107,,,,,Accessory for door-valve assy(bu),,,NECOA,WATER_PURIFIER_PART,WPP_3116174,,DOOR-VALVE ASSY(BU),,PART,SECONDARY,2024-12-17 07:49:15.008000 +00:00,2024-12-17 07:49:15.012000 +00:00,Y
523f0ceb6a3ab04c257b742bbb309b8c,,,,,Accessory for door-valve assy(bg),,,NECOA,WATER_PURIFIER_PART,WPP_3116172,,DOOR-VALVE ASSY(BG),,PART,SECONDARY,2024-12-17 07:49:12.840000 +00:00,2024-12-17 07:49:12.844000 +00:00,Y
5ebd169882445782de5ad728e1edd61e,,,,,Accessory for cover-side r assy(bu),,,NECOA,WATER_PURIFIER_PART,WPP_3116168,,COVER-SIDE R ASSY(BU),,PART,SECONDARY,2024-12-17 07:49:11.559000 +00:00,2024-12-17 07:49:11.562000 +00:00,Y
9f2ab6b72b34bc0eaf9c158931670338,,,,,Accessory for cover-front assy(sl),,,NECOA,WATER_PURIFIER_PART,WPP_3115287,,COVER-FRONT ASSY(SL),,PART,SECONDARY,2024-12-17 07:49:10.315000 +00:00,2024-12-17 07:49:10.318000 +00:00,Y
d37c5f1b3dbc14fe3f3b2bad85da5f6c,,,,,Accessory for pba-voice,,,NECOA,WATER_PURIFIER_PART,WPP_3117012,,PBA-VOICE,,PART,SECONDARY,2024-12-17 07:49:09.022000 +00:00,2024-12-17 07:49:09.024000 +00:00,Y
ccc1d11a6149f66aef1866b9a105c2ab,,,,,Accessory for cover-side r assy(sl),,,NECOA,WATER_PURIFIER_PART,WPP_3116163,,COVER-SIDE R ASSY(SL),,PART,SECONDARY,2024-12-17 07:49:07.746000 +00:00,2024-12-17 07:49:07.749000 +00:00,Y
0a948566038e46929853838983728f5a,,,,,Accessory for cover-side r assy(gr),,,NECOA,WATER_PURIFIER_PART,WPP_3116225,,COVER-SIDE R ASSY(GR),,PART,SECONDARY,2024-12-17 07:49:06.310000 +00:00,2024-12-17 07:49:06.316000 +00:00,Y
ef52695d43f208cbd6c9f7f2d40d5a45,,,,,Accessory for mesh,,,NECOA,WATER_PURIFIER_PART,WPP_3110721,,MESH,,PART,SECONDARY,2024-12-17 07:49:04.807000 +00:00,2024-12-23 04:45:35.960000 +00:00,Y
ad84f14efff47797443cb6b40b1a4384,,,,,Accessory for tem,,,NECOA,WATER_PURIFIER_PART,WPP_3111692,,TEM,,PART,SECONDARY,2024-12-17 07:49:04.788000 +00:00,2024-12-23 04:45:35.960000 +00:00,Y
89e783d9c26943545d5bcd3496d62d5e,,,,,Accessory for sensor-cold water temperature ,,,NECOA,WATER_PURIFIER_PART,WPP_3116941,,SENSOR-COLD WATER TEMPERATURE ,,PART,SECONDARY,2024-12-17 07:49:04.776000 +00:00,2024-12-17 07:49:04.779000 +00:00,Y
06af28b95f732597cefa08a951c7348c,,,,,Accessory for tank-cold assy,,,NECOA,WATER_PURIFIER_PART,WPP_3116852,,TANK-COLD ASSY,,PART,SECONDARY,2024-12-17 07:49:03.303000 +00:00,2024-12-17 07:49:03.307000 +00:00,Y
9e4fa731f5035f57b5f65aed33506a61,,,,,Accessory for fitting-elbow unique iii,,,NECOA,WATER_PURIFIER_PART,WPP_3116971,,FITTING-ELBOW UNIQUE III,,PART,SECONDARY,2024-12-17 07:49:01.517000 +00:00,2024-12-17 07:49:01.521000 +00:00,Y
77516f0d6f518d61b45bf9caae1c9cc7,,,,,Accessory for sensor-leak detect,,,NECOA,WATER_PURIFIER_PART,WPP_3116967,,SENSOR-LEAK DETECT,,PART,SECONDARY,2024-12-17 07:49:00.322000 +00:00,2024-12-17 07:49:00.325000 +00:00,Y
6225afe9826fa60da484d729366ec832,,,,,Accessory for  switch-reed  ,,,NECOA,WATER_PURIFIER_PART,WPP_3116969,, SWITCH-REED  ,,PART,SECONDARY,2024-12-17 07:48:59.060000 +00:00,2024-12-17 07:48:59.064000 +00:00,Y
3341be30df87f91defc49f947c590c50,,,,,Accessory for  switch-reed  ,,,NECOA,WATER_PURIFIER_PART,WPP_3116968,, SWITCH-REED  ,,PART,SECONDARY,2024-12-17 07:48:57.839000 +00:00,2024-12-17 07:48:57.841000 +00:00,Y
fd35d9043718b0f82b637e872308da25,,,,,Accessory for  switch-reed  ,,,NECOA,WATER_PURIFIER_PART,WPP_3104366,, SWITCH-REED  ,,PART,SECONDARY,2024-12-17 07:48:55.993000 +00:00,2024-12-23 04:45:35.960000 +00:00,Y
56832699f8427014c02ab81a189df9eb,,,,,Accessory for sensor-low flow assy,,,NECOA,WATER_PURIFIER_PART,WPP_3112783,,SENSOR-LOW FLOW ASSY,,PART,SECONDARY,2024-12-17 07:48:55.975000 +00:00,2024-12-17 07:48:55.985000 +00:00,Y
b89db878941dd017118236ce51ce5e90,,,,,Accessory for pba-heater,,,NECOA,WATER_PURIFIER_PART,WPP_3116885,,PBA-HEATER,,PART,SECONDARY,2024-12-17 07:48:55.963000 +00:00,2024-12-17 07:48:55.966000 +00:00,Y
0642b3ee5e1b56bda68af764d1472517,,,,,Accessory for speaker-module ,,,NECOA,WATER_PURIFIER_PART,WPP_3104344,,SPEAKER-MODULE ,,PART,SECONDARY,2024-12-17 07:48:54.411000 +00:00,2025-01-02 08:11:27.202000 +00:00,Y
09b4907e39d9b812645d102955bacb55,,,,,Accessory for valve-regulator- assy,,,NECOA,WATER_PURIFIER_PART,WPP_3222509,,VALVE-REGULATOR- ASSY,,PART,SECONDARY,2024-12-17 07:48:54.392000 +00:00,2024-12-17 07:48:54.397000 +00:00,Y
f50a1baae55cf6e9697a2d9ed9a69f34,,,,,Accessory for valve-safety,,,NECOA,WATER_PURIFIER_PART,WPP_3113516,,VALVE-SAFETY,,PART,SECONDARY,2024-12-17 07:48:54.377000 +00:00,2024-12-23 04:45:35.962000 +00:00,Y
3a40df0360c5716c734bc0d872688cb1,,,,,Accessory for  pipe-outlet extension assy,,,NECOA,WATER_PURIFIER_PART,WPP_3113203,, PIPE-OUTLET EXTENSION ASSY,,PART,SECONDARY,2024-12-17 07:48:54.360000 +00:00,2024-12-17 07:48:54.363000 +00:00,Y
847ec4142d03e167297013b5fd01822f,,,,,Accessory for insulation-thermistor,,,NECOA,WATER_PURIFIER_PART,WPP_3112456,,INSULATION-THERMISTOR,,PART,SECONDARY,2024-12-17 07:48:54.348000 +00:00,2024-12-23 04:45:35.961000 +00:00,Y
95ded95e6839a2f6067448b0c75c2982,,,,,Accessory for pba-wifi assy  ,,,NECOA,WATER_PURIFIER_PART,WPP_3115338,,PBA-WIFI ASSY  ,,PART,SECONDARY,2024-12-17 07:48:54.296000 +00:00,2024-12-17 07:48:54.317000 +00:00,Y
427e0c86c0240fa9715159dc3c8b7889,,,,,Accessory for guide-magnetic assy ,,,NECOA,WATER_PURIFIER_PART,WPP_3112475,,GUIDE-MAGNETIC ASSY ,,PART,SECONDARY,2024-12-17 07:48:54.272000 +00:00,2024-12-23 04:45:35.961000 +00:00,Y
0320ef52b63ca5e786c03e7efd064b7a,,,,,This filter enhances water purity,,,NECOA,WATER_PURIFIER_PART,WPP_3116871,,COVER-FILTER ASSY,,PART,SECONDARY,2024-12-17 07:48:54.257000 +00:00,2024-12-17 07:48:54.260000 +00:00,Y
8a3637c3a0bbe171538a4b2815d7eb9b,,,,,Accessory for pipe-module assy,,,NECOA,WATER_PURIFIER_PART,WPP_3112486,,PIPE-MODULE ASSY,,PART,SECONDARY,2024-12-17 07:48:52.691000 +00:00,2024-12-23 04:45:35.962000 +00:00,Y
6aa9971be1765199e63f4f6dd6b942a5,,,,,Accessory for tray assy (bg),,,NECOA,WATER_PURIFIER_PART,WPP_3116922,,TRAY ASSY (BG),,PART,SECONDARY,2024-12-17 07:48:52.679000 +00:00,2024-12-17 07:48:52.682000 +00:00,Y
b5f44431e2a36b7a76716ff41c6c994c,,,,,Accessory for tray assy (bu),,,NECOA,WATER_PURIFIER_PART,WPP_3116920,,TRAY ASSY (BU),,PART,SECONDARY,2024-12-17 07:48:51.693000 +00:00,2024-12-17 07:48:51.696000 +00:00,Y
6178c37ed6ebaa0d2ed2e1ebd93ff29c,,,,,Accessory for tray assy (sl),,,NECOA,WATER_PURIFIER_PART,WPP_3116939,,TRAY ASSY (SL),,PART,SECONDARY,2024-12-17 07:48:50.129000 +00:00,2024-12-17 07:48:50.133000 +00:00,Y
1772f9dd590a8cc0af695e985ba93752,,,,,Accessory for tray assy (gr),,,NECOA,WATER_PURIFIER_PART,WPP_3116874,,TRAY ASSY (GR),,PART,SECONDARY,2024-12-17 07:48:48.967000 +00:00,2024-12-17 07:48:48.971000 +00:00,Y
3893207ee9823d44c6f25a9ec8024b4b,,,,,Accessory for cover-top assy (bg),,,NECOA,WATER_PURIFIER_PART,WPP_3116948,,COVER-TOP ASSY (BG),,PART,SECONDARY,2024-12-17 07:48:47.807000 +00:00,2024-12-17 07:48:47.809000 +00:00,Y
56c6d0a44bead0e2c1277b2b81258ede,,,,,Accessory for cover-top assy (bu),,,NECOA,WATER_PURIFIER_PART,WPP_3116947,,COVER-TOP ASSY (BU),,PART,SECONDARY,2024-12-17 07:48:46.555000 +00:00,2024-12-17 07:48:46.560000 +00:00,Y
d93c88e88e1ab243eab3c31a62b28380,,,,,Accessory for cover-top assy (sl),,,NECOA,WATER_PURIFIER_PART,WPP_3116938,,COVER-TOP ASSY (SL),,PART,SECONDARY,2024-12-17 07:48:45.303000 +00:00,2024-12-17 07:48:45.305000 +00:00,Y
862f493c1415e80b8868c066e8ff962c,,,,,Accessory for cover-top assy (gr),,,NECOA,WATER_PURIFIER_PART,WPP_3116873,,COVER-TOP ASSY (GR),,PART,SECONDARY,2024-12-17 07:48:44.186000 +00:00,2024-12-17 07:48:44.190000 +00:00,Y
eb782b7a75e0eda75a12c324a7fdd9be,,,,,Accessory for cover-front display (bg),,,NECOA,WATER_PURIFIER_PART,WPP_3116895,,COVER-FRONT DISPLAY (BG),,PART,SECONDARY,2024-12-17 07:48:42.795000 +00:00,2024-12-17 07:48:42.801000 +00:00,Y
d934ba88d95bca100131515eb5c29c5a,,,,,Accessory for cover-front display (bu),,,NECOA,WATER_PURIFIER_PART,WPP_3116894,,COVER-FRONT DISPLAY (BU),,PART,SECONDARY,2024-12-17 07:48:41.044000 +00:00,2024-12-17 07:48:41.046000 +00:00,Y
bc773747f486f0c57cf7ae93a1cf4267,,,,,Accessory for cover-front display (sl),,,NECOA,WATER_PURIFIER_PART,WPP_3116936,,COVER-FRONT DISPLAY (SL),,PART,SECONDARY,2024-12-17 07:48:39.825000 +00:00,2024-12-17 07:48:39.827000 +00:00,Y
b481b49797b437826e7c2969d42263aa,,,,,Accessory for cover-front display (gr),,,NECOA,WATER_PURIFIER_PART,WPP_3116866,,COVER-FRONT DISPLAY (GR),,PART,SECONDARY,2024-12-17 07:48:37.354000 +00:00,2024-12-17 07:48:37.357000 +00:00,Y
baa0d0d29af46234abd80dddd82ed762,,,,,Accessory for pba-display assy,,,NECOA,WATER_PURIFIER_PART,WPP_3116945,,PBA-DISPLAY ASSY,,PART,SECONDARY,2024-12-17 07:48:36.147000 +00:00,2024-12-17 07:48:36.156000 +00:00,Y
f6409e41b6c2cbe18775d965e160f534,,,,,Accessory for cover-front display assy (bg),,,NECOA,WATER_PURIFIER_PART,WPP_3116946,,COVER-FRONT DISPLAY ASSY (BG),,PART,SECONDARY,2024-12-17 07:48:34.437000 +00:00,2024-12-17 07:48:34.441000 +00:00,Y
bc0eb298e3978a1405777d0875cb5fdd,,,,,Accessory for cover-front display assy (bu),,,NECOA,WATER_PURIFIER_PART,WPP_3116944,,COVER-FRONT DISPLAY ASSY (BU),,PART,SECONDARY,2024-12-17 07:48:33.015000 +00:00,2024-12-17 07:48:33.018000 +00:00,Y
8890e450f9dfb919098804e05d4f4fa0,,,,,Accessory for cover-front display assy (sl),,,NECOA,WATER_PURIFIER_PART,WPP_3116925,,COVER-FRONT DISPLAY ASSY (SL),,PART,SECONDARY,2024-12-17 07:48:31.547000 +00:00,2024-12-17 07:48:31.550000 +00:00,Y
d773dd9aab281c2b6f7273c568d5f280,,,,,Accessory for cover-front display assy (gr),,,NECOA,WATER_PURIFIER_PART,WPP_3116865,,COVER-FRONT DISPLAY ASSY (GR),,PART,SECONDARY,2024-12-17 07:48:30.332000 +00:00,2024-12-17 07:48:30.335000 +00:00,Y
90191100f8a56fdc8e34114ab5fbb4e3,,,,,Accessory for cover-front lower assy (bg),,,NECOA,WATER_PURIFIER_PART,WPP_3116942,,COVER-FRONT LOWER ASSY (BG),,PART,SECONDARY,2024-12-17 07:48:28.995000 +00:00,2024-12-17 07:48:28.997000 +00:00,Y
ae7d7898a2e37feb4a754971e5ba7f56,,,,,Accessory for cover-front lower assy (bu),,,NECOA,WATER_PURIFIER_PART,WPP_3116940,,COVER-FRONT LOWER ASSY (BU),,PART,SECONDARY,2024-12-17 07:48:27.907000 +00:00,2024-12-17 07:48:27.911000 +00:00,Y
f8819ebd69ec57c21acba626cd561108,,,,,Accessory for cover-front lower assy (sl),,,NECOA,WATER_PURIFIER_PART,WPP_3116923,,COVER-FRONT LOWER ASSY (SL),,PART,SECONDARY,2024-12-17 07:48:26.490000 +00:00,2024-12-17 07:48:26.493000 +00:00,Y
ae770c234fbd41993a9427e45b2e7e59,,,,,Accessory for cover-front lower assy (gr),,,NECOA,WATER_PURIFIER_PART,WPP_3116864,,COVER-FRONT LOWER ASSY (GR),,PART,SECONDARY,2024-12-17 07:48:25.477000 +00:00,2024-12-17 07:48:25.480000 +00:00,Y
1fd342018ebe2f878d1aaa969951e352,,,,,Accessory for cover-rear assy (bg),,,NECOA,WATER_PURIFIER_PART,WPP_3116903,,COVER-REAR ASSY (BG),,PART,SECONDARY,2024-12-17 07:48:24.200000 +00:00,2024-12-17 07:48:24.203000 +00:00,Y
832cb2453cc91320df96eb50c21fd660,,,,,Accessory for cover-rear assy (bu),,,NECOA,WATER_PURIFIER_PART,WPP_3116902,,COVER-REAR ASSY (BU),,PART,SECONDARY,2024-12-17 07:48:22.828000 +00:00,2024-12-17 07:48:22.833000 +00:00,Y
1fcd6c1e2e668e1bfc4c7338f4626e90,,,,,Accessory for cover-rear assy (sl),,,NECOA,WATER_PURIFIER_PART,WPP_3116891,,COVER-REAR ASSY (SL),,PART,SECONDARY,2024-12-17 07:48:21.840000 +00:00,2024-12-17 07:48:21.843000 +00:00,Y
aa55a61a29c882e9573ae2454ded6286,,,,,Accessory for cover-rear assy (gr),,,NECOA,WATER_PURIFIER_PART,WPP_3116872,,COVER-REAR ASSY (GR),,PART,SECONDARY,2024-12-17 07:48:20.035000 +00:00,2024-12-17 07:48:20.039000 +00:00,Y
e8632da0a0c87cab4e03bc9eb7ad3065,,,,,Accessory for cover-side r (bg),,,NECOA,WATER_PURIFIER_PART,WPP_3116899,,COVER-SIDE R (BG),,PART,SECONDARY,2024-12-17 07:48:18.410000 +00:00,2024-12-17 07:48:18.419000 +00:00,Y
0df0fe7bb47dca94f463b5de6ec6b2bb,,,,,Accessory for cover-side r (bu),,,NECOA,WATER_PURIFIER_PART,WPP_3116897,,COVER-SIDE R (BU),,PART,SECONDARY,2024-12-17 07:48:17.438000 +00:00,2024-12-17 07:48:17.442000 +00:00,Y
298a126e848181d528cf183c50c1fba3,,,,,Accessory for cover-side r assy (sl),,,NECOA,WATER_PURIFIER_PART,WPP_3116890,,COVER-SIDE R ASSY (SL),,PART,SECONDARY,2024-12-17 07:48:16.147000 +00:00,2024-12-17 07:48:16.153000 +00:00,Y
49cd404978dd4945ddeca26d6c60e057,,,,,Accessory for cover-side r assy (gr),,,NECOA,WATER_PURIFIER_PART,WPP_3116870,,COVER-SIDE R ASSY (GR),,PART,SECONDARY,2024-12-17 07:48:14.781000 +00:00,2024-12-17 07:48:14.804000 +00:00,Y
65a2f642a7bc9d78b724d233102eb7f5,,,,,Accessory for cover-side l (bg),,,NECOA,WATER_PURIFIER_PART,WPP_3116898,,COVER-SIDE L (BG),,PART,SECONDARY,2024-12-17 07:47:03.016000 +00:00,2024-12-17 07:47:03.023000 +00:00,Y
c75f0a7597bd97488ddd4b96b52456d3,,,,,Accessory for cover-side l (bu),,,NECOA,WATER_PURIFIER_PART,WPP_3116896,,COVER-SIDE L (BU),,PART,SECONDARY,2024-12-17 07:47:01.652000 +00:00,2024-12-17 07:47:01.655000 +00:00,Y
e1e7517307057caf4c7e1942e5c78c3b,,,,,Accessory for cover-side l (sl),,,NECOA,WATER_PURIFIER_PART,WPP_3116889,,COVER-SIDE L (SL),,PART,SECONDARY,2024-12-17 07:46:58.044000 +00:00,2024-12-17 07:46:58.048000 +00:00,Y
3af31c249d88f09244fa1b00695aa65f,,,,,Accessory for cover-side l (gr),,,NECOA,WATER_PURIFIER_PART,WPP_3116867,,COVER-SIDE L (GR),,PART,SECONDARY,2024-12-17 07:46:56.669000 +00:00,2024-12-17 07:46:56.673000 +00:00,Y
04ec3177e1ec46ffe4362b6eafa750f3,,,,,Accessory for cover-inner l assy,,,NECOA,WATER_PURIFIER_PART,WPP_3116860,,COVER-INNER L ASSY,,PART,SECONDARY,2024-12-17 07:46:54.983000 +00:00,2024-12-17 07:46:54.987000 +00:00,Y
f780c7eccf3f49ad87c2475e31093342,,,,,Accessory for pba-main ,,,NECOA,WATER_PURIFIER_PART,WPP_3116943,,PBA-MAIN ,,PART,SECONDARY,2024-12-17 07:46:53.234000 +00:00,2024-12-17 07:46:53.237000 +00:00,Y
564fbe3b212decc5743b64686765e08f,,,,,Accessory for sensor-hot water thermistor,,,NECOA,WATER_PURIFIER_PART,WPP_3112481,,SENSOR-HOT WATER THERMISTOR,,PART,SECONDARY,2024-12-17 07:46:51.344000 +00:00,2024-12-23 04:45:35.961000 +00:00,Y
7afa6016e91f401ee77f6c195eb41e86,,,,,Accessory for valve-flow control,,,NECOA,WATER_PURIFIER_PART,WPP_3112477,,VALVE-FLOW CONTROL,,PART,SECONDARY,2024-12-17 07:46:51.330000 +00:00,2024-12-23 04:45:35.961000 +00:00,Y
69d970977fbfbda73a0ecf2d89a6511d,,,,,Accessory for valve-feed c,,,NECOA,WATER_PURIFIER_PART,WPP_3116935,,VALVE-FEED C,,PART,SECONDARY,2024-12-17 07:46:51.316000 +00:00,2024-12-17 07:46:51.320000 +00:00,Y
1e4be5a458ecb1afbb2a297544471e97,,,,,Accessory for valve-feed d ,,,NECOA,WATER_PURIFIER_PART,WPP_3116901,,VALVE-FEED D ,,PART,SECONDARY,2024-12-17 07:46:49.742000 +00:00,2024-12-17 07:46:49.746000 +00:00,Y
02600bf7e376af7cba829d30aa504f24,,,,,Accessory for valve-feed,,,NECOA,WATER_PURIFIER_PART,WPP_3112473,,VALVE-FEED,,PART,SECONDARY,2024-12-17 07:46:48.078000 +00:00,2024-12-23 04:45:35.961000 +00:00,Y
f57f62e274b813300aa2838633cba349,,,,,Accessory for valve-feed feed assy,,,NECOA,WATER_PURIFIER_PART,WPP_3116857,,VALVE-FEED FEED ASSY,,PART,SECONDARY,2024-12-17 07:46:48.063000 +00:00,2024-12-17 07:46:48.067000 +00:00,Y
c1a3a47fbe402213d1a7679af20e3a6e,,,,,Accessory for valve-nos,,,NECOA,WATER_PURIFIER_PART,WPP_3112467,,VALVE-NOS,,PART,SECONDARY,2024-12-17 07:46:46.475000 +00:00,2024-12-23 04:45:35.961000 +00:00,Y
0543fb88abab9d99fed70cae982dcefa,,,,,Accessory for cover-body assy,,,NECOA,WATER_PURIFIER_PART,WPP_3116858,,COVER-BODY ASSY,,PART,SECONDARY,2024-12-17 07:46:46.460000 +00:00,2024-12-17 07:46:46.463000 +00:00,Y
f37ff59e82f502465b508336f27122dd,,,,,Accessory for tank-hot water assy,,,NECOA,WATER_PURIFIER_PART,WPP_3116880,,TANK-HOT WATER ASSY,,PART,SECONDARY,2024-12-17 07:46:46.445000 +00:00,2024-12-17 07:46:46.449000 +00:00,Y
07bc835d1e83f3bdce3a82f30dea511d,,,,,Accessory for connector-fitting assy ,,,NECOA,WATER_PURIFIER_PART,WPP_3112446,,CONNECTOR-FITTING ASSY ,,PART,SECONDARY,2024-12-17 07:46:44.676000 +00:00,2024-12-23 04:45:35.960000 +00:00,Y
dec843cf2a26ef8be04505b20161adbe,,,,,This filter enhances water purity,,,NECOA,WATER_PURIFIER_PART,WPP_3116854,,FRAME-FILTER ASSY,,PART,SECONDARY,2024-12-17 07:46:44.660000 +00:00,2024-12-17 07:46:44.664000 +00:00,Y
93f34edf07c138da44cb2d3398bf664a,,,,,Accessory for pba-smps assy,,,NECOA,WATER_PURIFIER_PART,WPP_3116853,,PBA-SMPS ASSY,,PART,SECONDARY,2024-12-17 07:46:41.611000 +00:00,2024-12-17 07:46:41.617000 +00:00,Y
7c357884a9cfebeb4df0d8498f5ba61e,,,,,Accessory for power cord assy,,,NECOA,WATER_PURIFIER_PART,WPP_3116851,,POWER CORD ASSY,,PART,SECONDARY,2024-12-17 07:46:39.793000 +00:00,2024-12-17 07:46:39.797000 +00:00,Y
ec7c0e44bd60fc087337dcce280ea64e,,,,,Accessory for base-assy (sl/bu/bg),,,NECOA,WATER_PURIFIER_PART,WPP_3116900,,BASE-ASSY (SL/BU/BG),,PART,SECONDARY,2024-12-17 07:46:38.422000 +00:00,2024-12-17 07:46:38.428000 +00:00,Y
58a0a638e097ac1c7c101b803d70c082,,,,,Accessory for base-assy (gr),,,NECOA,WATER_PURIFIER_PART,WPP_3116850,,BASE-ASSY (GR),,PART,SECONDARY,2024-12-17 07:46:37.138000 +00:00,2024-12-17 07:46:37.158000 +00:00,Y
45c1cbd09edd96c7e9b83ca0844d17f7,,,,,Accessory for cover-side l assy,,,NECOA,WATER_PURIFIER_PART,WPP_3117586,,COVER-SIDE L ASSY,,PART,SECONDARY,2024-12-17 07:46:37.121000 +00:00,2024-12-17 07:46:37.125000 +00:00,Y
469615e20b187aec077446dcc21949a1,,,,,Accessory for cover-side r assy,,,NECOA,WATER_PURIFIER_PART,WPP_3117585,,COVER-SIDE R ASSY,,PART,SECONDARY,2024-12-17 07:46:35.530000 +00:00,2024-12-17 07:46:35.533000 +00:00,Y
9efed01ff182d71e5b5a214ee766fb8e,,,,,Accessory for cover-top assy,,,NECOA,WATER_PURIFIER_PART,WPP_3117584,,COVER-TOP ASSY,,PART,SECONDARY,2024-12-17 07:46:33.908000 +00:00,2024-12-17 07:46:33.912000 +00:00,Y
9b150d21c85cc083100c0e0a6e872661,,,,,Accessory for cover-rear assy,,,NECOA,WATER_PURIFIER_PART,WPP_3117583,,COVER-REAR ASSY,,PART,SECONDARY,2024-12-17 07:46:32.442000 +00:00,2024-12-17 07:46:32.446000 +00:00,Y
7e2f0cec65463d18b91501d8b2db41ab,,,,,Accessory for cover-main pba assy,,,NECOA,WATER_PURIFIER_PART,WPP_3117582,,COVER-MAIN PBA ASSY,,PART,SECONDARY,2024-12-17 07:46:31.232000 +00:00,2024-12-17 07:46:31.236000 +00:00,Y
bc452bb7e79e10b51abd48c1b3357313,,,,,Accessory for pba-smps assy,,,NECOA,WATER_PURIFIER_PART,WPP_3117581,,PBA-SMPS ASSY,,PART,SECONDARY,2024-12-17 07:46:29.532000 +00:00,2024-12-17 07:46:29.537000 +00:00,Y
53656901d72d39ccbafff5b2aee25334,,,,,Accessory for pba-heater assy,,,NECOA,WATER_PURIFIER_PART,WPP_3117580,,PBA-HEATER ASSY,,PART,SECONDARY,2024-12-17 07:46:28.263000 +00:00,2024-12-17 07:46:28.271000 +00:00,Y
dec3810d3dc539651b75db5d24520ebc,,,,,Accessory for pba-main assy,,,NECOA,WATER_PURIFIER_PART,WPP_3117579,,PBA-MAIN ASSY,,PART,SECONDARY,2024-12-17 07:46:26.843000 +00:00,2024-12-17 07:46:26.848000 +00:00,Y
a070f0facc2676647cba5cf0f3d742f3,,,,,Accessory for pba-hub assy,,,NECOA,WATER_PURIFIER_PART,WPP_3117578,,PBA-HUB ASSY,,PART,SECONDARY,2024-12-17 07:46:25.552000 +00:00,2024-12-17 07:46:25.556000 +00:00,Y
14656146aa6ef76a769339797df36d46,,,,,Accessory for sensor-hot water high level assy,,,NECOA,WATER_PURIFIER_PART,WPP_3117577,,SENSOR-HOT WATER HIGH LEVEL ASSY,,PART,SECONDARY,2024-12-17 07:46:24.311000 +00:00,2024-12-17 07:46:24.323000 +00:00,Y
4273cdfef8781d1c2b14f23a35fccda1,,,,,Accessory for tank-hot water assy,,,NECOA,WATER_PURIFIER_PART,WPP_3117576,,TANK-HOT WATER ASSY,,PART,SECONDARY,2024-12-17 07:46:22.389000 +00:00,2024-12-17 07:46:22.394000 +00:00,Y
83937f21a58b939cbb2392c07d8a11a0,,,,,Accessory for power cord,,,NECOA,WATER_PURIFIER_PART,WPP_3117575,,POWER CORD,,PART,SECONDARY,2024-12-17 07:46:20.755000 +00:00,2024-12-17 07:46:20.761000 +00:00,Y
f7ed62ec82d945e6c4c5917d96132116,,,,,Accessory for faucet assy (gr),,,NECOA,WATER_PURIFIER_PART,WPP_3117563,,FAUCET ASSY (GR),,PART,SECONDARY,2024-12-17 07:46:19.549000 +00:00,2024-12-17 07:46:19.554000 +00:00,Y
fed753aec0ad6beb0581498b07fa6da7,,,,,Accessory for faucet assy (sl),,,NECOA,WATER_PURIFIER_PART,WPP_3117562,,FAUCET ASSY (SL),,PART,SECONDARY,2024-12-17 07:46:17.623000 +00:00,2024-12-17 07:46:17.628000 +00:00,Y
959df25d79ef73a1804fa93790b93022,,,,,Accessory for cover-side l assy,,,NECOA,WATER_PURIFIER_PART,WPP_3115824,,COVER-SIDE L ASSY,,PART,SECONDARY,2024-12-17 07:46:16.182000 +00:00,2024-12-24 05:38:24.968000 +00:00,Y
b24e763a70e3016966712c429c274eb4,,,,,Accessory for cover-side r assy,,,NECOA,WATER_PURIFIER_PART,WPP_3115823,,COVER-SIDE R ASSY,,PART,SECONDARY,2024-12-17 07:46:14.681000 +00:00,2024-12-24 05:38:24.967000 +00:00,Y
9c199e7f448049a7399d085c7e6fecc6,,,,,Accessory for cover-top assy,,,NECOA,WATER_PURIFIER_PART,WPP_3115822,,COVER-TOP ASSY,,PART,SECONDARY,2024-12-17 07:46:13.204000 +00:00,2024-12-24 05:38:24.967000 +00:00,Y
cfddf5c7b57ad488d14943bd9ef6fcf1,,,,,Accessory for cover-mesh,,,NECOA,WATER_PURIFIER_PART,WPP_3117561,,COVER-MESH,,PART,SECONDARY,2024-12-17 07:46:10.587000 +00:00,2024-12-17 07:46:10.595000 +00:00,Y
536637116458222285b506b32b4c983f,,,,,Accessory for cover-rear assy,,,NECOA,WATER_PURIFIER_PART,WPP_3115821,,COVER-REAR ASSY,,PART,SECONDARY,2024-12-17 07:46:08.547000 +00:00,2024-12-24 05:38:24.966000 +00:00,Y
4abd5eea31199761e511ae54b3d3f8e9,,,,,Accessory for cover-main pba assy,,,NECOA,WATER_PURIFIER_PART,WPP_3117559,,COVER-MAIN PBA ASSY,,PART,SECONDARY,2024-12-17 07:46:06.378000 +00:00,2024-12-17 07:46:06.388000 +00:00,Y
afbc6e29de5f78f10b756def5ac08c8f,,,,,Accessory for pba-smps assy,,,NECOA,WATER_PURIFIER_PART,WPP_3117558,,PBA-SMPS ASSY,,PART,SECONDARY,2024-12-17 07:46:05.163000 +00:00,2024-12-17 07:46:05.170000 +00:00,Y
aa7f2c98b4c66584e986da6e7a6585f9,,,,,Accessory for pba-relay assy,,,NECOA,WATER_PURIFIER_PART,WPP_3115812,,PBA-RELAY ASSY,,PART,SECONDARY,2024-12-17 07:46:03.697000 +00:00,2024-12-24 05:38:24.966000 +00:00,Y
8af79710e8f00f80c432bd91f4d481fe,,,,,Accessory for pba-main assy,,,NECOA,WATER_PURIFIER_PART,WPP_3115810,,PBA-MAIN ASSY,,PART,SECONDARY,2024-12-17 07:46:02.009000 +00:00,2024-12-24 05:38:24.966000 +00:00,Y
f43b57f0d652b0b6b854a3c896716715,,,,,Accessory for valve-room water feed assy,,,NECOA,WATER_PURIFIER_PART,WPP_3115881,,VALVE-ROOM WATER FEED ASSY,,PART,SECONDARY,2024-12-17 07:46:00.629000 +00:00,2024-12-24 05:38:24.971000 +00:00,Y
775c4f679437b5dcdfd8ee903fb77e8a,,,,,Accessory for pba-hub assy,,,NECOA,WATER_PURIFIER_PART,WPP_3115801,,PBA-HUB ASSY,,PART,SECONDARY,2024-12-17 07:45:59.432000 +00:00,2024-12-24 05:38:24.964000 +00:00,Y
af717c3376bce4f669bb19555c9a9d32,,,,,Accessory for sensor-hot water high level assy,,,NECOA,WATER_PURIFIER_PART,WPP_3117136,,SENSOR-HOT WATER HIGH LEVEL ASSY,,PART,SECONDARY,2024-12-17 07:45:57.342000 +00:00,2024-12-17 07:45:57.346000 +00:00,Y
a200d808f261f19691911b151106c783,,,,,Accessory for tank-hot water assy,,,NECOA,WATER_PURIFIER_PART,WPP_3115774,,TANK-HOT WATER ASSY,,PART,SECONDARY,2024-12-17 07:45:55.629000 +00:00,2024-12-24 05:38:24.961000 +00:00,Y
e040873a1392513ce67bf1d6eaad60db,,,,,Accessory for sensor-cool water high level,,,NECOA,WATER_PURIFIER_PART,WPP_3117135,,SENSOR-COOL WATER HIGH LEVEL,,PART,SECONDARY,2024-12-17 07:45:54.229000 +00:00,2024-12-17 07:45:54.235000 +00:00,Y
ec84e940c308143a0f7d967141812e67,,,,,Accessory for sensor-cold water temperature assy,,,NECOA,WATER_PURIFIER_PART,WPP_3117129,,SENSOR-COLD WATER TEMPERATURE ASSY,,PART,SECONDARY,2024-12-17 07:45:52.356000 +00:00,2024-12-17 07:45:52.360000 +00:00,Y
83b4a12a5b363a5fb92b921f1c28be05,,,,,Accessory for connector-nipple t,,,NECOA,WATER_PURIFIER_PART,WPP_3115753,,CONNECTOR-NIPPLE T,,PART,SECONDARY,2024-12-17 07:45:50.308000 +00:00,2024-12-24 05:38:24.961000 +00:00,Y
61f78cdea7155b77373973a3f5f834a7,,,,,This filter enhances water purity,,,NECOA,WATER_PURIFIER_PART,WPP_3115748,,FRAME-FILTER ASSY,,PART,SECONDARY,2024-12-17 07:45:48.530000 +00:00,2024-12-24 05:38:24.950000 +00:00,Y
9c4226727292de28c138737bfcbf786e,,,,,Accessory for power cord,,,NECOA,WATER_PURIFIER_PART,WPP_3115938,,POWER CORD,,PART,SECONDARY,2024-12-17 07:45:47.264000 +00:00,2024-12-24 05:38:24.971000 +00:00,Y
14ff3c3f10b186600aa120c0df71e073,,,,,Accessory for locker-faucet (bu),,,NECOA,WATER_PURIFIER_PART,WPP_3116565,,LOCKER-FAUCET (BU),,PART,SECONDARY,2024-12-17 07:45:46.015000 +00:00,2024-12-19 04:53:20.361000 +00:00,Y
df188f647313e174bf012f92d0b72d0f,,,,,Accessory for locker-faucet (br),,,NECOA,WATER_PURIFIER_PART,WPP_3116563,,LOCKER-FAUCET (BR),,PART,SECONDARY,2024-12-17 07:45:44.649000 +00:00,2024-12-17 07:45:44.655000 +00:00,Y
0abe25ff47f1faecb70a3d372ec5c83b,,,,,Accessory for handle-faucet (bu),,,NECOA,WATER_PURIFIER_PART,WPP_3116552,,HANDLE-FAUCET (BU),,PART,SECONDARY,2024-12-17 07:45:43.130000 +00:00,2024-12-19 04:53:20.361000 +00:00,Y
602aaff85bca948fc0a32a676d7e9f84,,,,,Accessory for handle-faucet (br),,,NECOA,WATER_PURIFIER_PART,WPP_3116550,,HANDLE-FAUCET (BR),,PART,SECONDARY,2024-12-17 07:45:41.674000 +00:00,2024-12-17 07:45:41.680000 +00:00,Y
c2bd2064b32f9e93ceeba53a060a098b,,,,,Accessory for faucet assy (bu),,,NECOA,WATER_PURIFIER_PART,WPP_3116378,,FAUCET ASSY (BU),,PART,SECONDARY,2024-12-17 07:45:39.437000 +00:00,2024-12-19 04:53:20.361000 +00:00,Y
dbf01a1d597228ede7ad6d2009156918,,,,,Accessory for faucet assy (gr),,,NECOA,WATER_PURIFIER_PART,WPP_3116377,,FAUCET ASSY (GR),,PART,SECONDARY,2024-12-17 07:45:37.932000 +00:00,2024-12-23 01:24:04.822000 +00:00,Y
5c163450ccb39ea7cee3f8a597140281,,,,,Accessory for faucet assy (br),,,NECOA,WATER_PURIFIER_PART,WPP_3116376,,FAUCET ASSY (BR),,PART,SECONDARY,2024-12-17 07:45:11.687000 +00:00,2024-12-17 07:45:11.692000 +00:00,Y
4ef3f7e75334765ad46352b246e75179,,,,,Accessory for faucet assy (sl),,,NECOA,WATER_PURIFIER_PART,WPP_3115744,,FAUCET ASSY (SL),,PART,SECONDARY,2024-12-17 07:45:09.333000 +00:00,2024-12-20 07:44:15.483000 +00:00,Y
488d5869be9ff196b0726847a5ae918f,,,,,Accessory for sensor-micro size flow,,,NECOA,WATER_PURIFIER_PART,WPP_3117592,,SENSOR-MICRO SIZE FLOW,,PART,SECONDARY,2024-12-17 07:45:07.734000 +00:00,2024-12-17 07:45:07.739000 +00:00,Y
3e5c8bdc9e8ab26bf0360220e29a02e5,,,,,Accessory for sensor-thermistor ht,,,NECOA,WATER_PURIFIER_PART,WPP_3301443,,SENSOR-THERMISTOR HT,,PART,SECONDARY,2024-12-17 07:45:04.128000 +00:00,2024-12-17 07:45:04.132000 +00:00,Y
18974c518f80368f10df8b8eb75b75a1,,,,,Accessory for bimetal,,,NECOA,WATER_PURIFIER_PART,WPP_3118814,,BIMETAL,,PART,SECONDARY,2024-12-17 07:45:02.438000 +00:00,2024-12-17 07:45:02.443000 +00:00,Y
0e49b38f9a3da774c1a7b5708e1ab551,,,,,Accessory for door-front assy,,,NECOA,WATER_PURIFIER_PART,WPP_3115826,,DOOR-FRONT ASSY,,PART,SECONDARY,2024-12-17 07:45:00.866000 +00:00,2024-12-24 05:38:24.968000 +00:00,Y
82219f8031b00090089a260bf164bd4a,,,,,This filter enhances water purity,,,NECOA,WATER_PURIFIER_PART,WPP_3115825,,DOOR-RO FILTER ASSY,,PART,SECONDARY,2024-12-17 07:44:59.471000 +00:00,2024-12-24 05:38:24.968000 +00:00,Y
5a8f17f4d3c5cafaaa0333f8ba9e9155,,,,,Accessory for cover-frame valve,,,NECOA,WATER_PURIFIER_PART,WPP_3115806,,COVER-FRAME VALVE,,PART,SECONDARY,2024-12-17 07:44:57.492000 +00:00,2024-12-24 05:38:24.966000 +00:00,Y
5a8e3436b8f7357a14cfd2f61ead6ed3,,,,,Accessory for valve-water feed assy,,,NECOA,WATER_PURIFIER_PART,WPP_3115880,,VALVE-WATER FEED ASSY,,PART,SECONDARY,2024-12-17 07:44:55.763000 +00:00,2024-12-24 05:38:24.970000 +00:00,Y
5ba50185e14a46188f27b877d5486e11,,,,,Accessory for fitting-unique stem straight ,,,NECOA,WATER_PURIFIER_PART,WPP_3117556,,FITTING-UNIQUE STEM STRAIGHT ,,PART,SECONDARY,2024-12-17 07:44:53.395000 +00:00,2024-12-17 07:44:53.400000 +00:00,Y
9b109a086b1e3255f8d4267773202ed2,,,,,Accessory for connector-2 stem elbow,,,NECOA,WATER_PURIFIER_PART,WPP_3115827,,CONNECTOR-2 STEM ELBOW,,PART,SECONDARY,2024-12-17 07:44:51.713000 +00:00,2024-12-24 05:38:24.969000 +00:00,Y
4888a6ce7233b05b2aeca47bda523659,,,,,Accessory for connector-2 stem,,,NECOA,WATER_PURIFIER_PART,WPP_3115803,,CONNECTOR-2 STEM,,PART,SECONDARY,2024-12-17 07:44:49.907000 +00:00,2024-12-24 05:38:24.965000 +00:00,Y
2b4bd7dc6ed925547bc5ab46de6efa75,,,,,Accessory for valve-safety,,,NECOA,WATER_PURIFIER_PART,WPP_3106258,,VALVE-SAFETY,,PART,SECONDARY,2024-12-17 07:44:48.415000 +00:00,2024-12-24 05:38:24.948000 +00:00,Y
28cffe45288dacf94c7627c954045ed8,,,,,Accessory for fitting-flow control elbow ,,,NECOA,WATER_PURIFIER_PART,WPP_3115802,,FITTING-FLOW CONTROL ELBOW ,,PART,SECONDARY,2024-12-17 07:44:48.382000 +00:00,2024-12-24 05:38:24.965000 +00:00,Y
7a1f9c61069898a0f3465947d7bc9679,,,,,Accessory for valve-blue e high pressure direct assy,,,NECOA,WATER_PURIFIER_PART,WPP_3115799,,VALVE-BLUE E HIGH PRESSURE DIRECT ASSY,,PART,SECONDARY,2024-12-17 07:44:46.555000 +00:00,2024-12-24 05:38:24.964000 +00:00,Y
551b2d222a1d121cbc574314f9e74bec,,,,,Accessory for valve-nos assy,,,NECOA,WATER_PURIFIER_PART,WPP_3115797,,VALVE-NOS ASSY,,PART,SECONDARY,2024-12-17 07:44:44.750000 +00:00,2024-12-24 05:38:24.963000 +00:00,Y
e0b6a09410817989a3061794e7cd1e80,,,,,Accessory for valve-drain nos assy,,,NECOA,WATER_PURIFIER_PART,WPP_3115790,,VALVE-DRAIN NOS ASSY,,PART,SECONDARY,2024-12-17 07:44:42.992000 +00:00,2024-12-24 05:38:24.963000 +00:00,Y
17e7ea0d22f5955c1c3546e427feaef6,,,,,Accessory for pba-wifi assy,,,NECOA,WATER_PURIFIER_PART,WPP_3117138,,PBA-WiFi ASSY,,PART,SECONDARY,2024-12-17 07:44:41.490000 +00:00,2024-12-17 07:44:41.495000 +00:00,Y
1be0dcc27f5c4abe418ee13fce6ccdd1,,,,,Accessory for valve-ro flushing feed assy,,,NECOA,WATER_PURIFIER_PART,WPP_3115777,,VALVE-RO FLUSHING FEED ASSY,,PART,SECONDARY,2024-12-17 07:44:39.705000 +00:00,2024-12-24 05:38:24.962000 +00:00,Y
caef06ee7c0f4b9e7a6d089ccc678b0a,,,,,Accessory for valve-cold hot water extraction feed assy,,,NECOA,WATER_PURIFIER_PART,WPP_3115776,,VALVE-COLD HOT WATER EXTRACTION FEED ASSY,,PART,SECONDARY,2024-12-17 07:44:37.761000 +00:00,2024-12-24 05:38:24.962000 +00:00,Y
cce69f957066c15e51fbbdb3a65b7b29,,,,,Accessory for sensor-hot water temperatre,,,NECOA,WATER_PURIFIER_PART,WPP_3213388,,SENSOR-HOT WATER TEMPERATRE,,PART,SECONDARY,2024-12-17 07:44:36.116000 +00:00,2024-12-24 05:38:24.971000 +00:00,Y
873d0d4f7dd07c4ec613ad6320c6353c,,,,,Accessory for bimetal,,,NECOA,WATER_PURIFIER_PART,WPP_3103098,,BIMETAL,,PART,SECONDARY,2024-12-17 07:44:36.094000 +00:00,2024-12-17 07:44:36.100000 +00:00,Y
8330a66b6744a29d2f39ea009e50b673,,,,,Accessory for pipe-pump,,,NECOA,WATER_PURIFIER_PART,WPP_3115751,,PIPE-PUMP,,PART,SECONDARY,2024-12-17 07:44:36.062000 +00:00,2024-12-24 05:38:24.960000 +00:00,Y
3da7dd5e1a9b0fcfbab91f0237ddae80,,,,,Accessory for pump-booster assy,,,NECOA,WATER_PURIFIER_PART,WPP_3115879,,PUMP-BOOSTER ASSY,,PART,SECONDARY,2024-12-17 07:44:34.734000 +00:00,2024-12-24 05:38:24.970000 +00:00,Y
f277d3b5c9e7e085a84a038aad1a8a78,,,,,This filter enhances water purity,,,NECOA,WATER_PURIFIER_PART,WPP_3117127,,PIPE-RO FILTER ASSY,,PART,SECONDARY,2024-12-17 07:44:33.089000 +00:00,2024-12-17 07:44:33.096000 +00:00,Y
ced262cdaf918868d0b588d11b36b01e,,,,,Accessory for sensor-high flow assy ,,,NECOA,WATER_PURIFIER_PART,WPP_3119372,,SENSOR-HIGH FLOW ASSY ,,PART,SECONDARY,2024-12-17 07:44:31.289000 +00:00,2024-12-17 07:44:31.297000 +00:00,Y
b2672ffd5e5593a13e13ec433761765d,,,,,Accessory for sensor-high flow assy ,,,NECOA,WATER_PURIFIER_PART,WPP_3107637,,SENSOR-HIGH FLOW ASSY ,,PART,SECONDARY,2024-12-17 07:44:29.251000 +00:00,2024-12-17 07:44:29.256000 +00:00,Y
0b417a223af02507418d0a39c245d0be,,,,,Accessory for pba-repair hub assy,,,NECOA,WATER_PURIFIER_PART,WPP_3115749,,PBA-REPAIR HUB ASSY,,PART,SECONDARY,2024-12-17 07:44:29.230000 +00:00,2024-12-24 05:38:24.951000 +00:00,Y
cf4913c843bf488defe257755ad73535,,,,,Accessory for pba-key assy,,,NECOA,WATER_PURIFIER_PART,WPP_3115875,,PBA-KEY ASSY,,PART,SECONDARY,2024-12-17 07:44:27.535000 +00:00,2024-12-24 05:38:24.970000 +00:00,Y
9878c83673518fde15405aebe807222c,,,,,Accessory for pba-room sensor,,,NECOA,WATER_PURIFIER_PART,WPP_3104607,,PBA-ROOM SENSOR,,PART,SECONDARY,2024-12-17 07:44:25.446000 +00:00,2024-12-17 07:44:25.454000 +00:00,Y
949e8e3d43a2f2698146d1c7fa4bdc91,,,,,Accessory for switch-reed,,,NECOA,WATER_PURIFIER_PART,WPP_3117126,,SWITCH-REED,,PART,SECONDARY,2024-12-17 07:44:24.053000 +00:00,2024-12-17 07:44:24.061000 +00:00,Y
c434e6da15923cdd66b2300c4188612d,,,,,Accessory for fitting-mesh elbow,,,NECOA,WATER_PURIFIER_PART,WPP_3110075,,FITTING-MESH ELBOW,,PART,SECONDARY,2024-12-17 07:44:22.083000 +00:00,2024-12-17 07:44:22.089000 +00:00,Y
5868a0c071e868a3aa306f471f97ad68,,,,,Accessory for valve-regulator assy ,,,NECOA,WATER_PURIFIER_PART,WPP_3114108,,VALVE-REGULATOR ASSY ,,PART,SECONDARY,2024-12-17 07:44:19.664000 +00:00,2025-01-02 08:11:27.203000 +00:00,Y
3fc7a56045a1a653b0a4e1f018cd874f,,,,,Accessory for sensor-leak detector assy,,,NECOA,WATER_PURIFIER_PART,WPP_3117125,,SENSOR-LEAK DETECTOR ASSY,,PART,SECONDARY,2024-12-17 07:44:17.961000 +00:00,2024-12-17 07:44:17.966000 +00:00,Y
73c8e54bdd033e4a55ebeb02102da066,,,,,Accessory for motor-fan,,,NECOA,WATER_PURIFIER_PART,WPP_3110757,,MOTOR-FAN,,PART,SECONDARY,2024-12-17 07:44:16.243000 +00:00,2024-12-24 05:38:24.972000 +00:00,Y
5e204b8384a16873bd6b5ebef995e161,,,,,Accessory for faucet-hose install assy,,,NECOA,WATER_PURIFIER_PART,WPP_3115747,,FAUCET-HOSE INSTALL ASSY,,PART,SECONDARY,2024-12-17 07:44:14.574000 +00:00,2024-12-24 05:38:24.950000 +00:00,Y
836b6b3f6c606bb7856ace090f8169d0,,,,,Accessory for faucet-install rotation assy,,,NECOA,WATER_PURIFIER_PART,WPP_3115746,,FAUCET-INSTALL ROTATION ASSY,,PART,SECONDARY,2024-12-17 07:44:12.932000 +00:00,2024-12-24 05:38:24.949000 +00:00,Y
d6e19eed96d8ecc0928b9cf5a287f7dc,,,,,Accessory for faucet-install assy,,,NECOA,WATER_PURIFIER_PART,WPP_3115745,,FAUCET-INSTALL ASSY,,PART,SECONDARY,2024-12-17 07:44:11.410000 +00:00,2024-12-24 05:38:24.948000 +00:00,Y
9369659efef2ca777c6bfaf5e989f9fe,,,,,Accessory for locker-faucet (gr),,,NECOA,WATER_PURIFIER_PART,WPP_3116564,,LOCKER-FAUCET (GR),,PART,SECONDARY,2024-12-17 07:44:09.856000 +00:00,2024-12-23 01:24:04.823000 +00:00,Y
bfafa959f6c30c1c7fa1f947cc9717a5,,,,,Accessory for locker-faucet (sl),,,NECOA,WATER_PURIFIER_PART,WPP_3115953,,LOCKER-FAUCET (SL),,PART,SECONDARY,2024-12-17 07:44:08.363000 +00:00,2024-12-20 07:44:15.490000 +00:00,Y
22744d12e1b448840bf94d726f658b29,,,,,Accessory for deco-faucet assy,,,NECOA,WATER_PURIFIER_PART,WPP_3115947,,DECO-FAUCET ASSY,,PART,SECONDARY,2024-12-17 07:44:06.124000 +00:00,2024-12-24 05:38:24.971000 +00:00,Y
2c6cff3d49abdfc1481f90d3905e0f4b,,,,,Accessory for handle-faucet (gr),,,NECOA,WATER_PURIFIER_PART,WPP_3116551,,HANDLE-FAUCET (GR),,PART,SECONDARY,2024-12-17 07:44:04.474000 +00:00,2024-12-23 01:24:04.822000 +00:00,Y
e4bbff4a90a8fd3f8c3e15312a862ea2,,,,,Accessory for handle-faucet (sl),,,NECOA,WATER_PURIFIER_PART,WPP_3115945,,HANDLE-FAUCET (SL),,PART,SECONDARY,2024-12-17 07:44:03.114000 +00:00,2024-12-20 07:44:15.489000 +00:00,Y
d5098f9bce223dccfc80b27b3acb28c0,,,,,Accessory for tray assy (sl),,,NECOA,WATER_PURIFIER_PART,WPP_3115289,,TRAY ASSY (SL),,PART,SECONDARY,2024-12-17 07:44:01.456000 +00:00,2024-12-17 07:44:01.494000 +00:00,Y
f21180932d8e04f1c5d9dbb676e8f718,,,,,Accessory for tray assy (wt),,,NECOA,WATER_PURIFIER_PART,WPP_3115288,,TRAY ASSY (WT),,PART,SECONDARY,2024-12-16 05:24:14.217000 +00:00,2024-12-16 05:24:14.223000 +00:00,Y
2bea9b0f6210b8eb950258b6333c7d2e,,,,,Accessory for tray assy (gr),,,NECOA,WATER_PURIFIER_PART,WPP_3114552,,TRAY ASSY (GR),,PART,SECONDARY,2024-12-16 05:24:14.193000 +00:00,2024-12-16 05:24:14.197000 +00:00,Y
c0c46bb1ef236dc0987183ce51eefdab,,,,,Accessory for cover-display assy (sl),,,NECOA,WATER_PURIFIER_PART,WPP_3115285,,COVER-DISPLAY ASSY (SL),,PART,SECONDARY,2024-12-16 05:24:12.793000 +00:00,2024-12-16 05:24:12.798000 +00:00,Y
064cc8ace886aa5ca26493362c6d822e,,,,,Accessory for cover-display assy (wt),,,NECOA,WATER_PURIFIER_PART,WPP_3115284,,COVER-DISPLAY ASSY (WT),,PART,SECONDARY,2024-12-16 05:24:11.763000 +00:00,2024-12-16 05:24:11.768000 +00:00,Y
209a32f908975cec88d11fe4e0f3200c,,,,,Accessory for cover-display assy (gr),,,NECOA,WATER_PURIFIER_PART,WPP_3114550,,COVER-DISPLAY ASSY (GR),,PART,SECONDARY,2024-12-16 05:24:11.741000 +00:00,2024-12-16 05:24:11.748000 +00:00,Y
d1112419138fdd69174286b35234364a,,,,,This filter enhances water purity,,,NECOA,WATER_PURIFIER_PART,WPP_3115283,,DOOR-FILTER ASSY (SL),,PART,SECONDARY,2024-12-16 05:24:10.480000 +00:00,2024-12-16 05:24:10.491000 +00:00,Y
653b7e0209cc63feaf326667d8c2c116,,,,,This filter enhances water purity,,,NECOA,WATER_PURIFIER_PART,WPP_3115282,,DOOR-FILTER ASSY (WT),,PART,SECONDARY,2024-12-16 05:24:09.411000 +00:00,2024-12-16 05:24:09.417000 +00:00,Y
7405561857116a0087b757979aae20b0,,,,,This filter enhances water purity,,,NECOA,WATER_PURIFIER_PART,WPP_3114549,,DOOR-FILTER ASSY (GR),,PART,SECONDARY,2024-12-16 05:24:09.387000 +00:00,2024-12-16 05:24:09.392000 +00:00,Y
752dca0fc845937991367a413d452482,,,,,Accessory for cover-top (sl),,,NECOA,WATER_PURIFIER_PART,WPP_3115281,,COVER-TOP (SL),,PART,SECONDARY,2024-12-16 05:24:07.681000 +00:00,2024-12-16 05:24:07.686000 +00:00,Y
cd0c4b11a2a6bb3ddae1eb5ed1d75781,,,,,Accessory for cover-top (wt),,,NECOA,WATER_PURIFIER_PART,WPP_3115280,,COVER-TOP (WT),,PART,SECONDARY,2024-12-16 05:24:06.332000 +00:00,2024-12-16 05:24:06.338000 +00:00,Y
04194bdea96a0dfd4d0ab866ad5fa88d,,,,,Accessory for cover-top (gr),,,NECOA,WATER_PURIFIER_PART,WPP_3114547,,COVER-TOP (GR),,PART,SECONDARY,2024-12-16 05:24:06.312000 +00:00,2024-12-16 05:24:06.318000 +00:00,Y
4fcf630c4feb9cae1bd391196f3c6df4,,,,,Accessory for cover-side l assy (sl),,,NECOA,WATER_PURIFIER_PART,WPP_3115279,,COVER-SIDE L ASSY (SL),,PART,SECONDARY,2024-12-16 05:24:05.102000 +00:00,2024-12-16 05:24:05.107000 +00:00,Y
03c8ebeca81f26138b6450e1274d27b3,,,,,Accessory for cover-side l assy (wt),,,NECOA,WATER_PURIFIER_PART,WPP_3115278,,COVER-SIDE L ASSY (WT),,PART,SECONDARY,2024-12-16 05:24:03.456000 +00:00,2024-12-16 05:24:03.486000 +00:00,Y
b76c89a8b2ad56d2e60f1bba46001a7b,,,,,Accessory for cover-side l assy,,,NECOA,WATER_PURIFIER_PART,WPP_3114546,,COVER-SIDE L ASSY,,PART,SECONDARY,2024-12-16 05:23:03.964000 +00:00,2024-12-16 05:23:03.967000 +00:00,Y
627945932f2aaa0e92a00c72d08ccc55,,,,,Accessory for cover-side r (sl),,,NECOA,WATER_PURIFIER_PART,WPP_3115275,,COVER-SIDE R (SL),,PART,SECONDARY,2024-12-16 05:23:02.546000 +00:00,2024-12-16 05:23:02.550000 +00:00,Y
48818e57778c6e870152d68bc39eca84,,,,,Accessory for cover-side r (wt),,,NECOA,WATER_PURIFIER_PART,WPP_3115274,,COVER-SIDE R (WT),,PART,SECONDARY,2024-12-16 05:23:02.527000 +00:00,2024-12-16 05:23:02.538000 +00:00,Y
f33650332807770d8592a1ff7781a08d,,,,,Accessory for cover-side r (gr),,,NECOA,WATER_PURIFIER_PART,WPP_3114544,,COVER-SIDE R (GR),,PART,SECONDARY,2024-12-16 05:23:02.511000 +00:00,2024-12-16 05:23:02.514000 +00:00,Y
4f884755b857a09d88d1c3a51dc967b1,,,,,Accessory for door-valve assy (sl),,,NECOA,WATER_PURIFIER_PART,WPP_3115392,,DOOR-VALVE ASSY (SL),,PART,SECONDARY,2024-12-16 05:23:02.499000 +00:00,2024-12-16 05:23:02.502000 +00:00,Y
c8fb5e8dd47064d537978ba336698a50,,,,,Accessory for door-valve assy (wt),,,NECOA,WATER_PURIFIER_PART,WPP_3115391,,DOOR-VALVE ASSY (WT),,PART,SECONDARY,2024-12-16 05:23:01.268000 +00:00,2024-12-16 05:23:01.287000 +00:00,Y
75ffd9bf76a5534dee2ee8cab1e591bb,,,,,Accessory for door-valve assy (gr),,,NECOA,WATER_PURIFIER_PART,WPP_3114541,,DOOR-VALVE ASSY (GR),,PART,SECONDARY,2024-12-16 05:23:01.251000 +00:00,2024-12-16 05:23:01.254000 +00:00,Y
d9f1f607b9511327c65ade41fd6ee12d,,,,,Accessory for fitting-long elbow ,,,NECOA,WATER_PURIFIER_PART,WPP_3115645,,FITTING-LONG ELBOW ,,PART,SECONDARY,2024-12-16 05:23:00.247000 +00:00,2024-12-16 05:23:00.250000 +00:00,Y
698238cd13ce7308f52959361cd3f1f7,,,,,Accessory for fitting- reduce straight,,,NECOA,WATER_PURIFIER_PART,WPP_3115855,,FITTING- REDUCE STRAIGHT,,PART,SECONDARY,2024-12-16 05:23:00.233000 +00:00,2025-01-02 08:11:27.211000 +00:00,Y
c4a90106d5ef18a3b33faa8966a274d0,,,,,Accessory for valve-drain,,,NECOA,WATER_PURIFIER_PART,WPP_3115854,,VALVE-DRAIN,,PART,SECONDARY,2024-12-16 05:22:58.450000 +00:00,2024-12-16 05:22:58.453000 +00:00,Y
70b7986b6d73ef4cf8a1d9ea804a95c3,,,,,Accessory for switch-reed ,,,NECOA,WATER_PURIFIER_PART,WPP_3103750,,SWITCH-REED ,,PART,SECONDARY,2024-12-16 05:22:56.935000 +00:00,2024-12-24 05:38:24.945000 +00:00,Y
abff9e375aca3281e6d194ef21776a50,,,,,Accessory for switch-reed,,,NECOA,WATER_PURIFIER_PART,WPP_3100960,,SWITCH-REED,,PART,SECONDARY,2024-12-16 05:22:55.706000 +00:00,2024-12-16 05:22:55.710000 +00:00,Y
8f231a919521a63e308cabfa0dad99c3,,,,,Accessory for switch-reed,,,NECOA,WATER_PURIFIER_PART,WPP_3100961,,SWITCH-REED,,PART,SECONDARY,2024-12-16 05:22:55.687000 +00:00,2024-12-16 05:22:55.690000 +00:00,Y
4920043a2d626d51e879edeb93e263b0,,,,,Accessory for cover-front assy,,,NECOA,WATER_PURIFIER_PART,WPP_3114551,,COVER-FRONT ASSY,,PART,SECONDARY,2024-12-16 05:22:55.674000 +00:00,2024-12-16 05:22:55.677000 +00:00,Y
b8e3f26061f5ee241261e66f4527773d,,,,,Accessory for pba-front assy,,,NECOA,WATER_PURIFIER_PART,WPP_3114572,,PBA-FRONT ASSY,,PART,SECONDARY,2024-12-16 05:22:54.667000 +00:00,2024-12-16 05:22:54.670000 +00:00,Y
89e5dc3fa429ea6bcfd3608cc8ce9c49,,,,,Accessory for pba-main assy,,,NECOA,WATER_PURIFIER_PART,WPP_3114574,,PBA-MAIN ASSY,,PART,SECONDARY,2024-12-16 05:22:53.458000 +00:00,2024-12-16 05:22:53.463000 +00:00,Y
8efa50e6fcff59dc3cea39b387e6ad57,,,,,Accessory for cap-main tank assy,,,NECOA,WATER_PURIFIER_PART,WPP_3114542,,CAP-MAIN TANK ASSY,,PART,SECONDARY,2024-12-16 05:22:51.672000 +00:00,2024-12-16 05:22:51.675000 +00:00,Y
463412741d1e3fe031016402f29f7634,,,,,Accessory for harness-hub1,,,NECOA,WATER_PURIFIER_PART,WPP_3115853,,HARNESS-HUB1,,PART,SECONDARY,2024-12-16 05:22:50.649000 +00:00,2024-12-16 05:22:50.653000 +00:00,Y
7fe490f1a694874e552b75a76a0c0e6f,,,,,Accessory for pba-wifi assy,,,NECOA,WATER_PURIFIER_PART,WPP_3114575,,PBA-WIFI ASSY,,PART,SECONDARY,2024-12-16 05:22:49.608000 +00:00,2024-12-20 07:44:15.490000 +00:00,Y
e6ded2bc7c9f375d8e015cfb6b686218,,,,,Accessory for locker-door,,,NECOA,WATER_PURIFIER_PART,WPP_3301869,,LOCKER-DOOR,,PART,SECONDARY,2024-12-16 05:22:48.521000 +00:00,2024-12-16 05:22:48.524000 +00:00,Y
7a257f24cda5fc0f7cf57f1a02597ff3,,,,,Accessory for door-front inner cover,,,NECOA,WATER_PURIFIER_PART,WPP_3115490,,DOOR-FRONT INNER COVER,,PART,SECONDARY,2024-12-16 05:22:48.507000 +00:00,2024-12-16 05:22:48.511000 +00:00,Y
6fb4f527b3ab08cbfee9008f686547e0,,,,,Accessory for fitting-reducer mesh elbow ,,,NECOA,WATER_PURIFIER_PART,WPP_3114535,,FITTING-REDUCER MESH ELBOW ,,PART,SECONDARY,2024-12-16 05:22:46.867000 +00:00,2024-12-16 05:22:46.870000 +00:00,Y
4261a299fd2c68bbb7dfcce4f6c76d75,,,,,Accessory for valve-direct feed-nos assy ,,,NECOA,WATER_PURIFIER_PART,WPP_3114533,,VALVE-DIRECT FEED-NOS ASSY ,,PART,SECONDARY,2024-12-16 05:22:45.773000 +00:00,2024-12-16 05:22:45.776000 +00:00,Y
f8a180890216d04591e676a5ce778044,,,,,Accessory for connector-ct_ht assy,,,NECOA,WATER_PURIFIER_PART,WPP_3114532,,CONNECTOR-CT_HT ASSY,,PART,SECONDARY,2024-12-16 05:22:44.279000 +00:00,2024-12-16 05:22:44.282000 +00:00,Y
a1bfe260e6165f79593e1a159a482bf7,,,,,Accessory for deco-faucet,,,NECOA,WATER_PURIFIER_PART,WPP_3114555,,DECO-FAUCET,,PART,SECONDARY,2024-12-16 05:22:42.852000 +00:00,2024-12-16 05:22:42.856000 +00:00,Y
3acc2a104f3f10bfb6d47483d7ee4e7b,,,,,Accessory for connector-extract assy,,,NECOA,WATER_PURIFIER_PART,WPP_3115489,,CONNECTOR-EXTRACT ASSY,,PART,SECONDARY,2024-12-16 05:22:41.119000 +00:00,2024-12-16 05:22:41.122000 +00:00,Y
432ef989f3d0109ba89cfc0cae9d6776,,,,,Accessory for valve-3way assy,,,NECOA,WATER_PURIFIER_PART,WPP_3114528,,VALVE-3WAY ASSY,,PART,SECONDARY,2024-12-16 05:22:39.810000 +00:00,2024-12-16 05:22:39.813000 +00:00,Y
4721f0f5ff66769008b4bd56243ac097,,,,,Accessory for connector-mt_ht assy,,,NECOA,WATER_PURIFIER_PART,WPP_3114527,,CONNECTOR-MT_HT ASSY,,PART,SECONDARY,2024-12-16 05:22:38.579000 +00:00,2024-12-16 05:22:38.582000 +00:00,Y
ba6524a1b50985db0b0ee0d8b3a1a905,,,,,Accessory for bimetal,,,NECOA,WATER_PURIFIER_PART,WPP_3212800,,BIMETAL,,PART,SECONDARY,2024-12-16 05:22:37.005000 +00:00,2024-12-20 07:44:15.490000 +00:00,Y
75b010bfca34162f4ccaf0cf3714d94c,,,,,Accessory for tank-heating assy,,,NECOA,WATER_PURIFIER_PART,WPP_3115488,,TANK-HEATING ASSY,,PART,SECONDARY,2024-12-16 05:22:36.990000 +00:00,2024-12-16 05:22:36.994000 +00:00,Y
31b36101762c5b8e034ade6bb87395ed,,,,,Accessory for pump-drain assy,,,NECOA,WATER_PURIFIER_PART,WPP_3115618,,PUMP-DRAIN ASSY,,PART,SECONDARY,2024-12-16 05:22:35.481000 +00:00,2024-12-16 05:22:35.484000 +00:00,Y
c39bfe536e0c51c7fb85c9f958eecc2e,,,,,Accessory for cover-inno assy,,,NECOA,WATER_PURIFIER_PART,WPP_3114517,,COVER-INNO ASSY,,PART,SECONDARY,2024-12-16 05:22:35.464000 +00:00,2024-12-16 05:22:35.468000 +00:00,Y
6f2fb52a4efff9919487608643b4f1ca,,,,,Accessory for cover-ro assy,,,NECOA,WATER_PURIFIER_PART,WPP_3114516,,COVER-RO ASSY,,PART,SECONDARY,2024-12-16 05:22:34.020000 +00:00,2024-12-16 05:22:34.024000 +00:00,Y
d67ace172dd14d18e1d9479ca8c9e986,,,,,Accessory for cover-neo assy,,,NECOA,WATER_PURIFIER_PART,WPP_3114515,,COVER-NEO ASSY,,PART,SECONDARY,2024-12-16 05:22:32.744000 +00:00,2024-12-16 05:22:32.749000 +00:00,Y
5f18b79cf846050affa64c921bfeb5a7,,,,,Accessory for bracket-cold sensor assy,,,NECOA,WATER_PURIFIER_PART,WPP_3115487,,BRACKET-COLD SENSOR ASSY,,PART,SECONDARY,2024-12-16 05:22:31.573000 +00:00,2024-12-16 05:22:31.579000 +00:00,Y
bb2eed52d6932a418ac2a6d585e50a28,,,,,Accessory for bracket-sensor,,,NECOA,WATER_PURIFIER_PART,WPP_3115486,,BRACKET-SENSOR,,PART,SECONDARY,2024-12-16 05:22:29.879000 +00:00,2024-12-16 05:22:29.882000 +00:00,Y
ced22cbdc9f31cc9f3d82bf762fc5e53,,,,,Accessory for packing-cold water sensor,,,NECOA,WATER_PURIFIER_PART,WPP_3115485,,PACKING-COLD WATER SENSOR,,PART,SECONDARY,2024-12-16 05:22:28.333000 +00:00,2024-12-16 05:22:28.337000 +00:00,Y
f7c683e0e4af6a89ab919ebef56989a1,,,,,Accessory for powercord (white),,,NECOA,WATER_PURIFIER_PART,WPP_3115852,,POWERCORD (WHITE),,PART,SECONDARY,2024-12-16 05:22:26.937000 +00:00,2024-12-16 05:22:26.940000 +00:00,Y
8dafd6448ead24c6be4223c1a0df6e0a,,,,,Accessory for powercord (gray),,,NECOA,WATER_PURIFIER_PART,WPP_3115851,,POWERCORD (GRAY),,PART,SECONDARY,2024-12-16 05:22:26.917000 +00:00,2024-12-16 05:22:26.921000 +00:00,Y
f954e510f93cfbfef81e4e873a435d1f,,,,,Accessory for sensor-leak,,,NECOA,WATER_PURIFIER_PART,WPP_3115483,,SENSOR-LEAK,,PART,SECONDARY,2024-12-16 05:22:26.894000 +00:00,2024-12-16 05:22:26.897000 +00:00,Y
86f98061f0ef7c7ea8513636d51cf2a7,,,,,Accessory for magnetic-swing bar electro,,,NECOA,WATER_PURIFIER_PART,WPP_3117118,,MAGNETIC-SWING BAR ELECTRO,,PART,SECONDARY,2024-12-16 05:22:26.872000 +00:00,2024-12-16 05:22:26.876000 +00:00,Y
865bec7947e51d9b2f46e39f9715eb95,,,,,Accessory for sensor-ice full ir receive,,,NECOA,WATER_PURIFIER_PART,WPP_3100101,,SENSOR-ICE FULL IR RECEIVE,,PART,SECONDARY,2024-12-16 05:22:25.375000 +00:00,2025-01-02 08:11:27.196000 +00:00,Y
11eeb733933ce59b93ee4034e7af72a6,,,,,Accessory for pba-wifi assy,,,NECOA,WATER_PURIFIER_PART,WPP_3117117,,PBA-WIFI ASSY,,PART,SECONDARY,2024-12-16 05:22:25.361000 +00:00,2024-12-16 05:22:25.365000 +00:00,Y
5d6d2ac6fa8e2eed93382ba8186facc2,,,,,Accessory for tray assy (sl),,,NECOA,WATER_PURIFIER_PART,WPP_3117116,,TRAY ASSY (SL),,PART,SECONDARY,2024-12-16 05:22:24.256000 +00:00,2024-12-16 05:22:24.259000 +00:00,Y
59eabb6097272ce0c2f019493ff75356,,,,,Accessory for tray assy (gr),,,NECOA,WATER_PURIFIER_PART,WPP_3117115,,TRAY ASSY (GR),,PART,SECONDARY,2024-12-16 05:22:23.004000 +00:00,2024-12-16 05:22:23.009000 +00:00,Y
cac35951d72e4fd697600b34e3fc9446,,,,,Accessory for cover-top assy (sl),,,NECOA,WATER_PURIFIER_PART,WPP_3117114,,COVER-TOP ASSY (SL),,PART,SECONDARY,2024-12-16 05:22:21.664000 +00:00,2024-12-16 05:22:21.672000 +00:00,Y
2a23cbb4bd02df21771e6505bcd45e4d,,,,,Accessory for cover-top assy (gr),,,NECOA,WATER_PURIFIER_PART,WPP_3117113,,COVER-TOP ASSY (GR),,PART,SECONDARY,2024-12-16 05:22:20.053000 +00:00,2024-12-16 05:22:20.056000 +00:00,Y
b169574061cab5ac1af0d92d91fc844b,,,,,Accessory for cover-side r assy (sl),,,NECOA,WATER_PURIFIER_PART,WPP_3117112,,COVER-SIDE R ASSY (SL),,PART,SECONDARY,2024-12-16 05:22:18.689000 +00:00,2024-12-16 05:22:18.693000 +00:00,Y
9e773290a9af53008b2f20aee35d3006,,,,,Accessory for cover-side r assy (gr),,,NECOA,WATER_PURIFIER_PART,WPP_3117111,,COVER-SIDE R ASSY (GR),,PART,SECONDARY,2024-12-16 05:22:17.466000 +00:00,2024-12-16 05:22:17.470000 +00:00,Y
125a6a85e80c11cb57f2e82b236f0e2b,,,,,Accessory for cover-side l assy (sl),,,NECOA,WATER_PURIFIER_PART,WPP_3117110,,COVER-SIDE L ASSY (SL),,PART,SECONDARY,2024-12-16 05:22:16.002000 +00:00,2024-12-16 05:22:16.006000 +00:00,Y
012056757225c3f946e299b962826ce5,,,,,Accessory for cover-side l assy (gr),,,NECOA,WATER_PURIFIER_PART,WPP_3117109,,COVER-SIDE L ASSY (GR),,PART,SECONDARY,2024-12-16 05:22:14.125000 +00:00,2024-12-16 05:22:14.129000 +00:00,Y
dd0aa142aab3885435ca05a19c6b1129,,,,,Accessory for speaker-module,,,NECOA,WATER_PURIFIER_PART,WPP_3113928,,SPEAKER-MODULE,,PART,SECONDARY,2024-12-16 05:22:12.667000 +00:00,2024-12-16 05:22:12.671000 +00:00,Y
301d4003ca839ef64e806a1fed218dfb,,,,,Accessory for pba-front,,,NECOA,WATER_PURIFIER_PART,WPP_3117108,,PBA-FRONT,,PART,SECONDARY,2024-12-16 05:22:12.649000 +00:00,2024-12-16 05:22:12.653000 +00:00,Y
75cd8d51377e533e286bdf78eaac0d4a,,,,,Accessory for cover-front display assy (sl),,,NECOA,WATER_PURIFIER_PART,WPP_3117107,,COVER-FRONT DISPLAY ASSY (SL),,PART,SECONDARY,2024-12-16 05:22:10.972000 +00:00,2024-12-16 05:22:10.976000 +00:00,Y
9fea773238eda34c76fce121e8626e99,,,,,Accessory for cover-front display assy (gr),,,NECOA,WATER_PURIFIER_PART,WPP_3117106,,COVER-FRONT DISPLAY ASSY (GR),,PART,SECONDARY,2024-12-16 05:22:08.171000 +00:00,2024-12-16 05:22:08.180000 +00:00,Y
1606a6669f85e7376d90535dbe94d907,,,,,Accessory for cover-front assy (sl),,,NECOA,WATER_PURIFIER_PART,WPP_3117105,,COVER-FRONT ASSY (SL),,PART,SECONDARY,2024-12-16 05:22:06.443000 +00:00,2024-12-16 05:22:06.448000 +00:00,Y
1421f27f125bb06794aa8a75786a2332,,,,,Accessory for cover-front assy (gr),,,NECOA,WATER_PURIFIER_PART,WPP_3117104,,COVER-FRONT ASSY (GR),,PART,SECONDARY,2024-12-16 05:19:58.776000 +00:00,2024-12-16 05:19:58.781000 +00:00,Y
2dc2e14e90c0f9abdda8ee8489b3e175,,,,,Accessory for cover-inner r assy (sl),,,NECOA,WATER_PURIFIER_PART,WPP_3117103,,COVER-INNER R ASSY (SL),,PART,SECONDARY,2024-12-16 05:19:57.602000 +00:00,2024-12-16 05:19:57.606000 +00:00,Y
44aa201ff6a3ea62629cc6d85da73b0b,,,,,Accessory for cover-inner r assy (gr),,,NECOA,WATER_PURIFIER_PART,WPP_3117102,,COVER-INNER R ASSY (GR),,PART,SECONDARY,2024-12-16 05:19:55.497000 +00:00,2024-12-16 05:19:55.501000 +00:00,Y
2249d7db2d3257c62703f6619815de39,,,,,Accessory for cover-inner l assy (sl),,,NECOA,WATER_PURIFIER_PART,WPP_3117101,,COVER-INNER L ASSY (SL),,PART,SECONDARY,2024-12-16 05:19:53.564000 +00:00,2024-12-16 05:19:53.569000 +00:00,Y
0993e8dd9b2aa57e440fac3912d98d4c,,,,,Accessory for cover-inner l assy (gr),,,NECOA,WATER_PURIFIER_PART,WPP_3117100,,COVER-INNER L ASSY (GR),,PART,SECONDARY,2024-12-16 05:19:52.419000 +00:00,2024-12-16 05:19:52.423000 +00:00,Y
efcf2f00a7ac4fd7aa1d7eb620e99a1f,,,,,Accessory for cover-rear assy (sl),,,NECOA,WATER_PURIFIER_PART,WPP_3117099,,COVER-REAR ASSY (SL),,PART,SECONDARY,2024-12-16 05:19:51.163000 +00:00,2024-12-16 05:19:51.167000 +00:00,Y
b685bf030b91e0b8e530aa2697eda40c,,,,,Accessory for cover-rear assy (gr),,,NECOA,WATER_PURIFIER_PART,WPP_3117098,,COVER-REAR ASSY (GR),,PART,SECONDARY,2024-12-16 05:19:49.995000 +00:00,2024-12-16 05:19:49.998000 +00:00,Y
4eb75340cb9d1ac71abfeb40d72ba7d0,,,,,Accessory for pba-side hub,,,NECOA,WATER_PURIFIER_PART,WPP_3117097,,PBA-SIDE HUB,,PART,SECONDARY,2024-12-16 05:19:48.590000 +00:00,2024-12-16 05:19:48.595000 +00:00,Y
2899b6749fbcb6f16969c43a5139b662,,,,,This filter enhances water purity,,,NECOA,WATER_PURIFIER_PART,WPP_3117096,,EMI FILTER,,PART,SECONDARY,2024-12-16 05:19:47.070000 +00:00,2024-12-16 05:19:47.075000 +00:00,Y
0292617748154d351e4e24a558d59dac,,,,,Accessory for cover-pba side,,,NECOA,WATER_PURIFIER_PART,WPP_3117095,,COVER-PBA SIDE,,PART,SECONDARY,2024-12-16 05:19:45.811000 +00:00,2024-12-16 05:19:45.815000 +00:00,Y
03ce77541e7734567d00a5dd8998b295,,,,,Accessory for pba-hub assy,,,NECOA,WATER_PURIFIER_PART,WPP_3117094,,PBA-HUB ASSY,,PART,SECONDARY,2024-12-16 05:19:44.392000 +00:00,2024-12-16 05:19:44.396000 +00:00,Y
6cb1043db95f46f4d127e7e569afb86a,,,,,Accessory for cover-main pba assy,,,NECOA,WATER_PURIFIER_PART,WPP_3117093,,COVER-MAIN PBA ASSY,,PART,SECONDARY,2024-12-16 05:19:42.836000 +00:00,2024-12-16 05:19:42.844000 +00:00,Y
ecddd167f01f557e67a9ee759008c724,,,,,Accessory for pba-smps,,,NECOA,WATER_PURIFIER_PART,WPP_3117092,,PBA-SMPS,,PART,SECONDARY,2024-12-16 05:19:40.996000 +00:00,2024-12-16 05:19:41.001000 +00:00,Y
ebb9fc8c47fb68cc72fd3073318bfe37,,,,,Accessory for pba-main,,,NECOA,WATER_PURIFIER_PART,WPP_3117091,,PBA-MAIN,,PART,SECONDARY,2024-12-16 05:19:39.395000 +00:00,2024-12-16 05:19:39.399000 +00:00,Y
daeab2f0db689260807031748631254c,,,,,Accessory for cap-main tank assy,,,NECOA,WATER_PURIFIER_PART,WPP_3117090,,CAP-MAIN TANK ASSY,,PART,SECONDARY,2024-12-16 05:19:38.097000 +00:00,2024-12-16 05:19:38.101000 +00:00,Y
3e096caa0d7c9345de8b095ca85a58f7,,,,,Accessory for tank-drain assy,,,NECOA,WATER_PURIFIER_PART,WPP_3117089,,TANK-DRAIN ASSY,,PART,SECONDARY,2024-12-16 05:19:35.942000 +00:00,2024-12-16 05:19:35.947000 +00:00,Y
6858d489a837af6fc3e2d032fe102d66,,,,,Accessory for cover-main frame assy,,,NECOA,WATER_PURIFIER_PART,WPP_3117084,,COVER-MAIN FRAME ASSY,,PART,SECONDARY,2024-12-16 05:19:34.410000 +00:00,2024-12-16 05:19:34.413000 +00:00,Y
3e3c556a234a937b906d83d1037fc0bf,,,,,Accessory for bracket-rear,,,NECOA,WATER_PURIFIER_PART,WPP_3117083,,BRACKET-REAR,,PART,SECONDARY,2024-12-16 05:19:33.194000 +00:00,2024-12-16 05:19:33.198000 +00:00,Y
18f7396736fc805779916b464c97b812,,,,,Accessory for screw-ice feeder assy,,,NECOA,WATER_PURIFIER_PART,WPP_3116117,,SCREW-ICE FEEDER ASSY,,PART,SECONDARY,2024-12-16 05:19:31.798000 +00:00,2025-01-02 08:11:27.212000 +00:00,Y
bf48de319bfd5d09ca162195acb85dee,,,,,Accessory for fitting-unique reducer stem elbow,,,NECOA,WATER_PURIFIER_PART,WPP_3117082,,FITTING-UNIQUE REDUCER STEM ELBOW,,PART,SECONDARY,2024-12-16 05:19:30.593000 +00:00,2024-12-16 05:19:30.597000 +00:00,Y
8c05c09e024711aa0d65b6c7c55c0fd5,,,,,Accessory for tank-inner l,,,NECOA,WATER_PURIFIER_PART,WPP_3117081,,TANK-INNER L,,PART,SECONDARY,2024-12-16 05:19:29.439000 +00:00,2024-12-16 05:19:29.442000 +00:00,Y
0f8a5df5877374b921f1dfe254342f9e,,,,,Accessory for tank-inner r,,,NECOA,WATER_PURIFIER_PART,WPP_3117080,,TANK-INNER R,,PART,SECONDARY,2024-12-16 05:19:27.060000 +00:00,2024-12-16 05:19:27.063000 +00:00,Y
82056722f4d8a86279bbe1959b949ee2,,,,,Accessory for tray-ice assy,,,NECOA,WATER_PURIFIER_PART,WPP_3116092,,TRAY-ICE ASSY,,PART,SECONDARY,2024-12-16 05:19:25.557000 +00:00,2025-01-02 08:11:27.211000 +00:00,Y
d532cd9733ffbd094e71c448cb8e0f85,,,,,Accessory for motor-ice tray assy,,,NECOA,WATER_PURIFIER_PART,WPP_3116156,,MOTOR-ICE TRAY ASSY,,PART,SECONDARY,2024-12-16 05:19:24.287000 +00:00,2025-01-02 08:11:27.212000 +00:00,Y
3906f265967a9aa2ff70855716e31188,,,,,Accessory for cover-door dispenser assy,,,NECOA,WATER_PURIFIER_PART,WPP_3116088,,COVER-DOOR DISPENSER ASSY,,PART,SECONDARY,2024-12-16 05:19:22.418000 +00:00,2025-01-02 08:11:27.211000 +00:00,Y
7ad231ffd9656b8c15fe90ed3c50abc5,,,,,Accessory for cover-door dispenser inner,,,NECOA,WATER_PURIFIER_PART,WPP_3117078,,COVER-DOOR DISPENSER INNER,,PART,SECONDARY,2024-12-16 05:19:20.944000 +00:00,2024-12-16 05:19:20.947000 +00:00,Y
23850830d93ffdee34913424a4c570d7,,,,,Accessory for deco-faucet ice,,,NECOA,WATER_PURIFIER_PART,WPP_3117077,,DECO-FAUCET ICE,,PART,SECONDARY,2024-12-16 05:19:19.397000 +00:00,2024-12-16 05:19:19.401000 +00:00,Y
5c1600698b68ac9d883a8c9e9de096e4,,,,,Accessory for deco-faucet water,,,NECOA,WATER_PURIFIER_PART,WPP_3117076,,DECO-FAUCET WATER,,PART,SECONDARY,2024-12-16 05:19:17.811000 +00:00,2024-12-16 05:19:17.815000 +00:00,Y
2b4dea81a25b310de98371bb68aad478,,,,,Accessory for pipe-hot water inlet assy,,,NECOA,WATER_PURIFIER_PART,WPP_3117075,,PIPE-HOT WATER INLET ASSY,,PART,SECONDARY,2024-12-16 05:19:15.936000 +00:00,2024-12-16 05:19:15.940000 +00:00,Y
a7768f8944a2bc5d24751abc84bf3da9,,,,,Accessory for bimetal,,,NECOA,WATER_PURIFIER_PART,WPP_3117074,,BIMETAL,,PART,SECONDARY,2024-12-16 05:19:14.391000 +00:00,2024-12-16 05:19:14.395000 +00:00,Y
789ece98b2fe9316dba6074eb63ab36d,,,,,Accessory for sensor-hot water thermal,,,NECOA,WATER_PURIFIER_PART,WPP_3115773,,SENSOR-HOT WATER THERMAL,,PART,SECONDARY,2024-12-16 05:19:12.654000 +00:00,2025-01-02 08:11:27.211000 +00:00,Y
1494042723ab3f038c5906b1372c3793,,,,,Accessory for tank-hot water assy,,,NECOA,WATER_PURIFIER_PART,WPP_3117124,,TANK-HOT WATER ASSY,,PART,SECONDARY,2024-12-16 05:19:12.639000 +00:00,2024-12-16 05:19:12.643000 +00:00,Y
8d138ce20ecbfd511940b38d96f4d4b8,,,,,Accessory for pump-hot water,,,NECOA,WATER_PURIFIER_PART,WPP_3117073,,PUMP-HOT WATER,,PART,SECONDARY,2024-12-16 05:19:10.975000 +00:00,2024-12-16 05:19:10.980000 +00:00,Y
e5ceaa65dee0abcd59cb0f70053c7ce7,,,,,Accessory for pump-drain assy,,,NECOA,WATER_PURIFIER_PART,WPP_3117071,,PUMP-DRAIN ASSY,,PART,SECONDARY,2024-12-16 05:19:09.222000 +00:00,2024-12-16 05:19:09.226000 +00:00,Y
bd332aaa5b9cb7e056f986e1f103aad8,,,,,Accessory for valve-feed nos,,,NECOA,WATER_PURIFIER_PART,WPP_3116272,,VALVE-FEED NOS,,PART,SECONDARY,2024-12-16 05:19:08.055000 +00:00,2025-01-02 08:11:27.212000 +00:00,Y
4b72f4f9806bdffd2a2b36e530e618ad,,,,,Accessory for valve-control assy,,,NECOA,WATER_PURIFIER_PART,WPP_3114518,,VALVE-CONTROL ASSY,,PART,SECONDARY,2024-12-16 05:19:05.979000 +00:00,2025-01-02 08:11:27.203000 +00:00,Y
398242d826c61b47022fef108947d5ec,,,,,Accessory for valve-feed feed,,,NECOA,WATER_PURIFIER_PART,WPP_3113677,,VALVE-FEED FEED,,PART,SECONDARY,2024-12-16 05:19:04.446000 +00:00,2024-12-16 05:19:04.450000 +00:00,Y
e0c190f91ca210363d47eabb88b8f210,,,,,Accessory for valve-feed feed nos assy,,,NECOA,WATER_PURIFIER_PART,WPP_3116162,,VALVE-FEED FEED NOS ASSY,,PART,SECONDARY,2024-12-16 05:19:04.423000 +00:00,2025-01-02 08:11:27.212000 +00:00,Y
167c42009730f74b3955920102e7bdec,,,,,Accessory for pipe-extraction,,,NECOA,WATER_PURIFIER_PART,WPP_3117070,,PIPE-EXTRACTION,,PART,SECONDARY,2024-12-16 05:19:03.003000 +00:00,2024-12-16 05:19:03.007000 +00:00,Y
57b782db1d7eee7f3149130d147b348c,,,,,Accessory for valve-4way exraction assy,,,NECOA,WATER_PURIFIER_PART,WPP_3116157,,VALVE-4WAY EXRACTION ASSY,,PART,SECONDARY,2024-12-16 05:19:01.047000 +00:00,2025-01-02 08:11:27.212000 +00:00,Y
65b703868cf81458b63e1441e288bcd1,,,,,Accessory for valve-air assy,,,NECOA,WATER_PURIFIER_PART,WPP_3114534,,VALVE-AIR ASSY,,PART,SECONDARY,2024-12-16 05:18:59.943000 +00:00,2025-01-02 08:11:27.203000 +00:00,Y
00a0729a0e9d9086a0d072790264fa19,,,,,Accessory for valve-feed nos assy,,,NECOA,WATER_PURIFIER_PART,WPP_3116177,,VALVE-FEED NOS ASSY,,PART,SECONDARY,2024-12-16 05:18:58.245000 +00:00,2025-01-02 08:11:27.212000 +00:00,Y
cd96731d49c460714c379583aaf32f84,,,,,This filter enhances water purity,,,NECOA,WATER_PURIFIER_PART,WPP_3117069,,FRAME-FILTER ASSY (SL),,PART,SECONDARY,2024-12-16 05:18:56.538000 +00:00,2024-12-16 05:18:56.543000 +00:00,Y
38cb71d47a901c5b051574feea432fcc,,,,,This filter enhances water purity,,,NECOA,WATER_PURIFIER_PART,WPP_3117068,,FRAME-FILTER ASSY (GR),,PART,SECONDARY,2024-12-16 05:18:55.049000 +00:00,2024-12-16 05:18:55.055000 +00:00,Y
45426eeddcf44542397654dc9cdc4752,,,,,Accessory for pba-uv led assy,,,NECOA,WATER_PURIFIER_PART,WPP_3114576,,PBA-UV LED ASSY,,PART,SECONDARY,2024-12-16 05:18:53.798000 +00:00,2025-01-02 08:11:27.204000 +00:00,Y
5bf1027a5ef0b10144afff730a25b738,,,,,Accessory for pba-ice tank uv assy,,,NECOA,WATER_PURIFIER_PART,WPP_3117067,,PBA-ICE TANK UV ASSY,,PART,SECONDARY,2024-12-16 05:18:51.490000 +00:00,2024-12-16 05:18:51.495000 +00:00,Y
bdcfd8df1964c9ce643ecdeeaf755c79,,,,,Accessory for pba-uv assy ,,,NECOA,WATER_PURIFIER_PART,WPP_3117123,,PBA-UV ASSY ,,PART,SECONDARY,2024-12-16 05:18:49.811000 +00:00,2024-12-16 05:18:49.822000 +00:00,Y
0546006d839e010b08519f10acca39c8,,,,,Accessory for pba-uv assy ,,,NECOA,WATER_PURIFIER_PART,WPP_3117122,,PBA-UV ASSY ,,PART,SECONDARY,2024-12-16 05:18:47.911000 +00:00,2024-12-16 05:18:47.918000 +00:00,Y
12aec6763230814775bca4a51a4f9453,,,,,Accessory for pba-ice tray uv assy ,,,NECOA,WATER_PURIFIER_PART,WPP_3117121,,PBA-ICE TRAY UV ASSY ,,PART,SECONDARY,2024-12-16 05:18:46.380000 +00:00,2024-12-16 05:18:46.385000 +00:00,Y
96cc2adaf8fa708aa961329dbb968e0f,,,,,Accessory for sensor-water low level,,,NECOA,WATER_PURIFIER_PART,WPP_3114581,,SENSOR-WATER LOW LEVEL,,PART,SECONDARY,2024-12-16 05:18:44.759000 +00:00,2025-01-02 08:11:27.204000 +00:00,Y
c1016d75517497ca260463ee2a988778,,,,,Accessory for sensor-water high level ,,,NECOA,WATER_PURIFIER_PART,WPP_3114580,,SENSOR-WATER HIGH LEVEL ,,PART,SECONDARY,2024-12-16 05:18:43.133000 +00:00,2025-01-02 08:11:27.204000 +00:00,Y
3e69bc9b269608fed1ef9969e432cc37,,,,,Accessory for packing-cold water temperature,,,NECOA,WATER_PURIFIER_PART,WPP_3117066,,PACKING-COLD WATER TEMPERATURE,,PART,SECONDARY,2024-12-16 05:18:41.653000 +00:00,2024-12-16 05:18:41.660000 +00:00,Y
2af189ca883ba517cc4797e3faf4a0c9,,,,,Accessory for sensor-cold assy,,,NECOA,WATER_PURIFIER_PART,WPP_3114579,,SENSOR-COLD ASSY,,PART,SECONDARY,2024-12-16 05:18:40.133000 +00:00,2025-01-02 08:11:27.216000 +00:00,Y
84317288018b9139c19366bb96160597,,,,,Accessory for bracket-cold water temperature sensor assy,,,NECOA,WATER_PURIFIER_PART,WPP_3117065,,BRACKET-COLD WATER TEMPERATURE SENSOR ASSY,,PART,SECONDARY,2024-12-16 05:18:38.722000 +00:00,2024-12-16 05:18:38.728000 +00:00,Y
5ca9374b1de54727df475cd4c7ba2c71,,,,,Accessory for mesh-screen,,,NECOA,WATER_PURIFIER_PART,WPP_3109833,,MESH-SCREEN,,PART,SECONDARY,2024-12-16 05:18:36.736000 +00:00,2025-01-02 08:11:27.203000 +00:00,Y
c3a04b4580dd46a4a99a3ac25c2110aa,,,,,Accessory for power cord,,,NECOA,WATER_PURIFIER_PART,WPP_3117064,,POWER CORD,,PART,SECONDARY,2024-12-16 05:18:36.713000 +00:00,2024-12-16 05:18:36.719000 +00:00,Y
2f1d8669d0c4bf63aa0c7a8b25fc0425,,,,,Accessory for sensor-leak,,,NECOA,WATER_PURIFIER_PART,WPP_3116710,,SENSOR-LEAK,,PART,SECONDARY,2024-12-16 05:18:34.988000 +00:00,2025-01-02 08:11:27.215000 +00:00,Y
752569dbd845a9bb494b8a0945f5786b,,,,,This filter enhances water purity,,,NECOA,WATER_PURIFIER_FILTER,WPF_113685,,PRE CARBON FILTER-PLUS S,,FILTER,SECONDARY,2024-12-16 05:18:32.799000 +00:00,2024-12-16 05:18:32.881000 +00:00,Y
c1bd2d80fa13158bdf6b259e6bb02e27,,,,COLD_HOT_PURIFIED,,,,NECOA,WATER_PURIFIER,WP_765004,CHP-9870N_PG,NECOA QATS2 Pebble Gray,NECOA_QATS2_ADV,PRODUCT,PRIMARY,2024-12-11 06:38:15.997000 +00:00,2024-12-11 06:38:16.047000 +00:00,Y
05c24243c1fd894e23a3573ff1848acd,,,,COLD_HOT_PURIFIED,,,,NECOA,WATER_PURIFIER,WP_765003,CHP-9870N_BR,NECOA QATS2 Quartz Brown,NECOA_QATS2_ADV,PRODUCT,PRIMARY,2024-12-11 06:38:03.395000 +00:00,2024-12-11 06:38:03.409000 +00:00,Y
77a9365e59b3fdbe10d6b53f78f958b6,,,,COLD_HOT_PURIFIED,,,,NECOA,WATER_PURIFIER,WP_765002,CHP-7650N_BU,NECOA QATS1 NT Icy Blue,NECOA_QATS1,PRODUCT,PRIMARY,2024-12-11 06:37:52.502000 +00:00,2024-12-11 06:37:52.516000 +00:00,Y
60c99e907d6617e4d100bac7ba748ec3,,,,COLD_HOT_PURIFIED,,,,NECOA,WATER_PURIFIER,WP_765001,CHP-7650N_PG,NECOA QATS1 NT Pebble Gray,NECOA_QATS1,PRODUCT,PRIMARY,2024-12-11 06:37:38.557000 +00:00,2024-12-11 06:37:38.581000 +00:00,Y
8f184e5f0a0b74b54f559070df4e71b7,,,,COLD_HOT_PURIFIED,,,,NECOA,WATER_PURIFIER,WP_543003,CHP-5440N_BR,NECOA UNREG NT QA-3 Quartz Brown,NECOA_UNREG_QA,PRODUCT,PRIMARY,2024-12-09 05:39:13.904000 +00:00,2024-12-09 05:39:13.926000 +00:00,Y
47c3fee4f295a514607911746ea333e4,,,,COLD_HOT_PURIFIED,,,,NECOA,WATER_PURIFIER,WP_543002,CHP-5440N_BU,NECOA UNREG NT QA-2 Icy Blue,NECOA_UNREG_QA,PRODUCT,PRIMARY,2024-12-09 05:39:02.604000 +00:00,2024-12-09 05:39:02.627000 +00:00,Y
612c4b08bcca642d3dbc96c3d7a402d7,,,,COLD_HOT_PURIFIED,,,,NECOA,WATER_PURIFIER,WP_543001,CHP-5440N_PG,NECOA UNREG NT QA-1 Pebble Gray,NECOA_UNREG_QA,PRODUCT,PRIMARY,2024-12-09 05:38:49.546000 +00:00,2024-12-09 05:38:49.609000 +00:00,Y
c40505ebcdc0dab9c0f7bae16159635c,,,,COLD_HOT_PURIFIED,RO filter with intelligent filter monitoring,,,NECOA,WATER_PURIFIER,WP_241261,CHP-7800L_BB,NECOA NT QA-T1 C/T Bronze Beige,NECOA_NTCT,PRODUCT,PRIMARY,2024-12-06 07:35:02.223000 +00:00,2024-12-06 07:35:02.253000 +00:00,Y
7dfb9eae9eed9397fbf84a65df17bb29,,,,COLD_HOT_PURIFIED,RO filter with intelligent filter monitoring,,,NECOA,WATER_PURIFIER,WP_241262,CHP-7800L_IS,NECOA NT QA-T2 C/T Iron Silver,NECOA_NTCT,PRODUCT,PRIMARY,2024-12-06 07:34:38.512000 +00:00,2024-12-06 07:34:38.533000 +00:00,Y
7cac9c44ae95292a395952001153e19c,,,,COLD_HOT_PURIFIED,RO filter with intelligent filter monitoring,,,NECOA,WATER_PURIFIER,WP_115999,CHP-3300L_GR,WESTERN RO TBD C/T Pebble Gray,WESTERN_ROCT TBD,PRODUCT,PRIMARY,2024-11-27 06:44:19.282000 +00:00,2024-12-06 07:45:32.091000 +00:00,Y
b248da5394e97d94753e4eb9b3f7ceca,,,,POWER_BOARD_ASSEMBLY,high-efficiency heating component designed to regulate and maintain optimal water temperatures in purification systems.,,,NECOA,WATER_PURIFIER_PART,WPP_1237052,,PBA-HEATER,NECOA_WATER_PURIFIER_PART,PART,SECONDARY,2024-06-07 05:55:56.359000 +00:00,2024-06-07 05:55:56.359000 +00:00,Y
0d6e1c6e508b21eab14bab37ab601c91,,,,WIFI_ASSEMBLY,wireless communication module assembly that enables Wi-Fi connectivity for remote monitoring and control of electronic devices.,,,NECOA,WATER_PURIFIER_PART,WPP_1237213,,PBA-WIFI ASSY,NECOA_WATER_PURIFIER_PART,PART,SECONDARY,2024-06-07 05:55:23.877000 +00:00,2024-06-07 05:55:23.877000 +00:00,Y
f4b252bdb0430668ae421277d109e3c7,,,,POWER_BOARD_ASSEMBLY,nternal protective component designed to shield and secure sensitive parts within a system or device.,,,NECOA,WATER_PURIFIER_PART,WPP_1236987,,COVER-INNER L ASSY,NECOA_WATER_PURIFIER_PART,PART,SECONDARY,2024-06-07 05:50:58.784000 +00:00,2024-06-07 05:50:58.784000 +00:00,Y
2b78cf20872eb9d1b1eae1b36938a11a,,,,VALVE,precision control valve designed for regulating the flow of feed water into water purification systems.,,,NECOA,WATER_PURIFIER_PART,WPP_1237278,,VALVE-FEED D,NECOA_WATER_PURIFIER_PART,PART,SECONDARY,2024-06-07 05:50:24.208000 +00:00,2024-06-07 05:50:24.208000 +00:00,Y
cde529df5b13c207f7d84d8fb03c7afe,,,,POWER_BOARD_ASSEMBLY,precision-engineered assembly designed to securely join and seal fluid or gas lines in various systems.,,,NECOA,WATER_PURIFIER_PART,WPP_9240651,,CONNECTOR-FITTING ASSY,NECOA_WATER_PURIFIER_PART,PART,SECONDARY,2024-06-07 05:49:41.073000 +00:00,2024-06-07 05:49:41.073000 +00:00,Y
33625137e0f2d8a1771e63dab01061a8,,,,WIFI_ASSEMBLY,control module that regulates and monitors the operation of the compressor in cooling systems.,,,NECOA,WATER_PURIFIER_PART,WPP_1237574,,PBA-COMPRESSOR RUNNING DRIVE,NECOA_WATER_PURIFIER_PART,PART,SECONDARY,2024-06-07 05:29:04.297000 +00:00,2024-06-07 05:29:04.297000 +00:00,Y
2abe6d831ebeea46e11d860fb57ec7ce,,,,POWER_BOARD_ASSEMBLY,comprehensive assembly designed to facilitate efficient repair and maintenance of printed board assemblies.,,,NECOA,WATER_PURIFIER_PART,WPP_1237430,,PBA-REPAIR HUB ASSY,NECOA_WATER_PURIFIER_PART,PART,SECONDARY,2024-06-07 05:28:36.104000 +00:00,2024-06-07 05:28:36.104000 +00:00,Y
493d317855592c96fdf9e84c09556df8,,,,SENSOR_ASSEMBLY,"component designed to detect and alert users of any water leakage, ensuring timely maintenance and preventing potential damage.",,,NECOA,WATER_PURIFIER_PART,WPP_9244909,,SENSOR-LEAK DETECTOR ASSY,NECOA_WATER_PURIFIER_PART,PART,SECONDARY,2024-06-07 05:27:55.898000 +00:00,2024-06-07 05:27:55.898000 +00:00,Y
a943caf3599361729172ffc70e8d571a,,,,POWER_BOARD_ASSEMBLY,component that allows for the easy installation and rotational adjustment of a faucet to ensure precise positioning and secure mounting.,,,NECOA,WATER_PURIFIER_PART,WPP_1237422,,FAUCET-INSTALL ROTATION ASSY,NECOA_WATER_PURIFIER_PART,PART,SECONDARY,2024-06-07 05:27:14.912000 +00:00,2024-06-07 05:27:14.912000 +00:00,Y
8de423b2c44b968e1793ec8ea503bc03,,,,FAUCET,"complete assembly unit designed for controlling the flow of water in water purification systems, ensuring easy and precise dispensing.",,,NECOA,WATER_PURIFIER_PART,WPP_1237716,,FAUCET ASSY,NECOA_WATER_PURIFIER_PART,PART,SECONDARY,2024-06-07 05:26:35.134000 +00:00,2024-06-07 05:26:35.134000 +00:00,Y
4bfa08580dedbef328173645c0e7aba0,,,,POWER_BOARD_ASSEMBLY,motorized assembly designed to automate the rotation and dispensing of ice trays in refrigeration units,,,NECOA,WATER_PURIFIER_PART,WPP_1237637,,MOTOR-ICE TRAY ASSY,NECOA_WATER_PURIFIER_PART,PART,SECONDARY,2024-06-07 05:02:45.896000 +00:00,2024-06-07 05:02:45.897000 +00:00,Y
67ed532da325dabe79d12d4244596214,,,,SENSOR_ASSEMBLY,internal protective cover designed to secure and enclose the dispensing mechanism within a water purification system.,,,NECOA,WATER_PURIFIER_PART,WPP_1237709,,COVER-DOOR DISPENSER INNER,NECOA_WATER_PURIFIER_PART,PART,SECONDARY,2024-06-07 05:02:05.087000 +00:00,2024-06-07 05:02:05.087000 +00:00,Y
828d57761dd2aa39ac5c56674f918989,,,,BIMETAL,temperature-sensitive device that uses two bonded metals with different expansion rates to activate switches or provide temperature measurements.,,,NECOA,WATER_PURIFIER_PART,WPP_9230675,,BIMETAL,NECOA_WATER_PURIFIER_PART,PART,SECONDARY,2024-06-07 05:01:21.205000 +00:00,2024-06-07 05:01:21.205000 +00:00,Y
d6db693d150a13eb81881be078793224,,,,VALVE,control component that regulates the discharge of wastewater from a system to ensure proper drainage and system efficiency.,,,NECOA,WATER_PURIFIER_PART,WPP_1237433,,VALVE-DRAIN,NECOA_WATER_PURIFIER_PART,PART,SECONDARY,2024-06-07 04:37:42.991000 +00:00,2024-06-07 04:37:42.991000 +00:00,Y
49f717f86630701a997263a7a0c73b51,,,,REED,magnetic sensor that activates or deactivates a circuit in response to the presence of a magnetic field.,,,NECOA,WATER_PURIFIER_PART,WPP_9227845,,SWITCH-REED,NECOA_WATER_PURIFIER_PART,PART,SECONDARY,2024-06-07 04:36:47.696000 +00:00,2024-06-07 04:36:47.696000 +00:00,Y
7feaa832c9bacd68381bc061a5f3b9a3,,,,SENSOR_ASSEMBLY,durable assembly for precise temperature monitoring and regulation in water purification and cooling systems.,,,NECOA,WATER_PURIFIER_PART,WPP_1237277,,BRACKET-COLD SENSOR ASSY,NECOA_WATER_PURIFIER_PART,PART,SECONDARY,2024-06-07 04:35:51.716000 +00:00,2024-06-07 04:35:51.716000 +00:00,Y
7dc664be9253394c26e2d4e71ace6728,,,,PUMP,"essential component of the water purifier system, designed to ensure reliable and safe power supply for optimal performance",,,NECOA,WATER_PURIFIER_PART,WPP_1237309,,POWERCORD,NECOA_WATER_PURIFIER_PART,PART,SECONDARY,2024-06-07 04:34:10.846000 +00:00,2024-06-07 04:34:10.846000 +00:00,Y
82ad3f227aa3b7830b265c091bc0cf79,,,,COLD_HOT_PURIFIED,NT filter with Built-in install type & intelligent filter monitoring,NANO_TRAP,BUILT_IN,NECOA,WATER_PURIFIER,WP_113818,[QA Test]CHP-1110N_GR,[QA Test]NECOA NT B/I Pebble Gray,NECOA_NTBI,PRODUCT,PRIMARY,2024-06-07 00:23:53.208000 +00:00,2024-11-13 03:56:38.814000 +00:00,Y
548cc0a2e4a145a53dbd3ea2b9e5a745,,,,COLD_HOT_PURIFIED,NT filter with Built-in install type & intelligent filter monitoring,NANO_TRAP,BUILT_IN,NECOA,WATER_PURIFIER,WP_113819,CHP-1110N_BR,NECOA NT B/I Bronze Beige,NECOA_NTBI,PRODUCT,PRIMARY,2024-06-07 00:23:29.438000 +00:00,2024-06-07 00:23:29.438000 +00:00,Y
deb76c08208a2269c25353c919afd60b,,,,COLD_HOT_PURIFIED,NT filter with Built-in install type & intelligent filter monitoring,NANO_TRAP,BUILT_IN,NECOA,WATER_PURIFIER,WP_113820,CHP-1110N_BU,NECOA NT B/I Icy Blue,NECOA_NTBI,PRODUCT,PRIMARY,2024-06-07 00:23:04.263000 +00:00,2025-01-03 01:12:58.997000 +00:00,Y
b5759bc41219fb8c8fb380999840062d,,,,COLD_HOT_PURIFIED,NT filter with Built-in install type & intelligent filter monitoring,NANO_TRAP,BUILT_IN,NECOA,WATER_PURIFIER,WP_113816,[QA Test]CHP-1110N_GR,[QA Test]NECOA NT B/I Pebble Gray,NECOA_NTBI,PRODUCT,PRIMARY,2024-06-07 00:21:21.611000 +00:00,2024-11-14 08:56:31.810000 +00:00,Y
195a426418bf195b3f5cbeb59c85aa61,,,,HOT_PURIFIED,RO filter for HP with Built-in install type & intelligent filter monitoring,REVERSE_OSMOSIS,BUILT_IN,NECOA,WATER_PURIFIER,WP_113784,[QA Test]HP-1100R_GR,[QA Test]NECOA RO B/I HP Pebble Gray,NECOA_ROBI_HP,PRODUCT,PRIMARY,2024-06-07 00:15:10.323000 +00:00,2024-11-04 05:43:32.299000 +00:00,Y
0b44855e1d59e10a0a977360ded36620,,,,HOT_PURIFIED,RO filter for HP with Built-in install type & intelligent filter monitoring,REVERSE_OSMOSIS,BUILT_IN,NECOA,WATER_PURIFIER,WP_113780,HP-1100R_SL,NECOA RO B/I HP Iron Silver,NECOA_ROBI_HP,PRODUCT,PRIMARY,2024-06-07 00:13:36.239000 +00:00,2024-06-07 00:13:36.239000 +00:00,Y
438a10ed5fa644251db0e8b738ba759c,,,,COLD_HOT_PURIFIED,RO filter with Built-in install type & intelligent filter monitoring,REVERSE_OSMOSIS,BUILT_IN,NECOA,WATER_PURIFIER,WP_113781,[QA Test]CHP-1100R_BR,[QA Test]NECOA RO B/I Quartz Brown,NECOA_ROBI,PRODUCT,PRIMARY,2024-06-05 07:49:39.823000 +00:00,2024-12-24 02:00:12.481000 +00:00,Y
4d9363adf0e1c490572ec8b84ebd4ff1,,,,COLD_HOT_PURIFIED,RO filter with Built-in install type & intelligent filter monitoring,REVERSE_OSMOSIS,BUILT_IN,NECOA,WATER_PURIFIER,WP_113782,CHP-1100R_GR,NECOA RO B/I Pebble Gray,NECOA_ROBI,PRODUCT,PRIMARY,2024-06-05 07:49:16.745000 +00:00,2024-12-23 01:24:04.823000 +00:00,Y
65d37111784fd0d4d098cbad64c279e4,,,,COLD_HOT_PURIFIED,RO filter with Built-in install type & intelligent filter monitoring,REVERSE_OSMOSIS,BUILT_IN,NECOA,WATER_PURIFIER,WP_113783,CHP-1100R_BU,NECOA RO B/I Icy Blue,NECOA_ROBI,PRODUCT,PRIMARY,2024-06-05 07:48:51.603000 +00:00,2024-12-16 22:15:07.236000 +00:00,Y
7d581b1bd4fbe74cc8f91102e422e048,,,,COLD_HOT_PURIFIED,RO filter with Built-in install type & intelligent filter monitoring,REVERSE_OSMOSIS,BUILT_IN,NECOA,WATER_PURIFIER,WP_113637,CHP-1100R_SL,NECOA RO B/I Iron Silver,NECOA_ROBI,PRODUCT,PRIMARY,2024-06-05 07:47:29.480000 +00:00,2024-12-20 07:44:15.491000 +00:00,Y
c0a0f586dd900595d24f44c44d2607bb,,,,COLD_HOT_PURIFIED,NT filter with intelligent filter monitoring(IoCare),NANO_TRAP,COUNTER_TOP,NECOA,WATER_PURIFIER,WP_113725,CHP-1200N_SL,NECOA NT C/T  Iron Silver,NECOA_NTCT,PRODUCT,PRIMARY,2024-06-04 09:13:17.019000 +00:00,2024-12-20 04:12:12.081000 +00:00,Y
69956ae366c38a7c9d3beeec0b477c53,,,,COLD_HOT_PURIFIED,NT filter with intelligent filter monitoring(IoCare),NANO_TRAP,COUNTER_TOP,NECOA,WATER_PURIFIER,WP_113793,CHP-1200N_BG,NECOA NT C/T Bronze Beige,NECOA_NTCT,PRODUCT,PRIMARY,2024-06-04 09:10:02.233000 +00:00,2024-06-04 09:10:02.233000 +00:00,Y
78cba57fdc1d26d424970bb0a25a38cf,,,,COLD_HOT_PURIFIED,NT filter with intelligent filter monitoring(IoCare),NANO_TRAP,COUNTER_TOP,NECOA,WATER_PURIFIER,WP_113792,CHP-1200N_BU,NECOA NT C/T Icy Blue,NECOA_NTCT,PRODUCT,PRIMARY,2024-06-04 09:05:34.612000 +00:00,2024-12-20 04:12:12.081000 +00:00,Y
f38e37950f7240411827ce874649b98f,,,,COLD_HOT_PURIFIED_ICE,"RO filter, IoCare and with Ice",REVERSE_OSMOSIS,COUNTER_TOP,NECOA,WATER_PURIFIER,WP_113713,CHPI-1500L_GR,NECOA RO ICE C/T Pebble Gray,NECOA_ROICE,PRODUCT,PRIMARY,2024-06-04 08:35:29.493000 +00:00,2024-12-11 06:00:23.699000 +00:00,Y
00899ea9be58923037e843625d484467,,,,MICRO_PARTICLE_REMOVAL,a premium water filter that combines activated carbon and silver-coated media to provide exceptional water purification and antibacterial protection,,,NECOA,WATER_PURIFIER_FILTER,WPF_1236538,,Double filter-set (NANO SHIELD MEMBRANE + H-CB+),NECOA_WATER_PURIFIER_FILTER,FILTER,SECONDARY,2024-06-03 05:21:20.482000 +00:00,2024-06-03 05:21:20.482000 +00:00,Y
7492b48cbb63facb919a6e5cae82da95,,,,BACTERIA_VIRUS_REMOVAL,a premium water filter that combines activated carbon and silver-coated media to provide exceptional water purification and antibacterial protection,,,NECOA,WATER_PURIFIER_FILTER,WPF_113686,,Z-RO Direct,NECOA_WATER_PURIFIER_FILTER,FILTER,SECONDARY,2024-06-03 05:20:36.552000 +00:00,2024-06-03 05:20:36.552000 +00:00,Y
2698c42f2f7323fb3252a7e7c8b3a782,,,,VOC_REMOVAL,a premium water filter that combines activated carbon and silver-coated media to provide exceptional water purification and antibacterial protection,,,NECOA,WATER_PURIFIER_FILTER,WPF_113689,,V-CB Dual +,NECOA_WATER_PURIFIER_FILTER,FILTER,SECONDARY,2024-06-03 04:37:32.256000 +00:00,2024-12-11 08:51:33.157000 +00:00,Y
eff6d47a55fd36d59deaee48dbf657b2,,,,TASTE_IMPROVEMENT,a premium water filter that combines activated carbon and silver-coated media to provide exceptional water purification and antibacterial protection,,,NECOA,WATER_PURIFIER_FILTER,WPF_214119,,A-CB dual,NECOA_WATER_PURIFIER_FILTER,FILTER,SECONDARY,2024-05-29 03:54:49.552000 +00:00,2024-05-29 03:54:49.552000 +00:00,Y
8019fbe5ffeec146931586d7cd9b0bd9,,,,HEAVY_METAL_REMOVAL,"a premium water filter that utilizes reverse osmosis technology to remove over 99% of impurities, providing you with exceptionally clean and safe drinking water",,,NECOA,WATER_PURIFIER_FILTER,WPF_214121,,Z-RO,NECOA_WATER_PURIFIER_FILTER,FILTER,SECONDARY,2024-05-29 03:54:25.940000 +00:00,2024-05-29 03:54:25.940000 +00:00,Y
af7bf66ad411da9485851e08ff6ab22e,,,,SEDIMENT_REMOVAL,a premium water filter that combines activated carbon and silver-coated media to provide exceptional water purification and antibacterial protection,,,NECOA,WATER_PURIFIER_FILTER,WPF_214122,,V-CB dual,NECOA_WATER_PURIFIER_FILTER,FILTER,SECONDARY,2024-05-29 03:53:56.555000 +00:00,2024-05-29 03:53:56.555000 +00:00,Y
3a9c554ae05f5016998d2de425815535,,,,FAUCET,"a stylish and functional water filter faucet that provides clean, filtered drinking water directly from your tap",,,NECOA,WATER_PURIFIER_PART,WPP_1237710,,DECO-FAUCET WATER,NECOA_WATER_PURIFIER_PART,PART,SECONDARY,2024-05-29 03:52:23.573000 +00:00,2024-05-29 03:52:23.573000 +00:00,Y
1c3e66510fcc793b44329db4a3230849,,,,WATER_LEAK_DETECTOR,"removing obstructions, debris, and blockages from pipes to restore proper flow and prevent damage",,,NECOA,WATER_PURIFIER_PART,WPP_9244425,,PIPE-EXTRACTION,NECOA_WATER_PURIFIER_PART,PART,SECONDARY,2024-05-29 03:51:48.995000 +00:00,2024-05-29 03:51:48.995000 +00:00,Y
7f34e8f5db387c49556590476d984d77,,,,SENSOR_ASSEMBLY,A versatile tool for studying protein complexes and signaling pathways in cells,,,NECOA,WATER_PURIFIER_PART,WPP_1236625,,PBA-UV LED Assay,NECOA_WATER_PURIFIER_PART,PART,SECONDARY,2024-05-29 03:51:29.144000 +00:00,2024-05-29 03:51:29.144000 +00:00,Y
d8b54cea55f8809f69f429141076053d,,,,COLD_HOT_PURIFIED_ICE,"RO filter, IoCare and with Ice",REVERSE_OSMOSIS,COUNTER_TOP,NECOA,WATER_PURIFIER,WP_113727,CHPI-1500L_SL,NECOA RO ICE C/T Iron Silver,NECOA_ROICE,PRODUCT,PRIMARY,2024-05-23 07:20:33.108000 +00:00,2024-12-11 08:54:01.607000 +00:00,Y
50aff639500bd7f7530252c682471813,,,,COLD_HOT_PURIFIED,NT filter with intelligent filter monitoring(IoCare),NANO_TRAP,COUNTER_TOP,NECOA,WATER_PURIFIER,WP_113643,CHP-1200N_GR,NECOA NT C/T Pebble Gray,NECOA_NTCT,PRODUCT,PRIMARY,2024-05-23 07:20:05.281000 +00:00,2024-12-20 04:12:12.071000 +00:00,Y
f9233337922cf6737dcf0c0f190e869f,,,,COLD_HOT_PURIFIED,RO filter with intelligent filter monitoring,REVERSE_OSMOSIS,COUNTER_TOP,NECOA,WATER_PURIFIER,WP_113785,CHP-1300L_BG,NECOA RO C/T Bronze Beige,NECOA_ROCT,PRODUCT,PRIMARY,2024-05-23 07:19:35.844000 +00:00,2024-11-08 01:53:20.135000 +00:00,Y
74386c17a36c6d050a520939fe99687f,,,,COLD_HOT_PURIFIED,RO filter with intelligent filter monitoring,REVERSE_OSMOSIS,COUNTER_TOP,NECOA,WATER_PURIFIER,WP_113786,CHP-1300L_BU,NECOA RO C/T Icy Blue,NECOA_ROCT,PRODUCT,PRIMARY,2024-05-23 07:08:44.856000 +00:00,2024-12-06 08:05:13.666000 +00:00,Y
396f5fda47628c2e2307ee36e9b24c2e,,,,COLD_HOT_PURIFIED,RO filter with intelligent filter monitoring,REVERSE_OSMOSIS,COUNTER_TOP,NECOA,WATER_PURIFIER,WP_113729,CHP-1300L_SL,NECOA RO C/T Iron Silver,NECOA_ROCT,PRODUCT,PRIMARY,2024-05-23 07:08:10.805000 +00:00,2024-11-04 04:32:09.505000 +00:00,Y
96e2a96cb4eac1d764cedf16a11356b1,,,,COLD_HOT_PURIFIED,RO filter with intelligent filter monitoring,REVERSE_OSMOSIS,COUNTER_TOP,NECOA,WATER_PURIFIER,WP_113627,[QA Test]CHP-1300L_GR,[QA Test]NECOA RO C/T Pebble Gray,NECOA_ROCT,PRODUCT,PRIMARY,2024-05-23 07:07:39.349000 +00:00,2024-11-04 05:42:29.462000 +00:00,Y
